,Bid,Ask,IV,Open Int,Time to Maturity (years),Log Moneyness,Strike,Mid
0,0.0,0.05,2.6312,35,0.0027397260273972603,-0.5268112871335623,1700.0,0.025
1,0.0,0.05,2.3577,42,0.0027397260273972603,-0.4696528732936137,1800.0,0.025
2,0.0,0.05,2.2318,66,0.0027397260273972603,-0.4422538991054992,1850.0,0.025
3,0.0,0.05,2.0944,22,0.0027397260273972603,-0.4155856520233379,1900.0,0.025
4,0.0,0.05,1.9698,225,0.0027397260273972603,-0.3896101656200773,1950.0,0.025
5,0.0,0.05,1.8452,69,0.0027397260273972603,-0.3642923576357874,2000.0,0.025
6,0.0,0.05,1.7432,36,0.0027397260273972603,-0.33959974504541585,2050.0,0.025
7,0.0,0.05,1.6246,56,0.0027397260273972603,-0.3155021934663554,2100.0,0.025
8,0.0,0.05,1.501,10,0.0027397260273972603,-0.29197169605616125,2150.0,0.025
9,0.0,0.05,1.4067,19,0.0027397260273972603,-0.2689821778314625,2200.0,0.025
10,0.0,0.05,1.3447,21,0.0027397260273972603,-0.2576826225775291,2225.0,0.025
11,0.0,0.05,1.2882,11,0.0027397260273972603,-0.2465093219794039,2250.0,0.025
12,0.0,0.05,1.2345,18,0.0027397260273972603,-0.23545948579281892,2275.0,0.025
13,0.0,0.05,1.1885,317,0.0027397260273972603,-0.22453041526062864,2300.0,0.025
14,0.0,0.05,1.126,291,0.0027397260273972603,-0.21371949915641303,2325.0,0.025
15,0.0,0.05,1.0764,109,0.0027397260273972603,-0.20302421003966506,2350.0,0.025
16,0.0,0.05,1.0261,52,0.0027397260273972603,-0.19244210070912812,2375.0,0.025
17,0.0,0.05,0.9918,1,0.0027397260273972603,-0.18614617225231345,2390.0,0.025
18,0.0,0.05,0.9688,8,0.0027397260273972603,-0.1819708008418327,2400.0,0.025
19,0.0,0.05,0.9497,0,0.0027397260273972603,-0.17781279069316908,2410.0,0.025
20,0.0,0.05,0.9264,11,0.0027397260273972603,-0.1736719980271376,2420.0,0.025
21,0.0,0.05,0.9162,295,0.0027397260273972603,-0.17160801380628612,2425.0,0.025
22,0.0,0.05,0.9069,30,0.0027397260273972603,-0.16954828084327558,2430.0,0.025
23,0.0,0.05,0.8858,30,0.0027397260273972603,-0.16544149889062224,2440.0,0.025
24,0.0,0.05,0.8669,34,0.0027397260273972603,-0.16135151363909703,2450.0,0.025
25,0.0,0.05,0.8491,10,0.0027397260273972603,-0.15727818825146125,2460.0,0.025
26,0.0,0.05,0.8289,7,0.0027397260273972603,-0.1532213875558468,2470.0,0.025
27,0.0,0.05,0.8168,65,0.0027397260273972603,-0.15119914217507902,2475.0,0.025
28,0.0,0.05,0.8083,19,0.0027397260273972603,-0.14918097801884186,2480.0,0.025
29,0.0,0.05,0.7872,200,0.0027397260273972603,-0.14515682771911648,2490.0,0.025
30,0.0,0.05,0.7692,304,0.0027397260273972603,-0.14114880632157759,2500.0,0.025
31,0.0,0.05,0.7467,106,0.0027397260273972603,-0.13715678505204018,2510.0,0.025
32,0.0,0.05,0.7277,11,0.0027397260273972603,-0.13318063667240068,2520.0,0.025
33,0.0,0.05,0.7174,447,0.0027397260273972603,-0.1311984754684095,2525.0,0.025
34,0.0,0.05,0.7086,84,0.0027397260273972603,-0.1292202354563038,2530.0,0.025
35,0.0,0.05,0.6979,2,0.0027397260273972603,-0.12724590115258622,2535.0,0.025
36,0.0,0.05,0.6823,79,0.0027397260273972603,-0.1252754571652875,2540.0,0.025
37,0.0,0.05,0.6775,10,0.0027397260273972603,-0.12330888819324655,2545.0,0.025
38,0.0,0.05,0.6646,257,0.0027397260273972603,-0.12134617902539786,2550.0,0.025
39,0.0,0.05,0.6575,0,0.0027397260273972603,-0.11938731454006492,2555.0,0.025
40,0.0,0.05,0.6481,1432,0.0027397260273972603,-0.11743227970426158,2560.0,0.025
41,0.0,0.05,0.6379,7,0.0027397260273972603,-0.11548105957299987,2565.0,0.025
42,0.0,0.05,0.6285,95,0.0027397260273972603,-0.11353363928860419,2570.0,0.025
43,0.0,0.05,0.6138,437,0.0027397260273972603,-0.11159000408003318,2575.0,0.025
44,0.0,0.05,0.6039,2238,0.0027397260273972603,-0.10965013926220661,2580.0,0.025
45,0.0,0.05,0.5985,1606,0.0027397260273972603,-0.10771403023534024,2585.0,0.025
46,0.0,0.05,0.5841,819,0.0027397260273972603,-0.10578166248428633,2590.0,0.025
47,0.0,0.05,0.5752,25,0.0027397260273972603,-0.10385302157788065,2595.0,0.025
48,0.0,0.05,0.5629,3189,0.0027397260273972603,-0.10192809316829628,2600.0,0.025
49,0.0,0.05,0.5532,10,0.0027397260273972603,-0.10000686299040243,2605.0,0.025
50,0.0,0.05,0.5447,445,0.0027397260273972603,-0.09808931686113065,2610.0,0.025
51,0.0,0.05,0.5348,1533,0.0027397260273972603,-0.0961754406788465,2615.0,0.025
52,0.0,0.05,0.5249,26,0.0027397260273972603,-0.09426522042272713,2620.0,0.025
53,0.0,0.05,0.5142,1303,0.0027397260273972603,-0.09235864215214558,2625.0,0.025
54,0.0,0.05,0.5043,414,0.0027397260273972603,-0.09045569200605948,2630.0,0.025
55,0.0,0.05,0.4959,1335,0.0027397260273972603,-0.08855635620240704,2635.0,0.025
56,0.0,0.05,0.4861,89,0.0027397260273972603,-0.08666062103750792,2640.0,0.025
57,0.0,0.05,0.4755,68,0.0027397260273972603,-0.08476847288546992,2645.0,0.025
58,0.0,0.05,0.4661,698,0.0027397260273972603,-0.0828798981976018,2650.0,0.025
59,0.0,0.05,0.4563,981,0.0027397260273972603,-0.08099488350183051,2655.0,0.025
60,0.0,0.05,0.4466,344,0.0027397260273972603,-0.07911341540212498,2660.0,0.025
61,0.0,0.05,0.437,120,0.0027397260273972603,-0.07723548057792484,2665.0,0.025
62,0.0,0.05,0.4283,315,0.0027397260273972603,-0.07536106578357445,2670.0,0.025
63,0.0,0.05,0.4186,1675,0.0027397260273972603,-0.07349015784776276,2675.0,0.025
64,0.0,0.05,0.409,145,0.0027397260273972603,-0.07162274367296735,2680.0,0.025
65,0.0,0.05,0.398,60,0.0027397260273972603,-0.06975881023490467,2685.0,0.025
66,0.0,0.05,0.3904,3048,0.0027397260273972603,-0.06789834458198497,2690.0,0.025
67,0.0,0.05,0.3806,341,0.0027397260273972603,-0.06604133383477213,2695.0,0.025
68,0.0,0.05,0.3711,3167,0.0027397260273972603,-0.06418776518544925,2700.0,0.025
69,0.0,0.05,0.36,67,0.0027397260273972603,-0.062337625897287814,2705.0,0.025
70,0.0,0.05,0.3505,1571,0.0027397260273972603,-0.06049090330412315,2710.0,0.025
71,0.0,0.05,0.3406,1664,0.0027397260273972603,-0.058647584809833946,2715.0,0.025
72,0.0,0.05,0.3314,3527,0.0027397260273972603,-0.05680765788782678,2720.0,0.025
73,0.0,0.05,0.3205,2697,0.0027397260273972603,-0.054971110080525236,2725.0,0.025
74,0.0,0.05,0.3109,492,0.0027397260273972603,-0.0531379289988643,2730.0,0.025
75,0.0,0.05,0.3014,1937,0.0027397260273972603,-0.05130810232178815,2735.0,0.025
76,0.0,0.05,0.292,504,0.0027397260273972603,-0.04948161779575385,2740.0,0.025
77,0.0,0.05,0.2815,1427,0.0027397260273972603,-0.04765846323423877,2745.0,0.025
78,0.0,0.05,0.2718,1351,0.0027397260273972603,-0.045838626517252706,2750.0,0.025
79,0.0,0.1,0.2811,1136,0.0027397260273972603,-0.04402209559085485,2755.0,0.05
80,0.0,0.05,0.2524,1290,0.0027397260273972603,-0.04220885846667405,2760.0,0.025
81,0.05,0.1,0.272,620,0.0027397260273972603,-0.04039890322143458,2765.0,0.07500000000000001
82,0.0,0.1,0.249,1139,0.0027397260273972603,-0.038592217996485594,2770.0,0.05
83,0.05,0.1,0.2499,1655,0.0027397260273972603,-0.0367887909973348,2775.0,0.07500000000000001
84,0.05,0.1,0.239,796,0.0027397260273972603,-0.03498861049318696,2780.0,0.07500000000000001
85,0.05,0.1,0.2274,492,0.0027397260273972603,-0.03319166481648533,2785.0,0.07500000000000001
86,0.05,0.1,0.2167,806,0.0027397260273972603,-0.03139794236245844,2790.0,0.07500000000000001
87,0.05,0.1,0.2057,458,0.0027397260273972603,-0.02960743158867024,2795.0,0.07500000000000001
88,0.05,0.1,0.1946,2807,0.0027397260273972603,-0.027820121014574394,2800.0,0.07500000000000001
89,0.05,0.15,0.1905,470,0.0027397260273972603,-0.026035999221073018,2805.0,0.1
90,0.1,0.2,0.1889,3659,0.0027397260273972603,-0.02425505485007828,2810.0,0.15000000000000002
91,0.1,0.2,0.1769,1025,0.0027397260273972603,-0.022477276604078996,2815.0,0.15000000000000002
92,0.15,0.25,0.1718,882,0.0027397260273972603,-0.020702653245710502,2820.0,0.2
93,0.25,0.3,0.1674,2535,0.0027397260273972603,-0.018931173597328366,2825.0,0.275
94,0.3,0.4,0.1608,1693,0.0027397260273972603,-0.017162826540586398,2830.0,0.35
95,0.45,0.5,0.1557,905,0.0027397260273972603,-0.015397601016017283,2835.0,0.475
96,0.55,0.7,0.1494,1820,0.0027397260273972603,-0.013635486022618026,2840.0,0.625
97,0.8,0.9,0.144,1040,0.0027397260273972603,-0.011876470617438477,2845.0,0.8500000000000001
98,1.15,1.25,0.1399,2709,0.0027397260273972603,-0.010120543915173473,2850.0,1.2
99,1.6,1.75,0.1353,1044,0.0027397260273972603,-0.008367695087759114,2855.0,1.675
100,2.3,2.45,0.1318,1446,0.0027397260273972603,-0.006617913363971453,2860.0,2.375
101,3.2,3.5,0.1286,1475,0.0027397260273972603,-0.00487118802902981,2865.0,3.35
102,4.5,4.8,0.1254,1303,0.0027397260273972603,-0.0031275084242029776,2870.0,4.65
103,6.2,6.5,0.1222,1287,0.0027397260273972603,-0.0013868639464188668,2875.0,6.35
104,8.4,8.7,0.1197,2773,0.0027397260273972603,0.0003507559521219104,2880.0,8.55
105,11.0,11.4,0.1163,3326,0.0027397260273972603,0.0020853617643302107,2885.0,11.2
106,14.2,14.6,0.1136,689,0.0027397260273972603,0.003816963928608097,2890.0,14.399999999999999
107,17.5,18.7,0.1111,210,0.0027397260273972603,0.005545572829225849,2895.0,18.1
108,21.7,23.3,0.1165,413,0.0027397260273972603,0.007271198796695605,2900.0,22.5
109,25.9,27.7,0.1115,134,0.0027397260273972603,0.00899385210814179,2905.0,26.799999999999997
110,30.8,32.5,0.1207,187,0.0027397260273972603,0.010713542987668584,2910.0,31.65
111,35.5,37.4,0.1238,8,0.0027397260273972603,0.012430281606723118,2915.0,36.45
112,40.3,42.2,0.1194,14,0.0027397260273972603,0.014144078084457773,2920.0,41.25
113,45.2,47.1,0.1141,1,0.0027397260273972603,0.01585494248808719,2925.0,46.150000000000006
114,50.4,52.1,0.1436,2,0.0027397260273972603,0.017562884833243288,2930.0,51.25
115,55.2,57.2,0.1474,1,0.0027397260273972603,0.0192679150843271,2935.0,56.2
116,60.3,62.0,0.1463,2,0.0027397260273972603,0.02097004315485755,2940.0,61.15
117,65.3,67.0,0.1565,0,0.0027397260273972603,0.022669278907817315,2945.0,66.15
118,70.2,72.2,0.181,12,0.0027397260273972603,0.02436563215599572,2950.0,71.2
119,75.2,77.1,0.1776,0,0.0027397260273972603,0.026059112662328764,2955.0,76.15
120,80.2,82.2,0.2028,0,0.0027397260273972603,0.027749730140236226,2960.0,81.2
121,85.2,87.2,0.2137,0,0.0027397260273972603,0.02943749425395619,2965.0,86.2
122,90.2,92.1,0.2086,0,0.0027397260273972603,0.031122414618875646,2970.0,91.15
123,95.2,97.1,0.2185,1,0.0027397260273972603,0.03280450080186045,2975.0,96.15
124,100.2,102.1,0.2286,0,0.0027397260273972603,0.03448376232158044,2980.0,101.15
125,105.2,107.1,0.2385,0,0.0027397260273972603,0.036160208648832744,2985.0,106.15
126,110.2,112.1,0.2482,0,0.0027397260273972603,0.03783384920686237,2990.0,111.15
127,115.2,117.1,0.2588,0,0.0027397260273972603,0.03950469337167996,2995.0,116.15
128,120.2,122.1,0.2687,0,0.0027397260273972603,0.04117275047237696,3000.0,121.15
129,125.2,127.1,0.2789,0,0.0027397260273972603,0.04283802979143815,3005.0,126.15
130,130.2,132.1,0.2888,0,0.0027397260273972603,0.04450054056505159,3010.0,131.14999999999998
131,135.2,137.1,0.2986,0,0.0027397260273972603,0.04616029198341618,3015.0,136.14999999999998
132,140.2,142.1,0.3084,0,0.0027397260273972603,0.04781729319104567,3020.0,141.14999999999998
133,145.2,147.1,0.3174,0,0.0027397260273972603,0.04947155328707216,3025.0,146.14999999999998
134,150.1,152.0,0.0,0,0.0027397260273972603,0.051123081325545126,3030.0,151.05
135,155.3,157.0,0.3373,0,0.0027397260273972603,0.05277188631572892,3035.0,156.15
136,160.3,162.0,0.3471,0,0.0027397260273972603,0.05441797722239764,3040.0,161.15
137,170.2,172.1,0.366,0,0.0027397260273972603,0.05770205242358753,3050.0,171.14999999999998
138,180.2,182.1,0.385,0,0.0027397260273972603,0.06097537776855663,3060.0,181.14999999999998
139,190.2,192.1,0.4037,0,0.0027397260273972603,0.06423802340337319,3070.0,191.14999999999998
140,195.2,197.1,0.4129,0,0.0027397260273972603,0.06586536306274857,3075.0,196.14999999999998
141,200.2,202.1,0.4242,0,0.0027397260273972603,0.06749005878975045,3080.0,201.14999999999998
142,210.2,212.1,0.4411,0,0.0027397260273972603,0.07073155271392141,3090.0,211.14999999999998
143,220.2,222.1,0.4612,0,0.0027397260273972603,0.07396257329536783,3100.0,221.14999999999998
144,245.2,247.2,0.5341,0,0.0027397260273972603,0.08199474499263221,3125.0,246.2
145,270.2,272.1,0.5533,0,0.0027397260273972603,0.08996291464180897,3150.0,271.15
146,295.1,297.2,0.5956,0,0.0027397260273972603,0.09786809414892235,3175.0,296.15
147,320.0,322.1,0.0,0,0.0027397260273972603,0.10571127160994814,3200.0,321.05
148,365.5,376.8,0.7307,0,0.0027397260273972603,0.1212154581459134,3250.0,371.15
149,415.7,427.0,0.9216,0,0.0027397260273972603,0.13648293027670183,3300.0,421.35
150,0.0,0.05,4.2225,0,0.00821917808219178,-1.4141144821344651,700.0,0.025
151,0.0,0.05,3.8465,0,0.00821917808219178,-1.2805830895099424,800.0,0.025
152,0.0,0.05,3.626,0,0.00821917808219178,-1.2199584676935076,850.0,0.025
153,0.0,0.05,3.501,0,0.00821917808219178,-1.162800053853559,900.0,0.025
154,0.0,0.05,3.3193,0,0.00821917808219178,-1.1087328325832833,950.0,0.025
155,0.0,0.05,3.1785,0,0.00821917808219178,-1.0574395381957327,1000.0,0.025
156,0.0,0.05,3.0243,0,0.00821917808219178,-1.0086493740263007,1050.0,0.025
157,0.0,0.05,2.8854,0,0.00821917808219178,-0.9621293583914078,1100.0,0.025
158,0.0,0.05,2.7541,0,0.00821917808219178,-0.917677595820574,1150.0,0.025
159,0.0,0.05,2.6354,72,0.00821917808219178,-0.875117981401778,1200.0,0.025
160,0.0,0.05,2.5116,0,0.00821917808219178,-0.8342959868815228,1250.0,0.025
161,0.0,0.05,2.3992,269,0.00821917808219178,-0.7950752737282416,1300.0,0.025
162,0.0,0.05,2.3004,177,0.00821917808219178,-0.7573349457453945,1350.0,0.025
163,0.0,0.05,2.1952,408,0.00821917808219178,-0.7209673015745197,1400.0,0.025
164,0.0,0.05,2.094,283,0.00821917808219178,-0.6858759817632497,1450.0,0.025
165,0.0,0.05,2.001,9851,0.00821917808219178,-0.6519744300875684,1500.0,0.025
166,0.0,0.05,1.9385,327,0.00821917808219178,-0.6354451281363578,1525.0,0.025
167,0.0,0.05,1.9057,374,0.00821917808219178,-0.6191846072645775,1550.0,0.025
168,0.0,0.05,1.8571,70,0.00821917808219178,-0.6031842659181363,1575.0,0.025
169,0.0,0.05,1.8134,10428,0.00821917808219178,-0.5874359089499972,1600.0,0.025
170,0.0,0.05,1.76,72,0.00821917808219178,-0.5719317224140319,1625.0,0.025
171,0.0,0.05,1.7237,18508,0.00821917808219178,-0.5566642502832435,1650.0,0.025
172,0.0,0.05,1.6647,97,0.00821917808219178,-0.541626372918703,1675.0,0.025
173,0.0,0.05,1.6267,551,0.00821917808219178,-0.5268112871335623,1700.0,0.025
174,0.0,0.05,1.5899,837,0.00821917808219178,-0.5122124877124096,1725.0,0.025
175,0.0,0.05,1.547,155,0.00821917808219178,-0.49782375026031,1750.0,0.025
176,0.0,0.05,1.501,809,0.00821917808219178,-0.48363911526835357,1775.0,0.025
177,0.0,0.05,1.4614,4204,0.00821917808219178,-0.4696528732936137,1800.0,0.025
178,0.0,0.05,1.419,90,0.00821917808219178,-0.45585955116127785,1825.0,0.025
179,0.0,0.05,1.376,1693,0.00821917808219178,-0.4422538991054992,1850.0,0.025
180,0.0,0.05,1.342,53,0.00821917808219178,-0.42883087877335857,1875.0,0.025
181,0.0,0.05,1.2979,2074,0.00821917808219178,-0.4155856520233379,1900.0,0.025
182,0.0,0.05,1.2605,70,0.00821917808219178,-0.4025135704559851,1925.0,0.025
183,0.0,0.05,1.2197,109,0.00821917808219178,-0.3896101656200773,1950.0,0.025
184,0.0,0.05,1.1885,43,0.00821917808219178,-0.3768711398426475,1975.0,0.025
185,0.0,0.05,1.1465,906,0.00821917808219178,-0.3642923576357874,2000.0,0.025
186,0.0,0.05,1.0767,1628,0.00821917808219178,-0.33959974504541585,2050.0,0.025
187,0.0,0.05,1.0322,2820,0.00821917808219178,-0.32747838451307104,2075.0,0.025
188,0.0,0.05,0.9993,6989,0.00821917808219178,-0.3155021934663554,2100.0,0.025
189,0.0,0.05,0.965,1838,0.00821917808219178,-0.3036677358193525,2125.0,0.025
190,0.0,0.05,0.9298,5203,0.00821917808219178,-0.29197169605616125,2150.0,0.025
191,0.0,0.05,0.8959,638,0.00821917808219178,-0.28041087365508527,2175.0,0.025
192,0.0,0.05,0.878,10,0.00821917808219178,-0.2735379943673232,2190.0,0.025
193,0.0,0.05,0.8645,1294,0.00821917808219178,-0.2689821778314625,2200.0,0.025
194,0.0,0.05,0.8492,13,0.00821917808219178,-0.2644470226660713,2210.0,0.025
195,0.0,0.05,0.8351,351,0.00821917808219178,-0.25993234231154455,2220.0,0.025
196,0.0,0.05,0.8296,424,0.00821917808219178,-0.2576826225775291,2225.0,0.025
197,0.0,0.05,0.8215,41,0.00821917808219178,-0.2554379527237053,2230.0,0.025
198,0.0,0.05,0.808,31,0.00821917808219178,-0.25096367232878414,2240.0,0.025
199,0.0,0.05,0.7953,1122,0.00821917808219178,-0.2465093219794039,2250.0,0.025
200,0.0,0.05,0.7833,434,0.00821917808219178,-0.2420747249115382,2260.0,0.025
201,0.0,0.05,0.77,26,0.00821917808219178,-0.23765970670242131,2270.0,0.025
202,0.0,0.05,0.7638,264,0.00821917808219178,-0.23545948579281892,2275.0,0.025
203,0.0,0.05,0.7543,2970,0.00821917808219178,-0.2332640952293833,2280.0,0.025
204,0.0,0.05,0.7444,5582,0.00821917808219178,-0.22888772062958446,2290.0,0.025
205,0.0,0.05,0.7293,987,0.00821917808219178,-0.22453041526062864,2300.0,0.025
206,0.0,0.05,0.715,134,0.00821917808219178,-0.22019201366203053,2310.0,0.025
207,0.0,0.05,0.7047,260,0.00821917808219178,-0.21587235251751405,2320.0,0.025
208,0.0,0.05,0.6969,385,0.00821917808219178,-0.21371949915641303,2325.0,0.025
209,0.0,0.05,0.6916,2968,0.00821917808219178,-0.21157127061812347,2330.0,0.025
210,0.0,0.05,0.6835,10034,0.00821917808219178,-0.20942764707487208,2335.0,0.025
211,0.0,0.05,0.679,543,0.00821917808219178,-0.20728860882612268,2340.0,0.025
212,0.0,0.05,0.6716,207,0.00821917808219178,-0.20515413629748994,2345.0,0.025
213,0.0,0.05,0.6654,7072,0.00821917808219178,-0.20302421003966506,2350.0,0.025
214,0.0,0.05,0.6579,53,0.00821917808219178,-0.2008988107273516,2355.0,0.025
215,0.0,0.05,0.6515,162,0.00821917808219178,-0.198777919158214,2360.0,0.025
216,0.0,0.05,0.6465,167,0.00821917808219178,-0.19666151625183645,2365.0,0.025
217,0.0,0.05,0.6403,1610,0.00821917808219178,-0.1945495830486928,2370.0,0.025
218,0.0,0.05,0.6337,2702,0.00821917808219178,-0.19244210070912812,2375.0,0.025
219,0.0,0.05,0.6266,259,0.00821917808219178,-0.19033905051234934,2380.0,0.025
220,0.0,0.05,0.6196,44,0.00821917808219178,-0.18824041385542817,2385.0,0.025
221,0.0,0.05,0.6129,2078,0.00821917808219178,-0.18614617225231345,2390.0,0.025
222,0.0,0.05,0.6081,495,0.00821917808219178,-0.18405630733285408,2395.0,0.025
223,0.0,0.05,0.6012,8681,0.00821917808219178,-0.1819708008418327,2400.0,0.025
224,0.0,0.05,0.5956,10,0.00821917808219178,-0.17988963463800817,2405.0,0.025
225,0.0,0.05,0.5893,223,0.00821917808219178,-0.17781279069316908,2410.0,0.025
226,0.0,0.05,0.583,14,0.00821917808219178,-0.17574025109119673,2415.0,0.025
227,0.0,0.05,0.5762,915,0.00821917808219178,-0.1736719980271376,2420.0,0.025
228,0.0,0.05,0.5703,554,0.00821917808219178,-0.17160801380628612,2425.0,0.025
229,0.0,0.05,0.5631,120,0.00821917808219178,-0.16954828084327558,2430.0,0.025
230,0.0,0.05,0.5568,14,0.00821917808219178,-0.1674927816611796,2435.0,0.025
231,0.0,0.05,0.5505,2127,0.00821917808219178,-0.16544149889062224,2440.0,0.025
232,0.0,0.05,0.5441,1834,0.00821917808219178,-0.16339441526889728,2445.0,0.025
233,0.0,0.05,0.5377,1097,0.00821917808219178,-0.16135151363909703,2450.0,0.025
234,0.0,0.05,0.5317,4006,0.00821917808219178,-0.15931277694924878,2455.0,0.025
235,0.0,0.05,0.5251,235,0.00821917808219178,-0.15727818825146125,2460.0,0.025
236,0.0,0.05,0.5193,865,0.00821917808219178,-0.1552477307010793,2465.0,0.025
237,0.0,0.05,0.5128,166,0.00821917808219178,-0.1532213875558468,2470.0,0.025
238,0.0,0.05,0.5068,414,0.00821917808219178,-0.15119914217507902,2475.0,0.025
239,0.0,0.05,0.5,79,0.00821917808219178,-0.14918097801884186,2480.0,0.025
240,0.0,0.05,0.4938,251,0.00821917808219178,-0.14716687864714065,2485.0,0.025
241,0.0,0.05,0.488,96,0.00821917808219178,-0.14515682771911648,2490.0,0.025
242,0.0,0.05,0.4791,457,0.00821917808219178,-0.14315080899225063,2495.0,0.025
243,0.0,0.05,0.4751,4323,0.00821917808219178,-0.14114880632157759,2500.0,0.025
244,0.0,0.05,0.4669,47,0.00821917808219178,-0.13915080365890456,2505.0,0.025
245,0.0,0.05,0.4625,1264,0.00821917808219178,-0.13715678505204018,2510.0,0.025
246,0.0,0.05,0.4535,1232,0.00821917808219178,-0.1351667346440302,2515.0,0.025
247,0.0,0.05,0.4502,1995,0.00821917808219178,-0.13318063667240068,2520.0,0.025
248,0.0,0.05,0.442,6885,0.00821917808219178,-0.1311984754684095,2525.0,0.025
249,0.0,0.05,0.436,1225,0.00821917808219178,-0.1292202354563038,2530.0,0.025
250,0.0,0.05,0.4321,195,0.00821917808219178,-0.12724590115258622,2535.0,0.025
251,0.0,0.05,0.4229,1260,0.00821917808219178,-0.1252754571652875,2540.0,0.025
252,0.0,0.05,0.4181,286,0.00821917808219178,-0.12330888819324655,2545.0,0.025
253,0.0,0.05,0.4122,3783,0.00821917808219178,-0.12134617902539786,2550.0,0.025
254,0.0,0.05,0.406,220,0.00821917808219178,-0.11938731454006492,2555.0,0.025
255,0.0,0.1,0.4236,1439,0.00821917808219178,-0.11743227970426158,2560.0,0.05
256,0.0,0.1,0.4173,363,0.00821917808219178,-0.11548105957299987,2565.0,0.05
257,0.0,0.1,0.4108,160,0.00821917808219178,-0.11353363928860419,2570.0,0.05
258,0.0,0.1,0.4034,3435,0.00821917808219178,-0.11159000408003318,2575.0,0.05
259,0.0,0.1,0.397,1935,0.00821917808219178,-0.10965013926220661,2580.0,0.05
260,0.0,0.1,0.3915,602,0.00821917808219178,-0.10771403023534024,2585.0,0.05
261,0.0,0.1,0.3851,662,0.00821917808219178,-0.10578166248428633,2590.0,0.05
262,0.0,0.1,0.3788,605,0.00821917808219178,-0.10385302157788065,2595.0,0.05
263,0.05,0.1,0.3861,19529,0.00821917808219178,-0.10192809316829628,2600.0,0.07500000000000001
264,0.0,0.1,0.3656,115,0.00821917808219178,-0.10000686299040243,2605.0,0.05
265,0.0,0.1,0.3592,428,0.00821917808219178,-0.09808931686113065,2610.0,0.05
266,0.0,0.1,0.3528,2252,0.00821917808219178,-0.0961754406788465,2615.0,0.05
267,0.05,0.1,0.3603,2518,0.00821917808219178,-0.09426522042272713,2620.0,0.07500000000000001
268,0.0,0.1,0.3392,7593,0.00821917808219178,-0.09235864215214558,2625.0,0.05
269,0.05,0.1,0.3465,528,0.00821917808219178,-0.09045569200605948,2630.0,0.07500000000000001
270,0.05,0.1,0.3401,359,0.00821917808219178,-0.08855635620240704,2635.0,0.07500000000000001
271,0.05,0.1,0.3335,644,0.00821917808219178,-0.08666062103750792,2640.0,0.07500000000000001
272,0.0,0.1,0.3137,417,0.00821917808219178,-0.08476847288546992,2645.0,0.05
273,0.05,0.1,0.3203,9519,0.00821917808219178,-0.0828798981976018,2650.0,0.07500000000000001
274,0.05,0.1,0.3133,346,0.00821917808219178,-0.08099488350183051,2655.0,0.07500000000000001
275,0.05,0.1,0.3067,1681,0.00821917808219178,-0.07911341540212498,2660.0,0.07500000000000001
276,0.05,0.1,0.3002,460,0.00821917808219178,-0.07723548057792484,2665.0,0.07500000000000001
277,0.05,0.1,0.2943,475,0.00821917808219178,-0.07536106578357445,2670.0,0.07500000000000001
278,0.05,0.1,0.2873,9249,0.00821917808219178,-0.07349015784776276,2675.0,0.07500000000000001
279,0.05,0.1,0.2811,913,0.00821917808219178,-0.07162274367296735,2680.0,0.07500000000000001
280,0.05,0.15,0.2825,379,0.00821917808219178,-0.06975881023490467,2685.0,0.1
281,0.05,0.15,0.2757,1930,0.00821917808219178,-0.06789834458198497,2690.0,0.1
282,0.05,0.15,0.2692,489,0.00821917808219178,-0.06604133383477213,2695.0,0.1
283,0.05,0.15,0.2624,9866,0.00821917808219178,-0.06418776518544925,2700.0,0.1
284,0.05,0.15,0.2557,695,0.00821917808219178,-0.062337625897287814,2705.0,0.1
285,0.05,0.15,0.2489,9118,0.00821917808219178,-0.06049090330412315,2710.0,0.1
286,0.05,0.15,0.2419,1685,0.00821917808219178,-0.058647584809833946,2715.0,0.1
287,0.05,0.15,0.2351,914,0.00821917808219178,-0.05680765788782678,2720.0,0.1
288,0.1,0.2,0.2394,16087,0.00821917808219178,-0.054971110080525236,2725.0,0.15000000000000002
289,0.1,0.2,0.2323,3261,0.00821917808219178,-0.0531379289988643,2730.0,0.15000000000000002
290,0.1,0.2,0.2253,562,0.00821917808219178,-0.05130810232178815,2735.0,0.15000000000000002
291,0.1,0.2,0.2182,1113,0.00821917808219178,-0.04948161779575385,2740.0,0.15000000000000002
292,0.1,0.25,0.2151,2425,0.00821917808219178,-0.04765846323423877,2745.0,0.175
293,0.15,0.25,0.2114,9678,0.00821917808219178,-0.045838626517252706,2750.0,0.2
294,0.2,0.25,0.2072,499,0.00821917808219178,-0.04402209559085485,2755.0,0.225
295,0.2,0.3,0.2028,1734,0.00821917808219178,-0.04220885846667405,2760.0,0.25
296,0.2,0.3,0.1953,1842,0.00821917808219178,-0.04039890322143458,2765.0,0.25
297,0.25,0.3,0.1902,2161,0.00821917808219178,-0.038592217996485594,2770.0,0.275
298,0.3,0.4,0.1891,6605,0.00821917808219178,-0.0367887909973348,2775.0,0.35
299,0.3,0.4,0.1811,1886,0.00821917808219178,-0.03498861049318696,2780.0,0.35
300,0.4,0.5,0.1801,739,0.00821917808219178,-0.03319166481648533,2785.0,0.45
301,0.45,0.55,0.175,2607,0.00821917808219178,-0.03139794236245844,2790.0,0.5
302,0.5,0.65,0.1707,1245,0.00821917808219178,-0.02960743158867024,2795.0,0.575
303,0.6,0.75,0.1669,14279,0.00821917808219178,-0.027820121014574394,2800.0,0.675
304,0.75,0.85,0.1633,3492,0.00821917808219178,-0.026035999221073018,2805.0,0.8
305,0.9,1.0,0.1597,1774,0.00821917808219178,-0.02425505485007828,2810.0,0.95
306,1.05,1.2,0.1559,1654,0.00821917808219178,-0.022477276604078996,2815.0,1.125
307,1.25,1.35,0.1512,1387,0.00821917808219178,-0.020702653245710502,2820.0,1.3
308,1.5,1.65,0.1481,10826,0.00821917808219178,-0.018931173597328366,2825.0,1.575
309,1.85,1.95,0.1447,5121,0.00821917808219178,-0.017162826540586398,2830.0,1.9
310,2.2,2.35,0.141,2142,0.00821917808219178,-0.015397601016017283,2835.0,2.2750000000000004
311,2.65,2.8,0.1372,1937,0.00821917808219178,-0.013635486022618026,2840.0,2.7249999999999996
312,3.2,3.4,0.1338,1363,0.00821917808219178,-0.011876470617438477,2845.0,3.3
313,3.9,4.1,0.1305,6380,0.00821917808219178,-0.010120543915173473,2850.0,4.0
314,4.7,4.9,0.1266,3627,0.00821917808219178,-0.008367695087759114,2855.0,4.800000000000001
315,5.7,5.9,0.1231,2792,0.00821917808219178,-0.006617913363971453,2860.0,5.800000000000001
316,6.9,7.2,0.1201,845,0.00821917808219178,-0.00487118802902981,2865.0,7.050000000000001
317,8.4,8.7,0.1171,1707,0.00821917808219178,-0.0031275084242029776,2870.0,8.55
318,10.1,10.5,0.114,7996,0.00821917808219178,-0.0013868639464188668,2875.0,10.3
319,12.3,12.6,0.1117,567,0.00821917808219178,0.0003507559521219104,2880.0,12.45
320,14.7,15.1,0.1091,802,0.00821917808219178,0.0020853617643302107,2885.0,14.899999999999999
321,17.5,17.9,0.1066,2515,0.00821917808219178,0.003816963928608097,2890.0,17.7
322,20.7,21.1,0.1045,259,0.00821917808219178,0.005545572829225849,2895.0,20.9
323,23.9,25.3,0.1045,2471,0.00821917808219178,0.007271198796695605,2900.0,24.6
324,27.7,29.2,0.1028,100,0.00821917808219178,0.00899385210814179,2905.0,28.45
325,31.9,33.4,0.1024,92,0.00821917808219178,0.010713542987668584,2910.0,32.65
326,36.2,37.9,0.102,43,0.00821917808219178,0.012430281606723118,2915.0,37.05
327,40.7,42.5,0.1013,19,0.00821917808219178,0.014144078084457773,2920.0,41.6
328,45.4,47.3,0.1028,10,0.00821917808219178,0.01585494248808719,2925.0,46.349999999999994
329,50.3,52.0,0.1035,25,0.00821917808219178,0.017562884833243288,2930.0,51.15
330,55.1,56.9,0.1035,17,0.00821917808219178,0.0192679150843271,2935.0,56.0
331,60.0,61.9,0.1078,0,0.00821917808219178,0.02097004315485755,2940.0,60.95
332,64.9,66.9,0.111,0,0.00821917808219178,0.022669278907817315,2945.0,65.9
333,69.9,71.7,0.1046,24,0.00821917808219178,0.02436563215599572,2950.0,70.80000000000001
334,75.0,76.7,0.1197,8,0.00821917808219178,0.026059112662328764,2955.0,75.85
335,79.7,81.7,0.0,0,0.00821917808219178,0.027749730140236226,2960.0,80.7
336,84.9,86.7,0.1243,0,0.00821917808219178,0.02943749425395619,2965.0,85.80000000000001
337,89.6,91.6,0.0,232,0.00821917808219178,0.031122414618875646,2970.0,90.6
338,94.8,96.8,0.1373,24,0.00821917808219178,0.03280450080186045,2975.0,95.8
339,99.8,101.7,0.1278,232,0.00821917808219178,0.03448376232158044,2980.0,100.75
340,104.9,106.6,0.134,12,0.00821917808219178,0.036160208648832744,2985.0,105.75
341,109.9,111.8,0.1666,0,0.00821917808219178,0.03783384920686237,2990.0,110.85
342,114.9,116.6,0.1465,0,0.00821917808219178,0.03950469337167996,2995.0,115.75
343,119.9,121.6,0.1525,1,0.00821917808219178,0.04117275047237696,3000.0,120.75
344,124.8,126.7,0.1584,0,0.00821917808219178,0.04283802979143815,3005.0,125.75
345,129.9,131.6,0.1644,0,0.00821917808219178,0.04450054056505159,3010.0,130.75
346,134.9,136.7,0.1889,0,0.00821917808219178,0.04616029198341618,3015.0,135.8
347,139.8,141.7,0.1763,0,0.00821917808219178,0.04781729319104567,3020.0,140.75
348,144.6,146.7,0.0,0,0.00821917808219178,0.04947155328707216,3025.0,145.64999999999998
349,149.9,151.6,0.1883,0,0.00821917808219178,0.051123081325545126,3030.0,150.75
350,154.9,156.6,0.1956,0,0.00821917808219178,0.05277188631572892,3035.0,155.75
351,159.9,161.6,0.2017,0,0.00821917808219178,0.05441797722239764,3040.0,160.75
352,164.6,166.7,0.0,0,0.00821917808219178,0.05606136296612764,3045.0,165.64999999999998
353,169.9,171.6,0.2139,0,0.00821917808219178,0.05770205242358753,3050.0,170.75
354,174.6,176.6,0.0,0,0.00821917808219178,0.059340054427825896,3055.0,175.6
355,179.9,181.6,0.2258,0,0.00821917808219178,0.06097537776855663,3060.0,180.75
356,184.9,186.6,0.232,0,0.00821917808219178,0.06260803119244214,3065.0,185.75
357,189.9,191.6,0.238,0,0.00821917808219178,0.06423802340337319,3070.0,190.75
358,194.9,196.6,0.2438,0,0.00821917808219178,0.06586536306274857,3075.0,195.75
359,199.9,201.6,0.2497,0,0.00821917808219178,0.06749005878975045,3080.0,200.75
360,204.9,206.6,0.2556,0,0.00821917808219178,0.06911211916161847,3085.0,205.75
361,209.9,211.6,0.2615,0,0.00821917808219178,0.07073155271392141,3090.0,210.75
362,214.8,216.7,0.2674,0,0.00821917808219178,0.07234836794082672,3095.0,215.75
363,219.8,221.6,0.0,0,0.00821917808219178,0.07396257329536783,3100.0,220.7
364,224.8,226.6,0.0,0,0.00821917808219178,0.07557417718970934,3105.0,225.7
365,229.8,231.6,0.0,0,0.00821917808219178,0.07718318799541,3110.0,230.7
366,239.8,241.7,0.2989,0,0.00821917808219178,0.08039346362565838,3120.0,240.75
367,244.8,246.7,0.3048,0,0.00821917808219178,0.08199474499263221,3125.0,245.75
368,269.8,271.5,0.0,0,0.00821917808219178,0.08996291464180897,3150.0,270.65
369,294.7,296.8,0.3629,0,0.00821917808219178,0.09786809414892235,3175.0,295.75
370,319.6,321.8,0.3479,0,0.00821917808219178,0.10571127160994814,3200.0,320.70000000000005
371,340.5,351.8,0.5141,0,0.00821917808219178,0.1134934120520032,3225.0,346.15
372,365.0,376.4,0.4145,0,0.00821917808219178,0.1212154581459134,3250.0,370.7
373,390.0,401.4,0.4431,0,0.00821917808219178,0.12887833089148262,3275.0,395.7
374,415.6,427.0,0.6266,4,0.00821917808219178,0.13648293027670183,3300.0,421.3
375,465.2,476.6,0.6155,0,0.00821917808219178,0.15152080764124234,3350.0,470.9
376,515.7,527.1,0.7599,0,0.00821917808219178,0.166335893426383,3400.0,521.4000000000001
377,565.3,576.7,0.7513,0,0.00821917808219178,0.1809346928475357,3450.0,571.0
378,615.1,626.5,0.7472,0,0.00821917808219178,0.19532343029963528,3500.0,620.8
379,714.9,726.3,0.6416,0,0.00821917808219178,0.22349430726633163,3600.0,720.5999999999999
380,815.6,827.0,1.0785,0,0.00821917808219178,0.25089328145444606,3700.0,821.3
381,0.0,0.05,1.1726,34,0.01643835616438356,-0.5268112871335623,1700.0,0.025
382,0.0,0.05,1.0479,58,0.01643835616438356,-0.4696528732936137,1800.0,0.025
383,0.0,0.05,0.9893,81,0.01643835616438356,-0.4422538991054992,1850.0,0.025
384,0.0,0.05,0.9335,70,0.01643835616438356,-0.4155856520233379,1900.0,0.025
385,0.0,0.05,0.8782,50,0.01643835616438356,-0.3896101656200773,1950.0,0.025
386,0.0,0.05,0.8241,28,0.01643835616438356,-0.3642923576357874,2000.0,0.025
387,0.0,0.05,0.7745,39,0.01643835616438356,-0.33959974504541585,2050.0,0.025
388,0.0,0.05,0.7229,6825,0.01643835616438356,-0.3155021934663554,2100.0,0.025
389,0.0,0.05,0.6723,7,0.01643835616438356,-0.29197169605616125,2150.0,0.025
390,0.0,0.05,0.6212,27,0.01643835616438356,-0.2689821778314625,2200.0,0.025
391,0.0,0.05,0.5747,30,0.01643835616438356,-0.2465093219794039,2250.0,0.025
392,0.0,0.05,0.5505,10,0.01643835616438356,-0.23545948579281892,2275.0,0.025
393,0.0,0.05,0.5267,18,0.01643835616438356,-0.22453041526062864,2300.0,0.025
394,0.0,0.05,0.5028,34,0.01643835616438356,-0.21371949915641303,2325.0,0.025
395,0.0,0.1,0.5048,14,0.01643835616438356,-0.20302421003966506,2350.0,0.05
396,0.0,0.1,0.4806,2,0.01643835616438356,-0.19244210070912812,2375.0,0.05
397,0.0,0.1,0.4664,0,0.01643835616438356,-0.18614617225231345,2390.0,0.05
398,0.0,0.1,0.4558,120,0.01643835616438356,-0.1819708008418327,2400.0,0.05
399,0.0,0.1,0.4461,0,0.01643835616438356,-0.17781279069316908,2410.0,0.05
400,0.0,0.1,0.4366,0,0.01643835616438356,-0.1736719980271376,2420.0,0.05
401,0.0,0.1,0.4316,26,0.01643835616438356,-0.17160801380628612,2425.0,0.05
402,0.0,0.1,0.4268,0,0.01643835616438356,-0.16954828084327558,2430.0,0.05
403,0.0,0.1,0.4173,0,0.01643835616438356,-0.16544149889062224,2440.0,0.05
404,0.0,0.1,0.4089,31,0.01643835616438356,-0.16135151363909703,2450.0,0.05
405,0.0,0.1,0.3985,3000,0.01643835616438356,-0.15727818825146125,2460.0,0.05
406,0.0,0.1,0.3902,0,0.01643835616438356,-0.1532213875558468,2470.0,0.05
407,0.0,0.1,0.3849,67,0.01643835616438356,-0.15119914217507902,2475.0,0.05
408,0.0,0.1,0.3805,100,0.01643835616438356,-0.14918097801884186,2480.0,0.05
409,0.0,0.1,0.3712,70,0.01643835616438356,-0.14515682771911648,2490.0,0.05
410,0.0,0.1,0.3618,127,0.01643835616438356,-0.14114880632157759,2500.0,0.05
411,0.0,0.1,0.3513,15,0.01643835616438356,-0.13715678505204018,2510.0,0.05
412,0.05,0.1,0.3547,158,0.01643835616438356,-0.13318063667240068,2520.0,0.07500000000000001
413,0.0,0.1,0.3374,58,0.01643835616438356,-0.1311984754684095,2525.0,0.05
414,0.0,0.1,0.3329,126,0.01643835616438356,-0.1292202354563038,2530.0,0.05
415,0.0,0.1,0.3284,0,0.01643835616438356,-0.12724590115258622,2535.0,0.05
416,0.0,0.1,0.3231,0,0.01643835616438356,-0.1252754571652875,2540.0,0.05
417,0.05,0.1,0.331,216,0.01643835616438356,-0.12330888819324655,2545.0,0.07500000000000001
418,0.05,0.1,0.3262,21,0.01643835616438356,-0.12134617902539786,2550.0,0.07500000000000001
419,0.0,0.15,0.321,20,0.01643835616438356,-0.11938731454006492,2555.0,0.075
420,0.05,0.15,0.3254,214,0.01643835616438356,-0.11743227970426158,2560.0,0.1
421,0.0,0.15,0.3117,401,0.01643835616438356,-0.11548105957299987,2565.0,0.075
422,0.0,0.15,0.3067,132,0.01643835616438356,-0.11353363928860419,2570.0,0.075
423,0.05,0.1,0.3024,177,0.01643835616438356,-0.11159000408003318,2575.0,0.07500000000000001
424,0.05,0.15,0.3057,32,0.01643835616438356,-0.10965013926220661,2580.0,0.1
425,0.05,0.15,0.3014,5,0.01643835616438356,-0.10771403023534024,2585.0,0.1
426,0.05,0.15,0.2965,25,0.01643835616438356,-0.10578166248428633,2590.0,0.1
427,0.05,0.15,0.2911,20,0.01643835616438356,-0.10385302157788065,2595.0,0.1
428,0.05,0.15,0.2862,288,0.01643835616438356,-0.10192809316829628,2600.0,0.1
429,0.05,0.15,0.2813,12,0.01643835616438356,-0.10000686299040243,2605.0,0.1
430,0.05,0.15,0.2764,375,0.01643835616438356,-0.09808931686113065,2610.0,0.1
431,0.05,0.15,0.2716,0,0.01643835616438356,-0.0961754406788465,2615.0,0.1
432,0.05,0.15,0.2667,37,0.01643835616438356,-0.09426522042272713,2620.0,0.1
433,0.05,0.15,0.262,1050,0.01643835616438356,-0.09235864215214558,2625.0,0.1
434,0.05,0.2,0.2633,564,0.01643835616438356,-0.09045569200605948,2630.0,0.125
435,0.05,0.2,0.2582,16,0.01643835616438356,-0.08855635620240704,2635.0,0.125
436,0.05,0.2,0.2533,155,0.01643835616438356,-0.08666062103750792,2640.0,0.125
437,0.05,0.2,0.2484,58,0.01643835616438356,-0.08476847288546992,2645.0,0.125
438,0.1,0.2,0.2482,1065,0.01643835616438356,-0.0828798981976018,2650.0,0.15000000000000002
439,0.1,0.15,0.2384,749,0.01643835616438356,-0.08099488350183051,2655.0,0.125
440,0.1,0.2,0.2382,168,0.01643835616438356,-0.07911341540212498,2660.0,0.15000000000000002
441,0.1,0.2,0.2332,149,0.01643835616438356,-0.07723548057792484,2665.0,0.15000000000000002
442,0.1,0.2,0.2281,15,0.01643835616438356,-0.07536106578357445,2670.0,0.15000000000000002
443,0.1,0.2,0.2231,1007,0.01643835616438356,-0.07349015784776276,2675.0,0.15000000000000002
444,0.1,0.25,0.2221,1069,0.01643835616438356,-0.07162274367296735,2680.0,0.175
445,0.15,0.25,0.2204,45,0.01643835616438356,-0.06975881023490467,2685.0,0.2
446,0.15,0.25,0.2152,840,0.01643835616438356,-0.06789834458198497,2690.0,0.2
447,0.15,0.25,0.21,50,0.01643835616438356,-0.06604133383477213,2695.0,0.2
448,0.15,0.3,0.2077,2046,0.01643835616438356,-0.06418776518544925,2700.0,0.22499999999999998
449,0.2,0.3,0.205,164,0.01643835616438356,-0.062337625897287814,2705.0,0.25
450,0.2,0.3,0.1997,364,0.01643835616438356,-0.06049090330412315,2710.0,0.25
451,0.2,0.3,0.1946,198,0.01643835616438356,-0.058647584809833946,2715.0,0.25
452,0.25,0.35,0.1937,170,0.01643835616438356,-0.05680765788782678,2720.0,0.3
453,0.25,0.35,0.1883,5217,0.01643835616438356,-0.054971110080525236,2725.0,0.3
454,0.3,0.4,0.1868,469,0.01643835616438356,-0.0531379289988643,2730.0,0.35
455,0.3,0.4,0.1813,92,0.01643835616438356,-0.05130810232178815,2735.0,0.35
456,0.35,0.45,0.179,2491,0.01643835616438356,-0.04948161779575385,2740.0,0.4
457,0.4,0.5,0.1764,245,0.01643835616438356,-0.04765846323423877,2745.0,0.45
458,0.45,0.55,0.1734,4020,0.01643835616438356,-0.045838626517252706,2750.0,0.5
459,0.45,0.6,0.1688,59,0.01643835616438356,-0.04402209559085485,2755.0,0.525
460,0.55,0.65,0.1665,324,0.01643835616438356,-0.04220885846667405,2760.0,0.6000000000000001
461,0.6,0.7,0.1627,152,0.01643835616438356,-0.04039890322143458,2765.0,0.6499999999999999
462,0.65,0.75,0.1586,193,0.01643835616438356,-0.038592217996485594,2770.0,0.7
463,0.75,0.85,0.1561,839,0.01643835616438356,-0.0367887909973348,2775.0,0.8
464,0.85,0.95,0.1531,854,0.01643835616438356,-0.03498861049318696,2780.0,0.8999999999999999
465,0.95,1.05,0.1497,1450,0.01643835616438356,-0.03319166481648533,2785.0,1.0
466,1.05,1.2,0.1465,210,0.01643835616438356,-0.03139794236245844,2790.0,1.125
467,1.2,1.35,0.1435,754,0.01643835616438356,-0.02960743158867024,2795.0,1.275
468,1.4,1.5,0.1405,3346,0.01643835616438356,-0.027820121014574394,2800.0,1.45
469,1.6,1.7,0.1375,466,0.01643835616438356,-0.026035999221073018,2805.0,1.65
470,1.8,1.9,0.1339,786,0.01643835616438356,-0.02425505485007828,2810.0,1.85
471,2.05,2.2,0.1311,227,0.01643835616438356,-0.022477276604078996,2815.0,2.125
472,2.35,2.5,0.1279,388,0.01643835616438356,-0.020702653245710502,2820.0,2.425
473,2.7,2.85,0.1248,1462,0.01643835616438356,-0.018931173597328366,2825.0,2.7750000000000004
474,3.1,3.3,0.1218,125,0.01643835616438356,-0.017162826540586398,2830.0,3.2
475,3.5,3.8,0.1184,256,0.01643835616438356,-0.015397601016017283,2835.0,3.65
476,4.1,4.3,0.1152,543,0.01643835616438356,-0.013635486022618026,2840.0,4.199999999999999
477,4.8,5.0,0.1125,201,0.01643835616438356,-0.011876470617438477,2845.0,4.9
478,5.6,5.8,0.1096,774,0.01643835616438356,-0.010120543915173473,2850.0,5.699999999999999
479,6.5,6.8,0.1069,700,0.01643835616438356,-0.008367695087759114,2855.0,6.65
480,7.6,7.9,0.1041,429,0.01643835616438356,-0.006617913363971453,2860.0,7.75
481,8.9,9.2,0.1014,522,0.01643835616438356,-0.00487118802902981,2865.0,9.05
482,10.4,10.7,0.0986,365,0.01643835616438356,-0.0031275084242029776,2870.0,10.55
483,12.1,12.5,0.096,872,0.01643835616438356,-0.0013868639464188668,2875.0,12.3
484,14.2,14.6,0.0939,450,0.01643835616438356,0.0003507559521219104,2880.0,14.399999999999999
485,16.6,17.0,0.092,349,0.01643835616438356,0.0020853617643302107,2885.0,16.8
486,19.3,19.7,0.0901,186,0.01643835616438356,0.003816963928608097,2890.0,19.5
487,22.4,22.8,0.0889,319,0.01643835616438356,0.005545572829225849,2895.0,22.6
488,25.7,26.2,0.0875,946,0.01643835616438356,0.007271198796695605,2900.0,25.95
489,29.0,30.4,0.0871,29,0.01643835616438356,0.00899385210814179,2905.0,29.7
490,32.8,34.4,0.0858,25,0.01643835616438356,0.010713542987668584,2910.0,33.599999999999994
491,36.9,38.7,0.0854,2,0.01643835616438356,0.012430281606723118,2915.0,37.8
492,41.4,43.0,0.0853,20,0.01643835616438356,0.014144078084457773,2920.0,42.2
493,45.9,47.6,0.0854,19,0.01643835616438356,0.01585494248808719,2925.0,46.75
494,50.5,52.3,0.0853,0,0.01643835616438356,0.017562884833243288,2930.0,51.4
495,55.3,57.1,0.0868,0,0.01643835616438356,0.0192679150843271,2935.0,56.2
496,60.1,62.0,0.0884,1,0.01643835616438356,0.02097004315485755,2940.0,61.05
497,65.1,66.8,0.0906,0,0.01643835616438356,0.022669278907817315,2945.0,65.94999999999999
498,69.8,71.8,0.089,41,0.01643835616438356,0.02436563215599572,2950.0,70.8
499,74.8,76.8,0.0944,0,0.01643835616438356,0.026059112662328764,2955.0,75.8
500,79.7,81.7,0.0925,0,0.01643835616438356,0.027749730140236226,2960.0,80.7
501,84.9,86.8,0.108,0,0.01643835616438356,0.02943749425395619,2965.0,85.85
502,89.7,91.7,0.1026,0,0.01643835616438356,0.031122414618875646,2970.0,90.7
503,94.7,96.7,0.1077,2,0.01643835616438356,0.03280450080186045,2975.0,95.7
504,99.7,101.6,0.1067,0,0.01643835616438356,0.03448376232158044,2980.0,100.65
505,104.6,106.6,0.1023,0,0.01643835616438356,0.036160208648832744,2985.0,105.6
506,109.5,111.5,0.0,0,0.01643835616438356,0.03783384920686237,2990.0,110.5
507,114.6,116.7,0.1212,0,0.01643835616438356,0.03950469337167996,2995.0,115.65
508,119.6,121.5,0.0,0,0.01643835616438356,0.04117275047237696,3000.0,120.55
509,124.6,126.5,0.0,0,0.01643835616438356,0.04283802979143815,3005.0,125.55
510,129.6,131.5,0.0973,0,0.01643835616438356,0.04450054056505159,3010.0,130.55
511,134.6,136.5,0.1095,0,0.01643835616438356,0.04616029198341618,3015.0,135.55
512,139.4,141.4,0.0,0,0.01643835616438356,0.04781729319104567,3020.0,140.4
513,144.5,146.4,0.0,6,0.01643835616438356,0.04947155328707216,3025.0,145.45
514,149.4,151.4,0.0,0,0.01643835616438356,0.051123081325545126,3030.0,150.4
515,154.7,156.4,0.1311,0,0.01643835616438356,0.05277188631572892,3035.0,155.55
516,159.7,161.4,0.1363,0,0.01643835616438356,0.05441797722239764,3040.0,160.55
517,169.7,171.4,0.1459,0,0.01643835616438356,0.05770205242358753,3050.0,170.55
518,179.7,181.5,0.1739,0,0.01643835616438356,0.06097537776855663,3060.0,180.6
519,189.7,191.5,0.1832,0,0.01643835616438356,0.06423802340337319,3070.0,190.6
520,194.7,196.5,0.1878,0,0.01643835616438356,0.06586536306274857,3075.0,195.6
521,199.7,201.4,0.1756,0,0.01643835616438356,0.06749005878975045,3080.0,200.55
522,209.7,211.4,0.1851,0,0.01643835616438356,0.07073155271392141,3090.0,210.55
523,219.7,221.4,0.1943,0,0.01643835616438356,0.07396257329536783,3100.0,220.55
524,244.5,246.4,0.0,0,0.01643835616438356,0.08199474499263221,3125.0,245.45
525,269.6,271.5,0.2418,0,0.01643835616438356,0.08996291464180897,3150.0,270.55
526,294.5,296.6,0.2644,0,0.01643835616438356,0.09786809414892235,3175.0,295.55
527,319.4,321.5,0.0,0,0.01643835616438356,0.10571127160994814,3200.0,320.45
528,365.4,376.8,0.4083,0,0.01643835616438356,0.1212154581459134,3250.0,371.1
529,414.9,426.3,0.3887,0,0.01643835616438356,0.13648293027670183,3300.0,420.6
530,0.0,0.05,1.0248,3995,0.021917808219178082,-0.5268112871335623,1700.0,0.025
531,0.0,0.05,0.9182,21,0.021917808219178082,-0.4696528732936137,1800.0,0.025
532,0.0,0.05,0.8672,25,0.021917808219178082,-0.4422538991054992,1850.0,0.025
533,0.0,0.05,0.8176,64,0.021917808219178082,-0.4155856520233379,1900.0,0.025
534,0.0,0.05,0.7696,22,0.021917808219178082,-0.3896101656200773,1950.0,0.025
535,0.0,0.05,0.7223,102,0.021917808219178082,-0.3642923576357874,2000.0,0.025
536,0.0,0.05,0.676,15,0.021917808219178082,-0.33959974504541585,2050.0,0.025
537,0.0,0.05,0.6308,20,0.021917808219178082,-0.3155021934663554,2100.0,0.025
538,0.0,0.1,0.6166,10,0.021917808219178082,-0.29197169605616125,2150.0,0.05
539,0.0,0.1,0.5715,5,0.021917808219178082,-0.2689821778314625,2200.0,0.05
540,0.0,0.1,0.5262,28,0.021917808219178082,-0.2465093219794039,2250.0,0.05
541,0.0,0.1,0.5041,20,0.021917808219178082,-0.23545948579281892,2275.0,0.05
542,0.0,0.1,0.482,9,0.021917808219178082,-0.22453041526062864,2300.0,0.05
543,0.0,0.1,0.4617,6,0.021917808219178082,-0.21371949915641303,2325.0,0.05
544,0.05,0.1,0.4555,0,0.021917808219178082,-0.20302421003966506,2350.0,0.07500000000000001
545,0.0,0.15,0.4338,0,0.021917808219178082,-0.19244210070912812,2375.0,0.075
546,0.0,0.15,0.4207,0,0.021917808219178082,-0.18614617225231345,2390.0,0.075
547,0.0,0.15,0.4121,9,0.021917808219178082,-0.1819708008418327,2400.0,0.075
548,0.05,0.15,0.4136,0,0.021917808219178082,-0.17781279069316908,2410.0,0.1
549,0.05,0.15,0.4048,0,0.021917808219178082,-0.1736719980271376,2420.0,0.1
550,0.05,0.15,0.4006,0,0.021917808219178082,-0.17160801380628612,2425.0,0.1
551,0.05,0.15,0.3962,0,0.021917808219178082,-0.16954828084327558,2430.0,0.1
552,0.05,0.15,0.3872,0,0.021917808219178082,-0.16544149889062224,2440.0,0.1
553,0.05,0.15,0.3785,34,0.021917808219178082,-0.16135151363909703,2450.0,0.1
554,0.05,0.15,0.3698,40,0.021917808219178082,-0.15727818825146125,2460.0,0.1
555,0.05,0.15,0.3611,0,0.021917808219178082,-0.1532213875558468,2470.0,0.1
556,0.05,0.15,0.3567,59,0.021917808219178082,-0.15119914217507902,2475.0,0.1
557,0.05,0.15,0.3525,172,0.021917808219178082,-0.14918097801884186,2480.0,0.1
558,0.05,0.15,0.3442,0,0.021917808219178082,-0.14515682771911648,2490.0,0.1
559,0.1,0.2,0.3491,86,0.021917808219178082,-0.14114880632157759,2500.0,0.15000000000000002
560,0.1,0.2,0.34,100,0.021917808219178082,-0.13715678505204018,2510.0,0.15000000000000002
561,0.1,0.2,0.3312,0,0.021917808219178082,-0.13318063667240068,2520.0,0.15000000000000002
562,0.1,0.2,0.327,456,0.021917808219178082,-0.1311984754684095,2525.0,0.15000000000000002
563,0.1,0.2,0.3223,98,0.021917808219178082,-0.1292202354563038,2530.0,0.15000000000000002
564,0.1,0.2,0.3178,0,0.021917808219178082,-0.12724590115258622,2535.0,0.15000000000000002
565,0.1,0.2,0.3134,80,0.021917808219178082,-0.1252754571652875,2540.0,0.15000000000000002
566,0.1,0.2,0.309,0,0.021917808219178082,-0.12330888819324655,2545.0,0.15000000000000002
567,0.1,0.2,0.3045,34,0.021917808219178082,-0.12134617902539786,2550.0,0.15000000000000002
568,0.1,0.2,0.3004,0,0.021917808219178082,-0.11938731454006492,2555.0,0.15000000000000002
569,0.1,0.2,0.2961,0,0.021917808219178082,-0.11743227970426158,2560.0,0.15000000000000002
570,0.1,0.25,0.2965,0,0.021917808219178082,-0.11548105957299987,2565.0,0.175
571,0.1,0.25,0.292,189,0.021917808219178082,-0.11353363928860419,2570.0,0.175
572,0.1,0.25,0.2875,226,0.021917808219178082,-0.11159000408003318,2575.0,0.175
573,0.15,0.25,0.2871,19,0.021917808219178082,-0.10965013926220661,2580.0,0.2
574,0.15,0.25,0.2826,2,0.021917808219178082,-0.10771403023534024,2585.0,0.2
575,0.15,0.25,0.2779,118,0.021917808219178082,-0.10578166248428633,2590.0,0.2
576,0.15,0.25,0.2736,3,0.021917808219178082,-0.10385302157788065,2595.0,0.2
577,0.15,0.25,0.2691,443,0.021917808219178082,-0.10192809316829628,2600.0,0.2
578,0.15,0.25,0.2645,5,0.021917808219178082,-0.10000686299040243,2605.0,0.2
579,0.2,0.3,0.2668,56,0.021917808219178082,-0.09808931686113065,2610.0,0.25
580,0.2,0.3,0.2622,25,0.021917808219178082,-0.0961754406788465,2615.0,0.25
581,0.2,0.3,0.2574,10,0.021917808219178082,-0.09426522042272713,2620.0,0.25
582,0.2,0.3,0.253,69,0.021917808219178082,-0.09235864215214558,2625.0,0.25
583,0.25,0.35,0.254,2,0.021917808219178082,-0.09045569200605948,2630.0,0.3
584,0.25,0.35,0.2491,17,0.021917808219178082,-0.08855635620240704,2635.0,0.3
585,0.25,0.35,0.2445,149,0.021917808219178082,-0.08666062103750792,2640.0,0.3
586,0.3,0.4,0.2446,26,0.021917808219178082,-0.08476847288546992,2645.0,0.35
587,0.3,0.4,0.2397,57,0.021917808219178082,-0.0828798981976018,2650.0,0.35
588,0.3,0.45,0.2371,1457,0.021917808219178082,-0.08099488350183051,2655.0,0.375
589,0.35,0.45,0.2344,37,0.021917808219178082,-0.07911341540212498,2660.0,0.4
590,0.35,0.45,0.2295,38,0.021917808219178082,-0.07723548057792484,2665.0,0.4
591,0.4,0.5,0.2283,146,0.021917808219178082,-0.07536106578357445,2670.0,0.45
592,0.4,0.5,0.2233,213,0.021917808219178082,-0.07349015784776276,2675.0,0.45
593,0.45,0.55,0.2217,1533,0.021917808219178082,-0.07162274367296735,2680.0,0.5
594,0.45,0.6,0.2183,84,0.021917808219178082,-0.06975881023490467,2685.0,0.525
595,0.5,0.6,0.2146,209,0.021917808219178082,-0.06789834458198497,2690.0,0.55
596,0.55,0.65,0.2122,1108,0.021917808219178082,-0.06604133383477213,2695.0,0.6000000000000001
597,0.55,0.7,0.2085,902,0.021917808219178082,-0.06418776518544925,2700.0,0.625
598,0.6,0.75,0.2057,121,0.021917808219178082,-0.062337625897287814,2705.0,0.675
599,0.65,0.8,0.2028,104,0.021917808219178082,-0.06049090330412315,2710.0,0.7250000000000001
600,0.7,0.85,0.1997,339,0.021917808219178082,-0.058647584809833946,2715.0,0.7749999999999999
601,0.75,0.9,0.1965,45,0.021917808219178082,-0.05680765788782678,2720.0,0.825
602,0.85,0.95,0.194,1535,0.021917808219178082,-0.054971110080525236,2725.0,0.8999999999999999
603,0.9,1.0,0.1903,209,0.021917808219178082,-0.0531379289988643,2730.0,0.95
604,1.0,1.1,0.1882,1545,0.021917808219178082,-0.05130810232178815,2735.0,1.05
605,1.05,1.2,0.185,96,0.021917808219178082,-0.04948161779575385,2740.0,1.125
606,1.15,1.25,0.1815,80,0.021917808219178082,-0.04765846323423877,2745.0,1.2
607,1.25,1.35,0.1786,684,0.021917808219178082,-0.045838626517252706,2750.0,1.3
608,1.35,1.5,0.176,78,0.021917808219178082,-0.04402209559085485,2755.0,1.425
609,1.5,1.6,0.1731,62,0.021917808219178082,-0.04220885846667405,2760.0,1.55
610,1.6,1.75,0.1699,338,0.021917808219178082,-0.04039890322143458,2765.0,1.675
611,1.75,1.9,0.167,1650,0.021917808219178082,-0.038592217996485594,2770.0,1.825
612,1.9,2.05,0.1637,1636,0.021917808219178082,-0.0367887909973348,2775.0,1.9749999999999999
613,2.1,2.2,0.1606,852,0.021917808219178082,-0.03498861049318696,2780.0,2.1500000000000004
614,2.3,2.4,0.1576,3835,0.021917808219178082,-0.03319166481648533,2785.0,2.3499999999999996
615,2.5,2.65,0.1546,303,0.021917808219178082,-0.03139794236245844,2790.0,2.575
616,2.75,2.9,0.1516,451,0.021917808219178082,-0.02960743158867024,2795.0,2.825
617,3.0,3.2,0.1486,1966,0.021917808219178082,-0.027820121014574394,2800.0,3.1
618,3.3,3.5,0.1454,143,0.021917808219178082,-0.026035999221073018,2805.0,3.4
619,3.6,3.8,0.1419,119,0.021917808219178082,-0.02425505485007828,2810.0,3.7
620,4.0,4.2,0.139,301,0.021917808219178082,-0.022477276604078996,2815.0,4.1
621,4.4,4.6,0.1356,399,0.021917808219178082,-0.020702653245710502,2820.0,4.5
622,4.9,5.1,0.1327,869,0.021917808219178082,-0.018931173597328366,2825.0,5.0
623,5.4,5.6,0.1292,131,0.021917808219178082,-0.017162826540586398,2830.0,5.5
624,6.0,6.3,0.1264,632,0.021917808219178082,-0.015397601016017283,2835.0,6.15
625,6.7,7.0,0.1234,190,0.021917808219178082,-0.013635486022618026,2840.0,6.85
626,7.5,7.8,0.1204,73,0.021917808219178082,-0.011876470617438477,2845.0,7.65
627,8.4,8.7,0.1174,2295,0.021917808219178082,-0.010120543915173473,2850.0,8.55
628,9.5,9.7,0.1146,80,0.021917808219178082,-0.008367695087759114,2855.0,9.6
629,10.6,10.9,0.1116,236,0.021917808219178082,-0.006617913363971453,2860.0,10.75
630,12.0,12.3,0.1092,146,0.021917808219178082,-0.00487118802902981,2865.0,12.15
631,13.6,13.9,0.1069,273,0.021917808219178082,-0.0031275084242029776,2870.0,13.75
632,15.3,15.7,0.1043,717,0.021917808219178082,-0.0013868639464188668,2875.0,15.5
633,17.3,17.7,0.102,161,0.021917808219178082,0.0003507559521219104,2880.0,17.5
634,19.6,20.0,0.1002,172,0.021917808219178082,0.0020853617643302107,2885.0,19.8
635,22.2,22.5,0.0984,427,0.021917808219178082,0.003816963928608097,2890.0,22.35
636,25.0,25.4,0.097,248,0.021917808219178082,0.005545572829225849,2895.0,25.2
637,28.1,28.5,0.0957,43,0.021917808219178082,0.007271198796695605,2900.0,28.3
638,31.4,31.9,0.0944,96,0.021917808219178082,0.00899385210814179,2905.0,31.65
639,34.6,35.9,0.0933,122,0.021917808219178082,0.010713542987668584,2910.0,35.25
640,38.4,39.7,0.0922,16,0.021917808219178082,0.012430281606723118,2915.0,39.05
641,42.4,43.8,0.0914,21,0.021917808219178082,0.014144078084457773,2920.0,43.099999999999994
642,46.6,48.3,0.0922,3,0.021917808219178082,0.01585494248808719,2925.0,47.45
643,51.0,52.7,0.0921,4,0.021917808219178082,0.017562884833243288,2930.0,51.85
644,55.5,57.3,0.0925,0,0.021917808219178082,0.0192679150843271,2935.0,56.4
645,59.9,61.9,0.0906,0,0.021917808219178082,0.02097004315485755,2940.0,60.9
646,64.6,66.5,0.0892,0,0.021917808219178082,0.022669278907817315,2945.0,65.55
647,69.4,71.4,0.0909,3,0.021917808219178082,0.02436563215599572,2950.0,70.4
648,74.4,76.3,0.0948,0,0.021917808219178082,0.026059112662328764,2955.0,75.35
649,79.1,81.2,0.0932,0,0.021917808219178082,0.027749730140236226,2960.0,80.15
650,84.3,86.1,0.1,0,0.021917808219178082,0.02943749425395619,2965.0,85.19999999999999
651,89.1,91.1,0.1007,0,0.021917808219178082,0.031122414618875646,2970.0,90.1
652,94.0,96.0,0.1005,0,0.021917808219178082,0.03280450080186045,2975.0,95.0
653,99.1,101.1,0.1103,0,0.021917808219178082,0.03448376232158044,2980.0,100.1
654,103.9,105.9,0.1026,0,0.021917808219178082,0.036160208648832744,2985.0,104.9
655,108.8,110.8,0.0955,0,0.021917808219178082,0.03783384920686237,2990.0,109.8
656,114.0,115.8,0.1114,0,0.021917808219178082,0.03950469337167996,2995.0,114.9
657,118.8,120.8,0.1039,0,0.021917808219178082,0.04117275047237696,3000.0,119.8
658,124.0,125.9,0.1243,0,0.021917808219178082,0.04283802979143815,3005.0,124.95
659,128.9,130.9,0.1246,0,0.021917808219178082,0.04450054056505159,3010.0,129.9
660,133.9,135.8,0.1238,0,0.021917808219178082,0.04616029198341618,3015.0,134.85000000000002
661,138.9,140.8,0.128,0,0.021917808219178082,0.04781729319104567,3020.0,139.85000000000002
662,143.7,145.7,0.0,0,0.021917808219178082,0.04947155328707216,3025.0,144.7
663,148.9,150.8,0.1365,0,0.021917808219178082,0.051123081325545126,3030.0,149.85000000000002
664,153.7,155.7,0.0,0,0.021917808219178082,0.05277188631572892,3035.0,154.7
665,158.9,160.7,0.1382,0,0.021917808219178082,0.05441797722239764,3040.0,159.8
666,168.7,170.7,0.0,0,0.021917808219178082,0.05770205242358753,3050.0,169.7
667,178.8,180.8,0.1546,0,0.021917808219178082,0.06097537776855663,3060.0,179.8
668,188.9,190.8,0.1702,0,0.021917808219178082,0.06423802340337319,3070.0,189.85000000000002
669,193.9,195.9,0.1801,0,0.021917808219178082,0.06586536306274857,3075.0,194.9
670,198.7,200.7,0.1379,0,0.021917808219178082,0.06749005878975045,3080.0,199.7
671,208.8,210.7,0.1689,0,0.021917808219178082,0.07073155271392141,3090.0,209.75
672,218.8,220.8,0.1876,0,0.021917808219178082,0.07396257329536783,3100.0,219.8
673,243.8,245.8,0.2082,0,0.021917808219178082,0.08199474499263221,3125.0,244.8
674,268.8,270.8,0.2286,0,0.021917808219178082,0.08996291464180897,3150.0,269.8
675,293.7,295.8,0.2394,0,0.021917808219178082,0.09786809414892235,3175.0,294.75
676,318.7,320.9,0.2691,0,0.021917808219178082,0.10571127160994814,3200.0,319.79999999999995
677,364.9,375.2,0.3383,0,0.021917808219178082,0.1212154581459134,3250.0,370.04999999999995
678,414.0,425.4,0.3279,0,0.021917808219178082,0.13648293027670183,3300.0,419.7
680,0.0,0.05,1.89,2030,0.024657534246575342,-1.0574395381957327,1000.0,0.025
682,0.0,0.05,1.7127,1223,0.024657534246575342,-0.9621293583914078,1100.0,0.025
684,0.0,0.05,1.569,638,0.024657534246575342,-0.875117981401778,1200.0,0.025
686,0.0,0.05,1.5351,29,0.024657534246575342,-0.8544986941990423,1225.0,0.025
688,0.0,0.05,1.501,0,0.024657534246575342,-0.8342959868815228,1250.0,0.025
690,0.0,0.05,1.4628,0,0.024657534246575342,-0.8144933595853432,1275.0,0.025
692,0.0,0.05,1.4229,0,0.024657534246575342,-0.7950752737282416,1300.0,0.025
694,0.0,0.05,1.3933,1,0.024657534246575342,-0.7760270787575471,1325.0,0.025
696,0.0,0.05,1.3604,4,0.024657534246575342,-0.7573349457453945,1350.0,0.025
698,0.0,0.05,1.3325,0,0.024657534246575342,-0.738985807077198,1375.0,0.025
700,0.0,0.05,1.2979,345,0.024657534246575342,-0.7209673015745197,1400.0,0.025
702,0.0,0.05,1.2658,35,0.024657534246575342,-0.7032677244751188,1425.0,0.025
704,0.0,0.05,1.2354,114,0.024657534246575342,-0.6858759817632497,1450.0,0.025
706,0.0,0.05,1.2124,68,0.024657534246575342,-0.6687815484039495,1475.0,0.025
708,0.0,0.05,1.1729,3102,0.024657534246575342,-0.6519744300875684,1500.0,0.025
710,0.0,0.05,1.1489,1200,0.024657534246575342,-0.6354451281363578,1525.0,0.025
712,0.0,0.05,1.126,844,0.024657534246575342,-0.6191846072645775,1550.0,0.025
714,0.0,0.05,1.0947,51,0.024657534246575342,-0.6031842659181363,1575.0,0.025
716,0.0,0.05,1.0635,779,0.024657534246575342,-0.5874359089499972,1600.0,0.025
718,0.0,0.05,1.0421,1007,0.024657534246575342,-0.5719317224140319,1625.0,0.025
720,0.0,0.05,1.0193,912,0.024657534246575342,-0.5566642502832435,1650.0,0.025
722,0.0,0.05,1.001,250,0.024657534246575342,-0.5506219358272807,1660.0,0.025
724,0.0,0.05,0.9932,32,0.024657534246575342,-0.5446159117670689,1670.0,0.025
726,0.0,0.05,0.9854,88,0.024657534246575342,-0.541626372918703,1675.0,0.025
728,0.0,0.05,0.9844,181,0.024657534246575342,-0.5386457447805651,1680.0,0.025
730,0.0,0.05,0.9697,2,0.024657534246575342,-0.5327110092607505,1690.0,0.025
732,0.0,0.05,0.9618,9,0.024657534246575342,-0.5268112871335623,1700.0,0.025
734,0.0,0.05,0.9565,0,0.024657534246575342,-0.5209461676811641,1710.0,0.025
736,0.0,0.05,0.9465,250,0.024657534246575342,-0.515115247370371,1720.0,0.025
738,0.0,0.05,0.9411,0,0.024657534246575342,-0.5122124877124096,1725.0,0.025
740,0.0,0.05,0.9364,0,0.024657534246575342,-0.5093181296860452,1730.0,0.025
742,0.0,0.05,0.926,30,0.024657534246575342,-0.5035544249692949,1740.0,0.025
744,0.0,0.05,0.9158,190,0.024657534246575342,-0.49782375026031,1750.0,0.025
746,0.0,0.05,0.9061,37,0.024657534246575342,-0.49212572914567215,1760.0,0.025
748,0.0,0.05,0.8962,67,0.024657534246575342,-0.48645999160999487,1770.0,0.025
750,0.0,0.05,0.8913,262,0.024657534246575342,-0.48363911526835357,1775.0,0.025
752,0.0,0.05,0.8863,261,0.024657534246575342,-0.48082617389173893,1780.0,0.025
754,0.0,0.05,0.8766,88,0.024657534246575342,-0.475223918343069,1790.0,0.025
756,0.0,0.05,0.8668,530,0.024657534246575342,-0.4696528732936137,1800.0,0.025
758,0.0,0.05,0.8571,662,0.024657534246575342,-0.4641126929179982,1810.0,0.025
760,0.0,0.05,0.8474,404,0.024657534246575342,-0.45860303710702865,1820.0,0.025
762,0.0,0.05,0.8426,302,0.024657534246575342,-0.45585955116127785,1825.0,0.025
764,0.0,0.05,0.8379,501,0.024657534246575342,-0.45312357134240316,1830.0,0.025
766,0.0,0.05,0.8283,273,0.024657534246575342,-0.4476739665748384,1840.0,0.025
768,0.0,0.05,0.8188,364,0.024657534246575342,-0.4422538991054992,1850.0,0.025
770,0.0,0.05,0.8093,344,0.024657534246575342,-0.4368630504706227,1860.0,0.025
772,0.0,0.05,0.7999,612,0.024657534246575342,-0.4315011073292374,1870.0,0.025
774,0.0,0.05,0.7952,365,0.024657534246575342,-0.42883087877335857,1875.0,0.025
776,0.0,0.05,0.7906,403,0.024657534246575342,-0.4261677613538749,1880.0,0.025
778,0.0,0.05,0.7859,134,0.024657534246575342,-0.42351171729575865,1885.0,0.025
780,0.0,0.05,0.7813,1405,0.024657534246575342,-0.4208627091241816,1890.0,0.025
782,0.0,0.05,0.7766,216,0.024657534246575342,-0.418220699661343,1895.0,0.025
784,0.0,0.05,0.772,1183,0.024657534246575342,-0.4155856520233379,1900.0,0.025
786,0.0,0.05,0.7674,144,0.024657534246575342,-0.41295752961706844,1905.0,0.025
788,0.0,0.05,0.7628,841,0.024657534246575342,-0.41033629613719425,1910.0,0.025
790,0.0,0.05,0.7582,236,0.024657534246575342,-0.4077219155631233,1915.0,0.025
792,0.0,0.05,0.7536,235,0.024657534246575342,-0.40511435215604247,1920.0,0.025
794,0.0,0.05,0.749,2509,0.024657534246575342,-0.4025135704559851,1925.0,0.025
796,0.0,0.05,0.7445,226,0.024657534246575342,-0.39991953527893853,1930.0,0.025
798,0.0,0.05,0.7403,59,0.024657534246575342,-0.39733221171398764,1935.0,0.025
800,0.0,0.05,0.7357,163,0.024657534246575342,-0.39475156512049586,1940.0,0.025
802,0.0,0.05,0.7311,32,0.024657534246575342,-0.39217756112532304,1945.0,0.025
804,0.0,0.05,0.7266,570,0.024657534246575342,-0.3896101656200773,1950.0,0.025
806,0.0,0.05,0.7221,144,0.024657534246575342,-0.38704934475840364,1955.0,0.025
808,0.0,0.05,0.7176,1001,0.024657534246575342,-0.3844950649533069,1960.0,0.025
810,0.0,0.05,0.7131,153,0.024657534246575342,-0.38194729287450807,1965.0,0.025
812,0.0,0.05,0.7086,33,0.024657534246575342,-0.37940599544583553,1970.0,0.025
814,0.0,0.05,0.7042,84,0.024657534246575342,-0.3768711398426475,1975.0,0.025
816,0.0,0.05,0.6997,282,0.024657534246575342,-0.37434269348928884,1980.0,0.025
818,0.0,0.05,0.6953,1059,0.024657534246575342,-0.371820624056579,1985.0,0.025
820,0.0,0.05,0.6909,501,0.024657534246575342,-0.3693048994593316,1990.0,0.025
822,0.0,0.05,0.6864,99,0.024657534246575342,-0.36679548785390587,1995.0,0.025
824,0.0,0.05,0.682,509,0.024657534246575342,-0.3642923576357874,2000.0,0.025
826,0.0,0.05,0.6776,66,0.024657534246575342,-0.3617954774372002,2005.0,0.025
828,0.0,0.05,0.6732,10,0.024657534246575342,-0.35930481612474835,2010.0,0.025
830,0.0,0.05,0.6689,184,0.024657534246575342,-0.3568203427970863,2015.0,0.025
832,0.0,0.05,0.6645,253,0.024657534246575342,-0.3543420267826193,2020.0,0.025
834,0.0,0.05,0.6601,150,0.024657534246575342,-0.35186983763723023,2025.0,0.025
836,0.0,0.05,0.6557,18,0.024657534246575342,-0.34940374514203676,2030.0,0.025
838,0.0,0.05,0.6514,511,0.024657534246575342,-0.3469437193011744,2035.0,0.025
840,0.0,0.1,0.6791,111,0.024657534246575342,-0.3444897303396076,2040.0,0.05
842,0.0,0.1,0.6751,144,0.024657534246575342,-0.3420417487009676,2045.0,0.05
844,0.0,0.1,0.6706,110,0.024657534246575342,-0.33959974504541585,2050.0,0.05
846,0.0,0.1,0.666,166,0.024657534246575342,-0.3371636902475348,2055.0,0.05
848,0.0,0.1,0.661,191,0.024657534246575342,-0.33473355539424304,2060.0,0.05
850,0.0,0.1,0.6572,69,0.024657534246575342,-0.33230931178273654,2065.0,0.05
852,0.0,0.1,0.6527,507,0.024657534246575342,-0.32989093091845495,2070.0,0.05
854,0.0,0.1,0.6483,464,0.024657534246575342,-0.32747838451307104,2075.0,0.05
856,0.0,0.1,0.6438,982,0.024657534246575342,-0.3250716444825061,2080.0,0.05
858,0.0,0.1,0.6394,115,0.024657534246575342,-0.322670682944968,2085.0,0.05
860,0.0,0.1,0.635,745,0.024657534246575342,-0.320275472219013,2090.0,0.05
862,0.0,0.1,0.6306,70,0.024657534246575342,-0.3178859848216316,2095.0,0.05
864,0.0,0.1,0.6262,1454,0.024657534246575342,-0.3155021934663554,2100.0,0.05
866,0.0,0.1,0.6222,96,0.024657534246575342,-0.31312407106138795,2105.0,0.05
868,0.0,0.1,0.6162,717,0.024657534246575342,-0.3107515907077576,2110.0,0.05
870,0.0,0.1,0.6133,156,0.024657534246575342,-0.3083847256974913,2115.0,0.05
872,0.0,0.1,0.6093,134,0.024657534246575342,-0.30602344951181154,2120.0,0.05
874,0.0,0.1,0.6041,370,0.024657534246575342,-0.3036677358193525,2125.0,0.05
876,0.0,0.1,0.5997,338,0.024657534246575342,-0.30131755847439895,2130.0,0.05
878,0.0,0.1,0.5953,85,0.024657534246575342,-0.29897289151514483,2135.0,0.05
880,0.0,0.1,0.591,74,0.024657534246575342,-0.2966337091619725,2140.0,0.05
882,0.0,0.1,0.5867,470,0.024657534246575342,-0.29429998581575234,2145.0,0.05
884,0.0,0.1,0.5824,432,0.024657534246575342,-0.29197169605616125,2150.0,0.05
886,0.0,0.1,0.5791,63,0.024657534246575342,-0.28964881464002157,2155.0,0.05
888,0.0,0.1,0.5738,154,0.024657534246575342,-0.2873313164996591,2160.0,0.05
890,0.0,0.1,0.5695,143,0.024657534246575342,-0.2850191767412794,2165.0,0.05
892,0.0,0.1,0.5662,146,0.024657534246575342,-0.28271237064336446,2170.0,0.05
894,0.0,0.1,0.5609,1100,0.024657534246575342,-0.28041087365508527,2175.0,0.05
896,0.0,0.1,0.5567,81,0.024657534246575342,-0.27811466139473506,2180.0,0.05
898,0.0,0.1,0.5524,60,0.024657534246575342,-0.27582370964817926,2185.0,0.05
900,0.0,0.1,0.5482,259,0.024657534246575342,-0.2735379943673232,2190.0,0.05
902,0.0,0.1,0.5449,308,0.024657534246575342,-0.27125749166859797,2195.0,0.05
904,0.0,0.1,0.5405,959,0.024657534246575342,-0.2689821778314625,2200.0,0.05
906,0.0,0.1,0.5356,42,0.024657534246575342,-0.2667120292969234,2205.0,0.05
908,0.0,0.1,0.5306,62,0.024657534246575342,-0.2644470226660713,2210.0,0.05
910,0.0,0.1,0.5267,8,0.024657534246575342,-0.26218713469863364,2215.0,0.05
912,0.0,0.1,0.522,21,0.024657534246575342,-0.25993234231154455,2220.0,0.05
914,0.0,0.1,0.5195,66,0.024657534246575342,-0.2576826225775291,2225.0,0.05
916,0.0,0.1,0.5134,267,0.024657534246575342,-0.2554379527237053,2230.0,0.05
918,0.0,0.1,0.5095,40,0.024657534246575342,-0.25319831013020055,2235.0,0.05
920,0.0,0.1,0.5055,117,0.024657534246575342,-0.25096367232878414,2240.0,0.05
922,0.0,0.1,0.5015,100,0.024657534246575342,-0.248734017001515,2245.0,0.05
924,0.05,0.1,0.5135,219,0.024657534246575342,-0.2465093219794039,2250.0,0.07500000000000001
926,0.0,0.1,0.4935,249,0.024657534246575342,-0.24428956524109102,2255.0,0.05
928,0.0,0.1,0.4879,164,0.024657534246575342,-0.2420747249115382,2260.0,0.05
930,0.0,0.1,0.4838,285,0.024657534246575342,-0.23986477926073527,2265.0,0.05
932,0.0,0.1,0.4805,32,0.024657534246575342,-0.23765970670242131,2270.0,0.05
934,0.0,0.1,0.4757,1337,0.024657534246575342,-0.23545948579281892,2275.0,0.05
936,0.0,0.1,0.4714,96,0.024657534246575342,-0.2332640952293833,2280.0,0.05
938,0.0,0.1,0.4674,147,0.024657534246575342,-0.2310735138495647,2285.0,0.05
940,0.0,0.1,0.4634,1819,0.024657534246575342,-0.22888772062958446,2290.0,0.05
942,0.0,0.1,0.4597,473,0.024657534246575342,-0.22670669468322416,2295.0,0.05
944,0.05,0.1,0.4722,1627,0.024657534246575342,-0.22453041526062864,2300.0,0.07500000000000001
946,0.0,0.1,0.4519,141,0.024657534246575342,-0.22235886174712086,2305.0,0.05
948,0.0,0.1,0.4478,703,0.024657534246575342,-0.22019201366203053,2310.0,0.05
950,0.0,0.1,0.4441,32,0.024657534246575342,-0.21802985065753533,2315.0,0.05
952,0.0,0.1,0.4401,173,0.024657534246575342,-0.21587235251751405,2320.0,0.05
954,0.0,0.1,0.4361,1323,0.024657534246575342,-0.21371949915641303,2325.0,0.05
956,0.05,0.1,0.446,5428,0.024657534246575342,-0.21157127061812347,2330.0,0.07500000000000001
958,0.05,0.15,0.4537,10262,0.024657534246575342,-0.20942764707487208,2335.0,0.1
960,0.05,0.15,0.4495,2098,0.024657534246575342,-0.20728860882612268,2340.0,0.1
962,0.05,0.15,0.4455,453,0.024657534246575342,-0.20515413629748994,2345.0,0.1
964,0.05,0.15,0.4411,756,0.024657534246575342,-0.20302421003966506,2350.0,0.1
966,0.05,0.15,0.4368,343,0.024657534246575342,-0.2008988107273516,2355.0,0.1
968,0.05,0.15,0.4328,524,0.024657534246575342,-0.198777919158214,2360.0,0.1
970,0.05,0.15,0.4285,82,0.024657534246575342,-0.19666151625183645,2365.0,0.1
972,0.05,0.15,0.4244,208,0.024657534246575342,-0.1945495830486928,2370.0,0.1
974,0.05,0.15,0.4203,283,0.024657534246575342,-0.19244210070912812,2375.0,0.1
976,0.05,0.15,0.4161,289,0.024657534246575342,-0.19033905051234934,2380.0,0.1
978,0.05,0.15,0.412,299,0.024657534246575342,-0.18824041385542817,2385.0,0.1
980,0.05,0.15,0.4078,177,0.024657534246575342,-0.18614617225231345,2390.0,0.1
982,0.05,0.15,0.4031,188,0.024657534246575342,-0.18405630733285408,2395.0,0.1
984,0.05,0.15,0.3989,326,0.024657534246575342,-0.1819708008418327,2400.0,0.1
986,0.05,0.15,0.3947,532,0.024657534246575342,-0.17988963463800817,2405.0,0.1
988,0.05,0.15,0.3906,1307,0.024657534246575342,-0.17781279069316908,2410.0,0.1
990,0.05,0.15,0.3864,309,0.024657534246575342,-0.17574025109119673,2415.0,0.1
992,0.05,0.15,0.3823,688,0.024657534246575342,-0.1736719980271376,2420.0,0.1
994,0.05,0.15,0.3783,193,0.024657534246575342,-0.17160801380628612,2425.0,0.1
996,0.05,0.15,0.374,206,0.024657534246575342,-0.16954828084327558,2430.0,0.1
998,0.05,0.15,0.3701,137,0.024657534246575342,-0.1674927816611796,2435.0,0.1
1000,0.05,0.15,0.366,170,0.024657534246575342,-0.16544149889062224,2440.0,0.1
1002,0.1,0.15,0.3695,35,0.024657534246575342,-0.16339441526889728,2445.0,0.125
1004,0.1,0.15,0.3655,912,0.024657534246575342,-0.16135151363909703,2450.0,0.125
1006,0.1,0.2,0.3681,71,0.024657534246575342,-0.15931277694924878,2455.0,0.15000000000000002
1008,0.1,0.15,0.3571,115,0.024657534246575342,-0.15727818825146125,2460.0,0.125
1010,0.1,0.2,0.3596,210,0.024657534246575342,-0.1552477307010793,2465.0,0.15000000000000002
1012,0.1,0.2,0.3553,170,0.024657534246575342,-0.1532213875558468,2470.0,0.15000000000000002
1014,0.1,0.2,0.3511,364,0.024657534246575342,-0.15119914217507902,2475.0,0.15000000000000002
1016,0.1,0.2,0.3465,210,0.024657534246575342,-0.14918097801884186,2480.0,0.15000000000000002
1018,0.1,0.2,0.3423,280,0.024657534246575342,-0.14716687864714065,2485.0,0.15000000000000002
1020,0.1,0.2,0.3381,85,0.024657534246575342,-0.14515682771911648,2490.0,0.15000000000000002
1022,0.1,0.2,0.3339,125,0.024657534246575342,-0.14315080899225063,2495.0,0.15000000000000002
1024,0.15,0.2,0.3352,2092,0.024657534246575342,-0.14114880632157759,2500.0,0.175
1026,0.1,0.2,0.3256,219,0.024657534246575342,-0.13915080365890456,2505.0,0.15000000000000002
1028,0.1,0.2,0.3215,789,0.024657534246575342,-0.13715678505204018,2510.0,0.15000000000000002
1030,0.1,0.25,0.3223,444,0.024657534246575342,-0.1351667346440302,2515.0,0.175
1032,0.15,0.25,0.3225,395,0.024657534246575342,-0.13318063667240068,2520.0,0.2
1034,0.15,0.25,0.3184,1633,0.024657534246575342,-0.1311984754684095,2525.0,0.2
1036,0.15,0.25,0.3141,339,0.024657534246575342,-0.1292202354563038,2530.0,0.2
1038,0.15,0.25,0.3096,314,0.024657534246575342,-0.12724590115258622,2535.0,0.2
1040,0.15,0.25,0.3055,304,0.024657534246575342,-0.1252754571652875,2540.0,0.2
1042,0.15,0.25,0.3012,284,0.024657534246575342,-0.12330888819324655,2545.0,0.2
1044,0.15,0.25,0.2969,773,0.024657534246575342,-0.12134617902539786,2550.0,0.2
1046,0.15,0.25,0.2924,159,0.024657534246575342,-0.11938731454006492,2555.0,0.2
1048,0.15,0.25,0.2881,559,0.024657534246575342,-0.11743227970426158,2560.0,0.2
1050,0.2,0.25,0.2875,352,0.024657534246575342,-0.11548105957299987,2565.0,0.225
1052,0.2,0.3,0.2868,448,0.024657534246575342,-0.11353363928860419,2570.0,0.25
1054,0.2,0.3,0.2824,981,0.024657534246575342,-0.11159000408003318,2575.0,0.25
1056,0.2,0.3,0.278,479,0.024657534246575342,-0.10965013926220661,2580.0,0.25
1058,0.2,0.3,0.2737,190,0.024657534246575342,-0.10771403023534024,2585.0,0.25
1060,0.25,0.35,0.275,224,0.024657534246575342,-0.10578166248428633,2590.0,0.3
1062,0.25,0.35,0.2706,437,0.024657534246575342,-0.10385302157788065,2595.0,0.3
1064,0.25,0.35,0.2662,1335,0.024657534246575342,-0.10192809316829628,2600.0,0.3
1066,0.25,0.35,0.2618,816,0.024657534246575342,-0.10000686299040243,2605.0,0.3
1068,0.3,0.4,0.2623,517,0.024657534246575342,-0.09808931686113065,2610.0,0.35
1070,0.3,0.4,0.2578,171,0.024657534246575342,-0.0961754406788465,2615.0,0.35
1072,0.3,0.4,0.2535,2039,0.024657534246575342,-0.09426522042272713,2620.0,0.35
1074,0.35,0.45,0.2532,654,0.024657534246575342,-0.09235864215214558,2625.0,0.4
1076,0.35,0.45,0.2487,540,0.024657534246575342,-0.09045569200605948,2630.0,0.4
1078,0.35,0.5,0.2461,467,0.024657534246575342,-0.08855635620240704,2635.0,0.425
1080,0.4,0.5,0.2432,863,0.024657534246575342,-0.08666062103750792,2640.0,0.45
1082,0.4,0.55,0.2403,387,0.024657534246575342,-0.08476847288546992,2645.0,0.47500000000000003
1084,0.45,0.55,0.2372,2931,0.024657534246575342,-0.0828798981976018,2650.0,0.5
1086,0.5,0.6,0.2358,559,0.024657534246575342,-0.08099488350183051,2655.0,0.55
1088,0.5,0.6,0.2309,726,0.024657534246575342,-0.07911341540212498,2660.0,0.55
1090,0.55,0.65,0.2291,529,0.024657534246575342,-0.07723548057792484,2665.0,0.6000000000000001
1092,0.6,0.65,0.2257,1223,0.024657534246575342,-0.07536106578357445,2670.0,0.625
1094,0.6,0.7,0.2222,1262,0.024657534246575342,-0.07349015784776276,2675.0,0.6499999999999999
1096,0.65,0.75,0.2198,5686,0.024657534246575342,-0.07162274367296735,2680.0,0.7
1098,0.7,0.8,0.2172,340,0.024657534246575342,-0.06975881023490467,2685.0,0.75
1100,0.75,0.85,0.2144,1510,0.024657534246575342,-0.06789834458198497,2690.0,0.8
1102,0.8,0.9,0.2115,358,0.024657534246575342,-0.06604133383477213,2695.0,0.8500000000000001
1104,0.85,0.95,0.2084,4729,0.024657534246575342,-0.06418776518544925,2700.0,0.8999999999999999
1106,0.9,1.0,0.2052,328,0.024657534246575342,-0.062337625897287814,2705.0,0.95
1108,0.95,1.05,0.2019,414,0.024657534246575342,-0.06049090330412315,2710.0,1.0
1110,1.05,1.15,0.2001,504,0.024657534246575342,-0.058647584809833946,2715.0,1.1
1112,1.1,1.2,0.1963,738,0.024657534246575342,-0.05680765788782678,2720.0,1.15
1114,1.2,1.3,0.1941,1976,0.024657534246575342,-0.054971110080525236,2725.0,1.25
1116,1.3,1.4,0.1915,407,0.024657534246575342,-0.0531379289988643,2730.0,1.35
1118,1.35,1.45,0.1873,545,0.024657534246575342,-0.05130810232178815,2735.0,1.4
1120,1.5,1.6,0.1856,362,0.024657534246575342,-0.04948161779575385,2740.0,1.55
1122,1.6,1.7,0.1823,1201,0.024657534246575342,-0.04765846323423877,2745.0,1.65
1124,1.7,1.85,0.1793,2290,0.024657534246575342,-0.045838626517252706,2750.0,1.775
1126,1.85,1.95,0.1762,588,0.024657534246575342,-0.04402209559085485,2755.0,1.9
1128,2.0,2.1,0.1733,1133,0.024657534246575342,-0.04220885846667405,2760.0,2.05
1130,2.15,2.25,0.1702,731,0.024657534246575342,-0.04039890322143458,2765.0,2.2
1132,2.3,2.45,0.1672,511,0.024657534246575342,-0.038592217996485594,2770.0,2.375
1134,2.5,2.65,0.1643,2010,0.024657534246575342,-0.0367887909973348,2775.0,2.575
1136,2.7,2.85,0.1612,987,0.024657534246575342,-0.03498861049318696,2780.0,2.7750000000000004
1138,2.95,3.1,0.1584,431,0.024657534246575342,-0.03319166481648533,2785.0,3.0250000000000004
1140,3.2,3.4,0.1556,426,0.024657534246575342,-0.03139794236245844,2790.0,3.3
1142,3.5,3.6,0.1522,964,0.024657534246575342,-0.02960743158867024,2795.0,3.55
1144,3.8,4.0,0.1496,2793,0.024657534246575342,-0.027820121014574394,2800.0,3.9
1146,4.1,4.3,0.1461,669,0.024657534246575342,-0.026035999221073018,2805.0,4.199999999999999
1148,4.5,4.7,0.1432,421,0.024657534246575342,-0.02425505485007828,2810.0,4.6
1150,4.9,5.1,0.1399,708,0.024657534246575342,-0.022477276604078996,2815.0,5.0
1152,5.4,5.6,0.1371,504,0.024657534246575342,-0.020702653245710502,2820.0,5.5
1154,5.9,6.1,0.1338,2246,0.024657534246575342,-0.018931173597328366,2825.0,6.0
1156,6.6,6.8,0.1316,1385,0.024657534246575342,-0.017162826540586398,2830.0,6.699999999999999
1158,7.2,7.4,0.1281,301,0.024657534246575342,-0.015397601016017283,2835.0,7.300000000000001
1160,8.0,8.2,0.1255,452,0.024657534246575342,-0.013635486022618026,2840.0,8.1
1162,8.8,9.1,0.1225,514,0.024657534246575342,-0.011876470617438477,2845.0,8.95
1164,9.8,10.0,0.1196,1130,0.024657534246575342,-0.010120543915173473,2850.0,9.9
1166,10.9,11.1,0.1168,471,0.024657534246575342,-0.008367695087759114,2855.0,11.0
1168,12.1,12.4,0.1142,439,0.024657534246575342,-0.006617913363971453,2860.0,12.25
1170,13.5,13.8,0.1116,1037,0.024657534246575342,-0.00487118802902981,2865.0,13.65
1172,15.1,15.4,0.1092,328,0.024657534246575342,-0.0031275084242029776,2870.0,15.25
1174,16.9,17.2,0.107,1069,0.024657534246575342,-0.0013868639464188668,2875.0,17.049999999999997
1176,18.9,19.2,0.1047,224,0.024657534246575342,0.0003507559521219104,2880.0,19.049999999999997
1178,21.1,21.5,0.1027,325,0.024657534246575342,0.0020853617643302107,2885.0,21.3
1180,23.6,24.0,0.1009,1217,0.024657534246575342,0.003816963928608097,2890.0,23.8
1182,26.4,26.8,0.0995,215,0.024657534246575342,0.005545572829225849,2895.0,26.6
1184,29.4,29.8,0.098,567,0.024657534246575342,0.007271198796695605,2900.0,29.6
1186,32.6,33.0,0.0964,131,0.024657534246575342,0.00899385210814179,2905.0,32.8
1188,36.1,36.5,0.0952,317,0.024657534246575342,0.010713542987668584,2910.0,36.3
1190,39.4,40.7,0.0944,23,0.024657534246575342,0.012430281606723118,2915.0,40.05
1192,43.3,44.7,0.0938,216,0.024657534246575342,0.014144078084457773,2920.0,44.0
1194,47.2,48.9,0.0925,99,0.024657534246575342,0.01585494248808719,2925.0,48.05
1196,51.5,53.2,0.0921,101,0.024657534246575342,0.017562884833243288,2930.0,52.35
1198,56.0,57.6,0.092,3,0.024657534246575342,0.0192679150843271,2935.0,56.8
1200,60.6,62.3,0.0934,0,0.024657534246575342,0.02097004315485755,2940.0,61.45
1202,65.1,67.0,0.0929,1,0.024657534246575342,0.022669278907817315,2945.0,66.05
1204,69.9,71.5,0.0917,50,0.024657534246575342,0.02436563215599572,2950.0,70.7
1206,74.7,76.4,0.0935,1,0.024657534246575342,0.026059112662328764,2955.0,75.55000000000001
1208,79.5,81.2,0.0931,0,0.024657534246575342,0.027749730140236226,2960.0,80.35
1210,84.2,86.2,0.0929,0,0.024657534246575342,0.02943749425395619,2965.0,85.2
1212,89.1,91.1,0.0933,1,0.024657534246575342,0.031122414618875646,2970.0,90.1
1214,94.1,96.1,0.0978,2,0.024657534246575342,0.03280450080186045,2975.0,95.1
1216,99.2,100.8,0.0968,0,0.024657534246575342,0.03448376232158044,2980.0,100.0
1218,104.0,106.0,0.1011,11,0.024657534246575342,0.036160208648832744,2985.0,105.0
1220,108.9,110.9,0.0972,0,0.024657534246575342,0.03783384920686237,2990.0,109.9
1222,113.7,115.8,0.0,0,0.024657534246575342,0.03950469337167996,2995.0,114.75
1224,118.8,120.9,0.0995,18,0.024657534246575342,0.04117275047237696,3000.0,119.85
1226,123.9,125.8,0.1036,0,0.024657534246575342,0.04283802979143815,3005.0,124.85
1228,128.8,130.8,0.0972,0,0.024657534246575342,0.04450054056505159,3010.0,129.8
1230,133.9,135.7,0.1013,0,0.024657534246575342,0.04616029198341618,3015.0,134.8
1232,138.9,140.7,0.1053,0,0.024657534246575342,0.04781729319104567,3020.0,139.8
1234,143.9,145.7,0.1101,0,0.024657534246575342,0.04947155328707216,3025.0,144.8
1236,148.8,150.8,0.1143,0,0.024657534246575342,0.051123081325545126,3030.0,149.8
1238,153.8,155.7,0.0,0,0.024657534246575342,0.05277188631572892,3035.0,154.75
1240,158.9,160.6,0.0,0,0.024657534246575342,0.05441797722239764,3040.0,159.75
1242,163.9,165.6,0.0,0,0.024657534246575342,0.05606136296612764,3045.0,164.75
1244,168.9,170.5,0.0,0,0.024657534246575342,0.05770205242358753,3050.0,169.7
1246,173.7,175.8,0.1128,0,0.024657534246575342,0.059340054427825896,3055.0,174.75
1248,178.8,180.7,0.1177,0,0.024657534246575342,0.06097537776855663,3060.0,179.75
1250,183.9,185.5,0.0,0,0.024657534246575342,0.06260803119244214,3065.0,184.7
1252,188.7,190.7,0.0,0,0.024657534246575342,0.06423802340337319,3070.0,189.7
1254,193.7,195.7,0.0,0,0.024657534246575342,0.06586536306274857,3075.0,194.7
1256,198.8,200.7,0.1384,0,0.024657534246575342,0.06749005878975045,3080.0,199.75
1258,203.9,205.5,0.0,0,0.024657534246575342,0.06911211916161847,3085.0,204.7
1260,208.9,210.5,0.0,0,0.024657534246575342,0.07073155271392141,3090.0,209.7
1262,213.7,215.6,0.0,0,0.024657534246575342,0.07234836794082672,3095.0,214.64999999999998
1264,218.7,220.6,0.0,0,0.024657534246575342,0.07396257329536783,3100.0,219.64999999999998
1266,223.7,225.7,0.0,0,0.024657534246575342,0.07557417718970934,3105.0,224.7
1268,228.7,230.6,0.0,0,0.024657534246575342,0.07718318799541,3110.0,229.64999999999998
1270,238.7,240.6,0.0,0,0.024657534246575342,0.08039346362565838,3120.0,239.64999999999998
1272,243.8,245.5,0.0,0,0.024657534246575342,0.08199474499263221,3125.0,244.65
1274,248.7,250.6,0.0,0,0.024657534246575342,0.08359346635632921,3130.0,249.64999999999998
1276,258.8,260.6,0.1613,0,0.024657534246575342,0.08678326172442932,3140.0,259.70000000000005
1278,268.8,270.4,0.0,0,0.024657534246575342,0.08996291464180897,3150.0,269.6
1280,278.6,280.5,0.0,0,0.024657534246575342,0.09313248940308798,3160.0,279.55
1282,288.5,290.6,0.0,0,0.024657534246575342,0.09629204969345664,3170.0,289.55
1284,293.5,295.6,0.0,0,0.024657534246575342,0.09786809414892235,3175.0,294.55
1286,298.6,300.6,0.0,0,0.024657534246575342,0.09944165859635283,3180.0,299.6
1288,318.6,320.8,0.2234,1,0.024657534246575342,0.10571127160994814,3200.0,319.70000000000005
1290,339.5,350.9,0.3101,0,0.024657534246575342,0.1134934120520032,3225.0,345.2
1292,364.1,375.5,0.2873,0,0.024657534246575342,0.1212154581459134,3250.0,369.8
1294,413.7,425.1,0.0,12,0.024657534246575342,0.13648293027670183,3300.0,419.4
1296,514.0,525.4,0.3794,4,0.024657534246575342,0.166335893426383,3400.0,519.7
1298,613.7,625.0,0.0,1,0.024657534246575342,0.19532343029963528,3500.0,619.35
1300,714.0,725.4,0.5216,9,0.024657534246575342,0.22349430726633163,3600.0,719.7
1302,813.6,825.0,0.0,0,0.024657534246575342,0.25089328145444606,3700.0,819.3
1304,0.0,0.05,0.8068,26613,0.03561643835616438,-0.5268112871335623,1700.0,0.025
1305,0.0,0.05,0.7239,59,0.03561643835616438,-0.4696528732936137,1800.0,0.025
1306,0.0,0.05,0.6839,19,0.03561643835616438,-0.4422538991054992,1850.0,0.025
1307,0.0,0.05,0.6443,40,0.03561643835616438,-0.4155856520233379,1900.0,0.025
1308,0.0,0.05,0.606,64,0.03561643835616438,-0.3896101656200773,1950.0,0.025
1309,0.0,0.1,0.5988,21,0.03561643835616438,-0.3642923576357874,2000.0,0.05
1310,0.0,0.1,0.5612,28,0.03561643835616438,-0.33959974504541585,2050.0,0.05
1311,0.0,0.1,0.5223,75,0.03561643835616438,-0.3155021934663554,2100.0,0.05
1312,0.0,0.1,0.4876,54,0.03561643835616438,-0.29197169605616125,2150.0,0.05
1313,0.05,0.1,0.466,23,0.03561643835616438,-0.2689821778314625,2200.0,0.07500000000000001
1314,0.05,0.1,0.4301,3,0.03561643835616438,-0.2465093219794039,2250.0,0.07500000000000001
1315,0.0,0.1,0.3982,10,0.03561643835616438,-0.23545948579281892,2275.0,0.05
1316,0.1,0.15,0.4124,62,0.03561643835616438,-0.22453041526062864,2300.0,0.125
1317,0.05,0.15,0.3864,8,0.03561643835616438,-0.21371949915641303,2325.0,0.1
1318,0.05,0.15,0.3688,25,0.03561643835616438,-0.20302421003966506,2350.0,0.1
1319,0.05,0.2,0.3585,5,0.03561643835616438,-0.19244210070912812,2375.0,0.125
1320,0.1,0.2,0.347,11,0.03561643835616438,-0.1819708008418327,2400.0,0.15000000000000002
1321,0.1,0.2,0.329,10,0.03561643835616438,-0.17160801380628612,2425.0,0.15000000000000002
1322,0.1,0.25,0.3233,0,0.03561643835616438,-0.16544149889062224,2440.0,0.175
1323,0.1,0.25,0.3159,20,0.03561643835616438,-0.16135151363909703,2450.0,0.175
1324,0.1,0.25,0.3088,0,0.03561643835616438,-0.15727818825146125,2460.0,0.175
1325,0.15,0.25,0.3059,0,0.03561643835616438,-0.1532213875558468,2470.0,0.2
1326,0.15,0.25,0.3022,36,0.03561643835616438,-0.15119914217507902,2475.0,0.2
1327,0.15,0.25,0.2986,0,0.03561643835616438,-0.14918097801884186,2480.0,0.2
1328,0.15,0.25,0.2913,0,0.03561643835616438,-0.14515682771911648,2490.0,0.2
1329,0.15,0.3,0.2877,5075,0.03561643835616438,-0.14114880632157759,2500.0,0.22499999999999998
1330,0.2,0.3,0.2836,0,0.03561643835616438,-0.13715678505204018,2510.0,0.25
1331,0.2,0.3,0.2762,45,0.03561643835616438,-0.13318063667240068,2520.0,0.25
1332,0.2,0.3,0.2725,1,0.03561643835616438,-0.1311984754684095,2525.0,0.25
1333,0.2,0.35,0.2719,77,0.03561643835616438,-0.1292202354563038,2530.0,0.275
1334,0.25,0.35,0.267,4,0.03561643835616438,-0.1252754571652875,2540.0,0.3
1335,0.25,0.35,0.2598,103,0.03561643835616438,-0.12134617902539786,2550.0,0.3
1336,0.3,0.4,0.257,11,0.03561643835616438,-0.11743227970426158,2560.0,0.35
1337,0.3,0.4,0.2493,50,0.03561643835616438,-0.11353363928860419,2570.0,0.35
1338,0.3,0.45,0.2477,52,0.03561643835616438,-0.11159000408003318,2575.0,0.375
1339,0.35,0.45,0.2459,2202,0.03561643835616438,-0.10965013926220661,2580.0,0.4
1340,0.35,0.45,0.2421,0,0.03561643835616438,-0.10771403023534024,2585.0,0.4
1341,0.35,0.5,0.2401,31,0.03561643835616438,-0.10578166248428633,2590.0,0.425
1342,0.4,0.5,0.2381,7,0.03561643835616438,-0.10385302157788065,2595.0,0.45
1343,0.4,0.5,0.2342,62,0.03561643835616438,-0.10192809316829628,2600.0,0.45
1344,0.4,0.55,0.232,0,0.03561643835616438,-0.10000686299040243,2605.0,0.47500000000000003
1345,0.45,0.55,0.2297,64,0.03561643835616438,-0.09808931686113065,2610.0,0.5
1346,0.45,0.6,0.2272,0,0.03561643835616438,-0.0961754406788465,2615.0,0.525
1347,0.5,0.6,0.2247,41,0.03561643835616438,-0.09426522042272713,2620.0,0.55
1348,0.5,0.65,0.2221,42,0.03561643835616438,-0.09235864215214558,2625.0,0.575
1349,0.55,0.65,0.2195,4404,0.03561643835616438,-0.09045569200605948,2630.0,0.6000000000000001
1350,0.55,0.7,0.2167,45,0.03561643835616438,-0.08855635620240704,2635.0,0.625
1351,0.6,0.7,0.2139,14,0.03561643835616438,-0.08666062103750792,2640.0,0.6499999999999999
1352,0.65,0.75,0.212,11,0.03561643835616438,-0.08476847288546992,2645.0,0.7
1353,0.7,0.8,0.2103,125,0.03561643835616438,-0.0828798981976018,2650.0,0.75
1354,0.7,0.85,0.2072,10,0.03561643835616438,-0.08099488350183051,2655.0,0.7749999999999999
1355,0.75,0.9,0.2051,75,0.03561643835616438,-0.07911341540212498,2660.0,0.825
1356,0.8,0.95,0.2027,28,0.03561643835616438,-0.07723548057792484,2665.0,0.875
1357,0.85,1.0,0.2002,83,0.03561643835616438,-0.07536106578357445,2670.0,0.925
1358,0.9,1.05,0.1977,81,0.03561643835616438,-0.07349015784776276,2675.0,0.9750000000000001
1359,0.95,1.1,0.1951,49,0.03561643835616438,-0.07162274367296735,2680.0,1.025
1360,1.0,1.15,0.1923,1620,0.03561643835616438,-0.06975881023490467,2685.0,1.075
1361,1.1,1.2,0.1902,70,0.03561643835616438,-0.06789834458198497,2690.0,1.15
1362,1.15,1.3,0.1879,14,0.03561643835616438,-0.06604133383477213,2695.0,1.225
1363,1.25,1.35,0.1855,2532,0.03561643835616438,-0.06418776518544925,2700.0,1.3
1364,1.3,1.45,0.1829,66,0.03561643835616438,-0.062337625897287814,2705.0,1.375
1365,1.4,1.55,0.1808,28,0.03561643835616438,-0.06049090330412315,2710.0,1.475
1366,1.5,1.65,0.1785,33,0.03561643835616438,-0.058647584809833946,2715.0,1.575
1367,1.6,1.75,0.176,33,0.03561643835616438,-0.05680765788782678,2720.0,1.675
1368,1.7,1.85,0.1734,713,0.03561643835616438,-0.054971110080525236,2725.0,1.775
1369,1.8,1.95,0.1705,73,0.03561643835616438,-0.0531379289988643,2730.0,1.875
1370,1.95,2.1,0.1685,62,0.03561643835616438,-0.05130810232178815,2735.0,2.025
1371,2.05,2.25,0.1658,317,0.03561643835616438,-0.04948161779575385,2740.0,2.15
1372,2.2,2.35,0.163,5,0.03561643835616438,-0.04765846323423877,2745.0,2.2750000000000004
1373,2.35,2.5,0.1604,78,0.03561643835616438,-0.045838626517252706,2750.0,2.425
1374,2.55,2.7,0.1583,21,0.03561643835616438,-0.04402209559085485,2755.0,2.625
1375,2.7,2.85,0.1553,229,0.03561643835616438,-0.04220885846667405,2760.0,2.7750000000000004
1376,2.9,3.1,0.1531,113,0.03561643835616438,-0.04039890322143458,2765.0,3.0
1377,3.1,3.3,0.1503,112,0.03561643835616438,-0.038592217996485594,2770.0,3.2
1378,3.3,3.5,0.1474,267,0.03561643835616438,-0.0367887909973348,2775.0,3.4
1379,3.6,3.8,0.1453,116,0.03561643835616438,-0.03498861049318696,2780.0,3.7
1380,3.9,4.1,0.1429,51,0.03561643835616438,-0.03319166481648533,2785.0,4.0
1381,4.2,4.4,0.1402,445,0.03561643835616438,-0.03139794236245844,2790.0,4.300000000000001
1382,4.5,4.7,0.1373,92,0.03561643835616438,-0.02960743158867024,2795.0,4.6
1383,4.9,5.1,0.135,887,0.03561643835616438,-0.027820121014574394,2800.0,5.0
1384,5.3,5.5,0.1324,639,0.03561643835616438,-0.026035999221073018,2805.0,5.4
1385,5.7,5.9,0.1294,96,0.03561643835616438,-0.02425505485007828,2810.0,5.800000000000001
1386,6.2,6.4,0.1269,85,0.03561643835616438,-0.022477276604078996,2815.0,6.300000000000001
1387,6.7,7.0,0.1244,141,0.03561643835616438,-0.020702653245710502,2820.0,6.85
1388,7.3,7.6,0.1218,233,0.03561643835616438,-0.018931173597328366,2825.0,7.449999999999999
1389,8.0,8.3,0.1195,198,0.03561643835616438,-0.017162826540586398,2830.0,8.15
1390,8.7,9.0,0.1167,213,0.03561643835616438,-0.015397601016017283,2835.0,8.85
1391,9.6,9.8,0.1144,72,0.03561643835616438,-0.013635486022618026,2840.0,9.7
1392,10.5,10.8,0.112,89,0.03561643835616438,-0.011876470617438477,2845.0,10.65
1393,11.5,11.8,0.1095,153,0.03561643835616438,-0.010120543915173473,2850.0,11.65
1394,12.6,13.0,0.1071,79,0.03561643835616438,-0.008367695087759114,2855.0,12.8
1395,13.9,14.2,0.1046,101,0.03561643835616438,-0.006617913363971453,2860.0,14.05
1396,15.3,15.7,0.1024,556,0.03561643835616438,-0.00487118802902981,2865.0,15.5
1397,16.9,17.3,0.1003,238,0.03561643835616438,-0.0031275084242029776,2870.0,17.1
1398,18.7,19.0,0.0981,203,0.03561643835616438,-0.0013868639464188668,2875.0,18.85
1399,20.7,21.0,0.0962,27,0.03561643835616438,0.0003507559521219104,2880.0,20.85
1400,22.9,23.2,0.0944,496,0.03561643835616438,0.0020853617643302107,2885.0,23.049999999999997
1401,25.3,25.7,0.0928,53,0.03561643835616438,0.003816963928608097,2890.0,25.5
1402,27.9,28.3,0.0909,54,0.03561643835616438,0.005545572829225849,2895.0,28.1
1403,30.8,31.2,0.0895,772,0.03561643835616438,0.007271198796695605,2900.0,31.0
1404,34.0,34.4,0.0886,18,0.03561643835616438,0.00899385210814179,2905.0,34.2
1405,37.3,37.7,0.0872,21,0.03561643835616438,0.010713542987668584,2910.0,37.5
1406,40.3,41.8,0.086,2,0.03561643835616438,0.012430281606723118,2915.0,41.05
1407,44.0,45.7,0.0852,4,0.03561643835616438,0.014144078084457773,2920.0,44.85
1408,48.1,49.7,0.085,3,0.03561643835616438,0.01585494248808719,2925.0,48.900000000000006
1409,52.2,53.8,0.084,4,0.03561643835616438,0.017562884833243288,2930.0,53.0
1410,56.5,58.1,0.0836,4,0.03561643835616438,0.0192679150843271,2935.0,57.3
1411,60.8,62.5,0.0824,0,0.03561643835616438,0.02097004315485755,2940.0,61.65
1412,65.4,67.1,0.0828,1,0.03561643835616438,0.022669278907817315,2945.0,66.25
1413,69.9,71.8,0.0823,1,0.03561643835616438,0.02436563215599572,2950.0,70.85
1414,74.8,76.5,0.0837,0,0.03561643835616438,0.026059112662328764,2955.0,75.65
1415,79.4,81.3,0.0826,0,0.03561643835616438,0.027749730140236226,2960.0,80.35
1416,84.1,86.1,0.081,0,0.03561643835616438,0.02943749425395619,2965.0,85.1
1417,89.0,91.0,0.0821,0,0.03561643835616438,0.031122414618875646,2970.0,90.0
1418,93.9,95.9,0.0825,0,0.03561643835616438,0.03280450080186045,2975.0,94.9
1419,99.1,100.8,0.0882,0,0.03561643835616438,0.03448376232158044,2980.0,99.94999999999999
1420,103.8,105.8,0.0856,0,0.03561643835616438,0.036160208648832744,2985.0,104.8
1421,108.7,110.7,0.0833,0,0.03561643835616438,0.03783384920686237,2990.0,109.7
1422,113.7,115.7,0.0869,0,0.03561643835616438,0.03950469337167996,2995.0,114.7
1423,118.7,120.6,0.0864,2,0.03561643835616438,0.04117275047237696,3000.0,119.65
1424,123.8,125.5,0.09,0,0.03561643835616438,0.04283802979143815,3005.0,124.65
1425,128.5,130.5,0.0,0,0.03561643835616438,0.04450054056505159,3010.0,129.5
1426,133.6,135.6,0.0912,0,0.03561643835616438,0.04616029198341618,3015.0,134.6
1427,138.6,140.6,0.0946,0,0.03561643835616438,0.04781729319104567,3020.0,139.6
1428,143.7,145.4,0.0889,0,0.03561643835616438,0.04947155328707216,3025.0,144.55
1429,148.4,150.4,0.0,0,0.03561643835616438,0.051123081325545126,3030.0,149.4
1430,153.4,155.4,0.0,0,0.03561643835616438,0.05277188631572892,3035.0,154.4
1431,158.6,160.6,0.1091,0,0.03561643835616438,0.05441797722239764,3040.0,159.6
1432,168.5,170.4,0.0,0,0.03561643835616438,0.05770205242358753,3050.0,169.45
1433,178.5,180.4,0.0,1,0.03561643835616438,0.06097537776855663,3060.0,179.45
1434,188.6,190.4,0.1073,1,0.03561643835616438,0.06423802340337319,3070.0,189.5
1435,193.6,195.6,0.1336,0,0.03561643835616438,0.06586536306274857,3075.0,194.6
1436,198.6,200.6,0.1371,0,0.03561643835616438,0.06749005878975045,3080.0,199.6
1437,208.5,210.4,0.0,0,0.03561643835616438,0.07073155271392141,3090.0,209.45
1438,218.5,220.5,0.1334,0,0.03561643835616438,0.07396257329536783,3100.0,219.5
1439,243.6,245.3,0.1349,0,0.03561643835616438,0.08199474499263221,3125.0,244.45
1440,268.5,270.4,0.1575,0,0.03561643835616438,0.08996291464180897,3150.0,269.45
1441,293.3,295.4,0.0,0,0.03561643835616438,0.09786809414892235,3175.0,294.35
1442,318.3,320.3,0.0,0,0.03561643835616438,0.10571127160994814,3200.0,319.3
1443,364.0,375.4,0.2608,0,0.03561643835616438,0.1212154581459134,3250.0,369.7
1444,413.7,425.1,0.2563,0,0.03561643835616438,0.13648293027670183,3300.0,419.4
1445,0.0,0.05,0.753,16150,0.0410958904109589,-0.5268112871335623,1700.0,0.025
1446,0.0,0.1,0.7078,26,0.0410958904109589,-0.4696528732936137,1800.0,0.05
1447,0.0,0.1,0.6703,30,0.0410958904109589,-0.4422538991054992,1850.0,0.05
1448,0.0,0.1,0.6314,15,0.0410958904109589,-0.4155856520233379,1900.0,0.05
1449,0.0,0.1,0.5949,51,0.0410958904109589,-0.3896101656200773,1950.0,0.05
1450,0.0,0.1,0.559,53,0.0410958904109589,-0.3642923576357874,2000.0,0.05
1451,0.0,0.15,0.5388,23,0.0410958904109589,-0.33959974504541585,2050.0,0.075
1452,0.0,0.15,0.5032,8,0.0410958904109589,-0.3155021934663554,2100.0,0.075
1453,0.05,0.15,0.4803,3516,0.0410958904109589,-0.29197169605616125,2150.0,0.1
1454,0.05,0.15,0.4453,1771,0.0410958904109589,-0.2689821778314625,2200.0,0.1
1455,0.05,0.2,0.4193,2,0.0410958904109589,-0.2465093219794039,2250.0,0.125
1456,0.05,0.2,0.4022,0,0.0410958904109589,-0.23545948579281892,2275.0,0.125
1457,0.1,0.2,0.3917,7,0.0410958904109589,-0.22453041526062864,2300.0,0.15000000000000002
1458,0.1,0.25,0.3803,0,0.0410958904109589,-0.21371949915641303,2325.0,0.175
1459,0.1,0.25,0.3627,16,0.0410958904109589,-0.20302421003966506,2350.0,0.175
1460,0.15,0.25,0.3501,0,0.0410958904109589,-0.19244210070912812,2375.0,0.2
1461,0.15,0.3,0.3371,5059,0.0410958904109589,-0.1819708008418327,2400.0,0.22499999999999998
1462,0.2,0.3,0.3234,2,0.0410958904109589,-0.17160801380628612,2425.0,0.25
1463,0.2,0.35,0.3091,40,0.0410958904109589,-0.16135151363909703,2450.0,0.275
1464,0.25,0.35,0.305,1,0.0410958904109589,-0.15727818825146125,2460.0,0.3
1465,0.25,0.35,0.298,0,0.0410958904109589,-0.1532213875558468,2470.0,0.3
1466,0.25,0.4,0.2971,3,0.0410958904109589,-0.15119914217507902,2475.0,0.325
1467,0.25,0.4,0.2936,0,0.0410958904109589,-0.14918097801884186,2480.0,0.325
1468,0.3,0.4,0.289,0,0.0410958904109589,-0.14515682771911648,2490.0,0.35
1469,0.3,0.45,0.2844,13,0.0410958904109589,-0.14114880632157759,2500.0,0.375
1470,0.35,0.45,0.2794,36,0.0410958904109589,-0.13715678505204018,2510.0,0.4
1471,0.35,0.5,0.2741,79,0.0410958904109589,-0.13318063667240068,2520.0,0.425
1472,0.4,0.5,0.2724,40,0.0410958904109589,-0.1311984754684095,2525.0,0.45
1473,0.4,0.5,0.2688,52,0.0410958904109589,-0.1292202354563038,2530.0,0.45
1474,0.45,0.55,0.2651,1,0.0410958904109589,-0.1252754571652875,2540.0,0.5
1475,0.45,0.6,0.2594,10,0.0410958904109589,-0.12134617902539786,2550.0,0.525
1476,0.5,0.65,0.2551,9,0.0410958904109589,-0.11743227970426158,2560.0,0.575
1477,0.55,0.7,0.2505,1,0.0410958904109589,-0.11353363928860419,2570.0,0.625
1478,0.6,0.7,0.2481,0,0.0410958904109589,-0.11159000408003318,2575.0,0.6499999999999999
1479,0.6,0.75,0.2456,62,0.0410958904109589,-0.10965013926220661,2580.0,0.675
1480,0.65,0.8,0.2405,50,0.0410958904109589,-0.10578166248428633,2590.0,0.7250000000000001
1481,0.7,0.8,0.2379,0,0.0410958904109589,-0.10385302157788065,2595.0,0.75
1482,0.7,0.85,0.2352,61,0.0410958904109589,-0.10192809316829628,2600.0,0.7749999999999999
1483,0.75,0.9,0.2335,0,0.0410958904109589,-0.10000686299040243,2605.0,0.825
1484,0.8,0.9,0.2307,115,0.0410958904109589,-0.09808931686113065,2610.0,0.8500000000000001
1485,0.85,0.95,0.2288,0,0.0410958904109589,-0.0961754406788465,2615.0,0.8999999999999999
1486,0.85,1.0,0.2259,131,0.0410958904109589,-0.09426522042272713,2620.0,0.925
1487,0.9,1.05,0.2238,335,0.0410958904109589,-0.09235864215214558,2625.0,0.9750000000000001
1488,0.95,1.1,0.2215,34,0.0410958904109589,-0.09045569200605948,2630.0,1.025
1489,1.0,1.15,0.2193,197,0.0410958904109589,-0.08855635620240704,2635.0,1.075
1490,1.05,1.2,0.2169,161,0.0410958904109589,-0.08666062103750792,2640.0,1.125
1491,1.1,1.25,0.2143,0,0.0410958904109589,-0.08476847288546992,2645.0,1.175
1492,1.2,1.3,0.2125,73,0.0410958904109589,-0.0828798981976018,2650.0,1.25
1493,1.25,1.4,0.2105,94,0.0410958904109589,-0.08099488350183051,2655.0,1.325
1494,1.3,1.45,0.2077,109,0.0410958904109589,-0.07911341540212498,2660.0,1.375
1495,1.4,1.55,0.2061,31,0.0410958904109589,-0.07723548057792484,2665.0,1.475
1496,1.45,1.6,0.2032,78,0.0410958904109589,-0.07536106578357445,2670.0,1.525
1497,1.55,1.65,0.2007,53,0.0410958904109589,-0.07349015784776276,2675.0,1.6
1498,1.6,1.75,0.1982,24,0.0410958904109589,-0.07162274367296735,2680.0,1.675
1499,1.7,1.85,0.1961,965,0.0410958904109589,-0.06975881023490467,2685.0,1.775
1500,1.8,1.95,0.1938,15,0.0410958904109589,-0.06789834458198497,2690.0,1.875
1501,1.9,2.05,0.1914,60,0.0410958904109589,-0.06604133383477213,2695.0,1.9749999999999999
1502,2.0,2.15,0.1889,188,0.0410958904109589,-0.06418776518544925,2700.0,2.075
1503,2.1,2.3,0.1867,188,0.0410958904109589,-0.062337625897287814,2705.0,2.2
1504,2.25,2.4,0.1844,73,0.0410958904109589,-0.06049090330412315,2710.0,2.325
1505,2.35,2.55,0.1819,18,0.0410958904109589,-0.058647584809833946,2715.0,2.45
1506,2.5,2.7,0.1796,30,0.0410958904109589,-0.05680765788782678,2720.0,2.6
1507,2.65,2.85,0.1772,1289,0.0410958904109589,-0.054971110080525236,2725.0,2.75
1508,2.85,3.0,0.175,1494,0.0410958904109589,-0.0531379289988643,2730.0,2.925
1509,3.0,3.2,0.1727,35,0.0410958904109589,-0.05130810232178815,2735.0,3.1
1510,3.2,3.4,0.1704,103,0.0410958904109589,-0.04948161779575385,2740.0,3.3
1511,3.4,3.6,0.168,25,0.0410958904109589,-0.04765846323423877,2745.0,3.5
1512,3.6,3.8,0.1655,915,0.0410958904109589,-0.045838626517252706,2750.0,3.7
1513,3.8,4.0,0.1627,44,0.0410958904109589,-0.04402209559085485,2755.0,3.9
1514,4.0,4.2,0.1598,50,0.0410958904109589,-0.04220885846667405,2760.0,4.1
1515,4.3,4.5,0.1578,43,0.0410958904109589,-0.04039890322143458,2765.0,4.4
1516,4.5,4.8,0.155,35,0.0410958904109589,-0.038592217996485594,2770.0,4.65
1517,4.8,5.1,0.1525,1240,0.0410958904109589,-0.0367887909973348,2775.0,4.949999999999999
1518,5.2,5.4,0.1502,38,0.0410958904109589,-0.03498861049318696,2780.0,5.300000000000001
1519,5.5,5.7,0.1473,47,0.0410958904109589,-0.03319166481648533,2785.0,5.6
1520,5.9,6.1,0.145,45,0.0410958904109589,-0.03139794236245844,2790.0,6.0
1521,6.3,6.5,0.1424,50,0.0410958904109589,-0.02960743158867024,2795.0,6.4
1522,6.8,7.0,0.1403,32,0.0410958904109589,-0.027820121014574394,2800.0,6.9
1523,7.2,7.5,0.1375,11,0.0410958904109589,-0.026035999221073018,2805.0,7.35
1524,7.8,8.0,0.1351,22,0.0410958904109589,-0.02425505485007828,2810.0,7.9
1525,8.3,8.6,0.1325,54,0.0410958904109589,-0.022477276604078996,2815.0,8.45
1526,9.0,9.2,0.1301,105,0.0410958904109589,-0.020702653245710502,2820.0,9.1
1527,9.7,9.9,0.1277,35,0.0410958904109589,-0.018931173597328366,2825.0,9.8
1528,10.4,10.7,0.1252,131,0.0410958904109589,-0.017162826540586398,2830.0,10.55
1529,11.2,11.5,0.1226,60,0.0410958904109589,-0.015397601016017283,2835.0,11.35
1530,12.1,12.4,0.1201,52,0.0410958904109589,-0.013635486022618026,2840.0,12.25
1531,13.1,13.4,0.1177,14,0.0410958904109589,-0.011876470617438477,2845.0,13.25
1532,14.2,14.5,0.1154,614,0.0410958904109589,-0.010120543915173473,2850.0,14.35
1533,15.4,15.8,0.1133,11,0.0410958904109589,-0.008367695087759114,2855.0,15.600000000000001
1534,16.8,17.1,0.1111,49,0.0410958904109589,-0.006617913363971453,2860.0,16.950000000000003
1535,18.2,18.6,0.1088,13,0.0410958904109589,-0.00487118802902981,2865.0,18.4
1536,19.9,20.2,0.1067,25,0.0410958904109589,-0.0031275084242029776,2870.0,20.049999999999997
1537,21.6,22.0,0.1045,40,0.0410958904109589,-0.0013868639464188668,2875.0,21.8
1538,23.6,24.0,0.1028,45,0.0410958904109589,0.0003507559521219104,2880.0,23.8
1539,25.7,26.1,0.1007,85,0.0410958904109589,0.0020853617643302107,2885.0,25.9
1540,28.1,28.5,0.0992,27,0.0410958904109589,0.003816963928608097,2890.0,28.3
1541,30.6,31.0,0.0974,26,0.0410958904109589,0.005545572829225849,2895.0,30.8
1542,33.3,33.8,0.0958,113,0.0410958904109589,0.007271198796695605,2900.0,33.55
1543,36.3,36.7,0.0943,28,0.0410958904109589,0.00899385210814179,2905.0,36.5
1544,39.5,39.9,0.0932,1,0.0410958904109589,0.010713542987668584,2910.0,39.7
1545,42.8,43.3,0.0918,1,0.0410958904109589,0.012430281606723118,2915.0,43.05
1546,45.8,47.3,0.0904,10,0.0410958904109589,0.014144078084457773,2920.0,46.55
1547,49.6,51.2,0.0899,0,0.0410958904109589,0.01585494248808719,2925.0,50.400000000000006
1548,53.4,55.0,0.0882,0,0.0410958904109589,0.017562884833243288,2930.0,54.2
1549,57.6,59.1,0.0879,0,0.0410958904109589,0.0192679150843271,2935.0,58.35
1550,61.8,63.3,0.0869,0,0.0410958904109589,0.02097004315485755,2940.0,62.55
1551,66.0,67.8,0.0862,0,0.0410958904109589,0.022669278907817315,2945.0,66.9
1552,70.6,72.3,0.0865,3,0.0410958904109589,0.02436563215599572,2950.0,71.44999999999999
1553,75.0,76.9,0.0854,0,0.0410958904109589,0.026059112662328764,2955.0,75.95
1554,79.8,81.5,0.0858,0,0.0410958904109589,0.027749730140236226,2960.0,80.65
1555,84.4,86.3,0.0854,0,0.0410958904109589,0.02943749425395619,2965.0,85.35
1556,89.1,91.1,0.0848,1,0.0410958904109589,0.031122414618875646,2970.0,90.1
1557,93.9,95.9,0.0842,0,0.0410958904109589,0.03280450080186045,2975.0,94.9
1558,99.0,100.8,0.088,0,0.0410958904109589,0.03448376232158044,2980.0,99.9
1559,103.7,105.7,0.086,0,0.0410958904109589,0.036160208648832744,2985.0,104.7
1560,108.7,110.4,0.0838,0,0.0410958904109589,0.03783384920686237,2990.0,109.55000000000001
1561,113.7,115.4,0.0872,0,0.0410958904109589,0.03950469337167996,2995.0,114.55000000000001
1562,118.4,120.5,0.0853,3,0.0410958904109589,0.04117275047237696,3000.0,119.45
1563,123.6,125.3,0.0886,0,0.0410958904109589,0.04283802979143815,3005.0,124.44999999999999
1564,128.4,130.4,0.0883,2,0.0410958904109589,0.04450054056505159,3010.0,129.4
1565,133.3,135.4,0.087,0,0.0410958904109589,0.04616029198341618,3015.0,134.35000000000002
1566,138.3,140.3,0.0833,0,0.0410958904109589,0.04781729319104567,3020.0,139.3
1567,143.4,145.1,0.0,0,0.0410958904109589,0.04947155328707216,3025.0,144.25
1568,148.1,150.1,0.0,0,0.0410958904109589,0.051123081325545126,3030.0,149.1
1569,153.3,155.3,0.0939,0,0.0410958904109589,0.05277188631572892,3035.0,154.3
1570,158.2,160.3,0.083,0,0.0410958904109589,0.05441797722239764,3040.0,159.25
1571,168.1,170.2,0.0,2,0.0410958904109589,0.05770205242358753,3050.0,169.14999999999998
1572,178.2,180.2,0.0,1,0.0410958904109589,0.06097537776855663,3060.0,179.2
1573,188.2,190.2,0.0,0,0.0410958904109589,0.06423802340337319,3070.0,189.2
1574,193.2,195.2,0.0,1,0.0410958904109589,0.06586536306274857,3075.0,194.2
1575,198.2,200.2,0.0,0,0.0410958904109589,0.06749005878975045,3080.0,199.2
1576,208.3,210.1,0.1078,0,0.0410958904109589,0.07073155271392141,3090.0,209.2
1577,218.1,220.1,0.0,0,0.0410958904109589,0.07396257329536783,3100.0,219.1
1578,243.2,244.9,0.0,0,0.0410958904109589,0.08199474499263221,3125.0,244.05
1579,268.0,269.9,0.0,0,0.0410958904109589,0.08996291464180897,3150.0,268.95
1580,292.8,294.9,0.0,0,0.0410958904109589,0.09786809414892235,3175.0,293.85
1581,317.7,319.9,0.0,0,0.0410958904109589,0.10571127160994814,3200.0,318.79999999999995
1582,363.3,374.7,0.0,1,0.0410958904109589,0.1212154581459134,3250.0,369.0
1583,413.3,424.7,0.2094,0,0.0410958904109589,0.13648293027670183,3300.0,419.0
1584,0.0,0.05,1.6575,0,0.04657534246575343,-1.2805830895099424,800.0,0.025
1585,0.0,0.05,1.501,0,0.04657534246575343,-1.162800053853559,900.0,0.025
1586,0.0,0.05,1.376,150,0.04657534246575343,-1.0574395381957327,1000.0,0.025
1587,0.0,0.05,1.3135,0,0.04657534246575343,-1.0086493740263007,1050.0,0.025
1588,0.0,0.05,1.251,0,0.04657534246575343,-0.9621293583914078,1100.0,0.025
1589,0.0,0.05,1.2014,2,0.04657534246575343,-0.917677595820574,1150.0,0.025
1590,0.0,0.05,1.1442,0,0.04657534246575343,-0.875117981401778,1200.0,0.025
1591,0.0,0.05,1.0947,83,0.04657534246575343,-0.8342959868815228,1250.0,0.025
1592,0.0,0.05,1.0456,87,0.04657534246575343,-0.7950752737282416,1300.0,0.025
1593,0.0,0.05,1.001,72,0.04657534246575343,-0.7573349457453945,1350.0,0.025
1594,0.0,0.05,0.9556,60,0.04657534246575343,-0.7209673015745197,1400.0,0.025
1595,0.0,0.05,0.9108,60,0.04657534246575343,-0.6858759817632497,1450.0,0.025
1596,0.0,0.05,0.8676,422,0.04657534246575343,-0.6519744300875684,1500.0,0.025
1597,0.0,0.05,0.8259,140,0.04657534246575343,-0.6191846072645775,1550.0,0.025
1598,0.0,0.1,0.8223,23038,0.04657534246575343,-0.5874359089499972,1600.0,0.05
1599,0.0,0.1,0.7815,31426,0.04657534246575343,-0.5566642502832435,1650.0,0.05
1600,0.0,0.1,0.7425,7335,0.04657534246575343,-0.5268112871335623,1700.0,0.05
1601,0.0,0.1,0.7029,181,0.04657534246575343,-0.49782375026031,1750.0,0.05
1602,0.0,0.1,0.6663,2318,0.04657534246575343,-0.4696528732936137,1800.0,0.05
1603,0.05,0.1,0.6479,260,0.04657534246575343,-0.4422538991054992,1850.0,0.07500000000000001
1604,0.05,0.1,0.6128,211,0.04657534246575343,-0.4155856520233379,1900.0,0.07500000000000001
1605,0.05,0.1,0.5755,14459,0.04657534246575343,-0.3896101656200773,1950.0,0.07500000000000001
1606,0.05,0.15,0.5552,260,0.04657534246575343,-0.3642923576357874,2000.0,0.1
1607,0.05,0.15,0.5195,852,0.04657534246575343,-0.33959974504541585,2050.0,0.1
1608,0.05,0.15,0.503,93,0.04657534246575343,-0.32747838451307104,2075.0,0.1
1609,0.05,0.15,0.486,7168,0.04657534246575343,-0.3155021934663554,2100.0,0.1
1610,0.1,0.2,0.4856,141,0.04657534246575343,-0.3036677358193525,2125.0,0.15000000000000002
1611,0.1,0.2,0.4689,522,0.04657534246575343,-0.29197169605616125,2150.0,0.15000000000000002
1612,0.1,0.2,0.4516,1593,0.04657534246575343,-0.28041087365508527,2175.0,0.15000000000000002
1613,0.1,0.2,0.4415,231,0.04657534246575343,-0.2735379943673232,2190.0,0.15000000000000002
1614,0.1,0.2,0.4348,1596,0.04657534246575343,-0.2689821778314625,2200.0,0.15000000000000002
1615,0.1,0.2,0.4281,30,0.04657534246575343,-0.2644470226660713,2210.0,0.15000000000000002
1616,0.1,0.2,0.4213,12,0.04657534246575343,-0.25993234231154455,2220.0,0.15000000000000002
1617,0.1,0.2,0.4182,295,0.04657534246575343,-0.2576826225775291,2225.0,0.15000000000000002
1618,0.15,0.25,0.4261,17,0.04657534246575343,-0.2554379527237053,2230.0,0.2
1619,0.15,0.25,0.4193,425,0.04657534246575343,-0.25096367232878414,2240.0,0.2
1620,0.15,0.25,0.4125,1626,0.04657534246575343,-0.2465093219794039,2250.0,0.2
1621,0.15,0.25,0.4058,16,0.04657534246575343,-0.2420747249115382,2260.0,0.2
1622,0.15,0.25,0.3991,99,0.04657534246575343,-0.23765970670242131,2270.0,0.2
1623,0.15,0.25,0.3958,97,0.04657534246575343,-0.23545948579281892,2275.0,0.2
1624,0.15,0.25,0.3924,12,0.04657534246575343,-0.2332640952293833,2280.0,0.2
1625,0.15,0.25,0.3857,16,0.04657534246575343,-0.22888772062958446,2290.0,0.2
1626,0.15,0.25,0.3793,1091,0.04657534246575343,-0.22453041526062864,2300.0,0.2
1627,0.2,0.3,0.3808,504,0.04657534246575343,-0.22019201366203053,2310.0,0.25
1628,0.2,0.3,0.3744,24,0.04657534246575343,-0.21587235251751405,2320.0,0.25
1629,0.2,0.3,0.371,699,0.04657534246575343,-0.21371949915641303,2325.0,0.25
1630,0.2,0.3,0.3677,28,0.04657534246575343,-0.21157127061812347,2330.0,0.25
1631,0.2,0.25,0.3603,2048,0.04657534246575343,-0.20942764707487208,2335.0,0.225
1632,0.2,0.3,0.3609,84,0.04657534246575343,-0.20728860882612268,2340.0,0.25
1633,0.2,0.3,0.3575,17,0.04657534246575343,-0.20515413629748994,2345.0,0.25
1634,0.2,0.3,0.3542,647,0.04657534246575343,-0.20302421003966506,2350.0,0.25
1635,0.2,0.3,0.3508,13,0.04657534246575343,-0.2008988107273516,2355.0,0.25
1636,0.2,0.3,0.3475,97,0.04657534246575343,-0.198777919158214,2360.0,0.25
1637,0.2,0.35,0.3477,141,0.04657534246575343,-0.19666151625183645,2365.0,0.275
1638,0.2,0.35,0.3441,57,0.04657534246575343,-0.1945495830486928,2370.0,0.275
1639,0.25,0.35,0.3439,2023,0.04657534246575343,-0.19244210070912812,2375.0,0.3
1640,0.25,0.35,0.3408,196,0.04657534246575343,-0.19033905051234934,2380.0,0.3
1641,0.25,0.35,0.3374,583,0.04657534246575343,-0.18824041385542817,2385.0,0.3
1642,0.25,0.35,0.3341,10120,0.04657534246575343,-0.18614617225231345,2390.0,0.3
1643,0.25,0.35,0.3306,19,0.04657534246575343,-0.18405630733285408,2395.0,0.3
1644,0.25,0.35,0.3272,340,0.04657534246575343,-0.1819708008418327,2400.0,0.3
1645,0.25,0.35,0.3238,17,0.04657534246575343,-0.17988963463800817,2405.0,0.3
1646,0.3,0.35,0.3235,666,0.04657534246575343,-0.17781279069316908,2410.0,0.32499999999999996
1647,0.3,0.4,0.3228,13,0.04657534246575343,-0.17574025109119673,2415.0,0.35
1648,0.3,0.4,0.3193,495,0.04657534246575343,-0.1736719980271376,2420.0,0.35
1649,0.3,0.4,0.3159,1834,0.04657534246575343,-0.17160801380628612,2425.0,0.35
1650,0.3,0.4,0.3126,350,0.04657534246575343,-0.16954828084327558,2430.0,0.35
1651,0.3,0.45,0.3116,24,0.04657534246575343,-0.1674927816611796,2435.0,0.375
1652,0.35,0.45,0.3105,110,0.04657534246575343,-0.16544149889062224,2440.0,0.4
1653,0.35,0.45,0.307,156,0.04657534246575343,-0.16339441526889728,2445.0,0.4
1654,0.35,0.45,0.3036,221,0.04657534246575343,-0.16135151363909703,2450.0,0.4
1655,0.35,0.45,0.3003,24,0.04657534246575343,-0.15931277694924878,2455.0,0.4
1656,0.4,0.5,0.3011,487,0.04657534246575343,-0.15727818825146125,2460.0,0.45
1657,0.4,0.5,0.2977,12,0.04657534246575343,-0.1552477307010793,2465.0,0.45
1658,0.4,0.5,0.2943,152,0.04657534246575343,-0.1532213875558468,2470.0,0.45
1659,0.45,0.55,0.2947,115,0.04657534246575343,-0.15119914217507902,2475.0,0.5
1660,0.45,0.55,0.2911,110,0.04657534246575343,-0.14918097801884186,2480.0,0.5
1661,0.45,0.55,0.2877,28,0.04657534246575343,-0.14716687864714065,2485.0,0.5
1662,0.5,0.6,0.2876,69,0.04657534246575343,-0.14515682771911648,2490.0,0.55
1663,0.5,0.6,0.2841,319,0.04657534246575343,-0.14315080899225063,2495.0,0.55
1664,0.5,0.6,0.2806,1814,0.04657534246575343,-0.14114880632157759,2500.0,0.55
1665,0.55,0.65,0.2803,274,0.04657534246575343,-0.13915080365890456,2505.0,0.6000000000000001
1666,0.55,0.65,0.2768,134,0.04657534246575343,-0.13715678505204018,2510.0,0.6000000000000001
1667,0.55,0.7,0.2748,129,0.04657534246575343,-0.1351667346440302,2515.0,0.625
1668,0.6,0.7,0.2726,227,0.04657534246575343,-0.13318063667240068,2520.0,0.6499999999999999
1669,0.6,0.75,0.2703,26459,0.04657534246575343,-0.1311984754684095,2525.0,0.675
1670,0.65,0.75,0.2682,328,0.04657534246575343,-0.1292202354563038,2530.0,0.7
1671,0.65,0.8,0.2659,45,0.04657534246575343,-0.12724590115258622,2535.0,0.7250000000000001
1672,0.7,0.8,0.2635,3501,0.04657534246575343,-0.1252754571652875,2540.0,0.75
1673,0.75,0.85,0.2623,286,0.04657534246575343,-0.12330888819324655,2545.0,0.8
1674,0.75,0.85,0.2586,981,0.04657534246575343,-0.12134617902539786,2550.0,0.8
1675,0.8,0.9,0.2573,217,0.04657534246575343,-0.11938731454006492,2555.0,0.8500000000000001
1676,0.8,0.95,0.2547,6126,0.04657534246575343,-0.11743227970426158,2560.0,0.875
1677,0.85,0.95,0.252,3915,0.04657534246575343,-0.11548105957299987,2565.0,0.8999999999999999
1678,0.9,1.0,0.2503,1915,0.04657534246575343,-0.11353363928860419,2570.0,0.95
1679,0.95,1.05,0.2486,241,0.04657534246575343,-0.11159000408003318,2575.0,1.0
1680,1.0,1.05,0.2458,1505,0.04657534246575343,-0.10965013926220661,2580.0,1.025
1681,1.0,1.1,0.2429,1512,0.04657534246575343,-0.10771403023534024,2585.0,1.05
1682,1.05,1.15,0.2409,255,0.04657534246575343,-0.10578166248428633,2590.0,1.1
1683,1.1,1.2,0.2389,103,0.04657534246575343,-0.10385302157788065,2595.0,1.15
1684,1.15,1.25,0.2368,5280,0.04657534246575343,-0.10192809316829628,2600.0,1.2
1685,1.2,1.3,0.2345,80,0.04657534246575343,-0.10000686299040243,2605.0,1.25
1686,1.25,1.35,0.2321,9619,0.04657534246575343,-0.09808931686113065,2610.0,1.3
1687,1.3,1.4,0.2297,3081,0.04657534246575343,-0.0961754406788465,2615.0,1.35
1688,1.4,1.45,0.2279,168,0.04657534246575343,-0.09426522042272713,2620.0,1.4249999999999998
1689,1.45,1.55,0.226,4299,0.04657534246575343,-0.09235864215214558,2625.0,1.5
1690,1.5,1.6,0.2234,4910,0.04657534246575343,-0.09045569200605948,2630.0,1.55
1691,1.55,1.65,0.2207,1727,0.04657534246575343,-0.08855635620240704,2635.0,1.6
1692,1.65,1.75,0.219,307,0.04657534246575343,-0.08666062103750792,2640.0,1.7
1693,1.75,1.85,0.2173,82,0.04657534246575343,-0.08476847288546992,2645.0,1.8
1694,1.8,1.9,0.2144,7821,0.04657534246575343,-0.0828798981976018,2650.0,1.85
1695,1.9,2.0,0.2124,1599,0.04657534246575343,-0.08099488350183051,2655.0,1.95
1696,2.0,2.1,0.2104,164,0.04657534246575343,-0.07911341540212498,2660.0,2.05
1697,2.1,2.2,0.2082,204,0.04657534246575343,-0.07723548057792484,2665.0,2.1500000000000004
1698,2.2,2.3,0.2059,645,0.04657534246575343,-0.07536106578357445,2670.0,2.25
1699,2.3,2.4,0.2035,5135,0.04657534246575343,-0.07349015784776276,2675.0,2.3499999999999996
1700,2.4,2.5,0.201,7136,0.04657534246575343,-0.07162274367296735,2680.0,2.45
1701,2.5,2.65,0.1988,7973,0.04657534246575343,-0.06975881023490467,2685.0,2.575
1702,2.65,2.75,0.1965,376,0.04657534246575343,-0.06789834458198497,2690.0,2.7
1703,2.8,2.9,0.1945,459,0.04657534246575343,-0.06604133383477213,2695.0,2.8499999999999996
1704,2.9,3.1,0.1923,5319,0.04657534246575343,-0.06418776518544925,2700.0,3.0
1705,3.1,3.2,0.19,626,0.04657534246575343,-0.062337625897287814,2705.0,3.1500000000000004
1706,3.2,3.4,0.1876,162,0.04657534246575343,-0.06049090330412315,2710.0,3.3
1707,3.4,3.6,0.1857,328,0.04657534246575343,-0.058647584809833946,2715.0,3.5
1708,3.6,3.7,0.183,877,0.04657534246575343,-0.05680765788782678,2720.0,3.6500000000000004
1709,3.7,3.9,0.1802,1292,0.04657534246575343,-0.054971110080525236,2725.0,3.8
1710,3.9,4.1,0.1779,1375,0.04657534246575343,-0.0531379289988643,2730.0,4.0
1711,4.2,4.3,0.1759,1519,0.04657534246575343,-0.05130810232178815,2735.0,4.25
1712,4.4,4.6,0.1738,2973,0.04657534246575343,-0.04948161779575385,2740.0,4.5
1713,4.6,4.8,0.171,455,0.04657534246575343,-0.04765846323423877,2745.0,4.699999999999999
1714,4.9,5.1,0.169,1976,0.04657534246575343,-0.045838626517252706,2750.0,5.0
1715,5.2,5.4,0.1669,204,0.04657534246575343,-0.04402209559085485,2755.0,5.300000000000001
1716,5.5,5.7,0.1645,1737,0.04657534246575343,-0.04220885846667405,2760.0,5.6
1717,5.8,6.0,0.162,761,0.04657534246575343,-0.04039890322143458,2765.0,5.9
1718,6.1,6.3,0.1593,1439,0.04657534246575343,-0.038592217996485594,2770.0,6.199999999999999
1719,6.5,6.7,0.1572,6555,0.04657534246575343,-0.0367887909973348,2775.0,6.6
1720,6.9,7.1,0.1549,724,0.04657534246575343,-0.03498861049318696,2780.0,7.0
1721,7.3,7.5,0.1524,488,0.04657534246575343,-0.03319166481648533,2785.0,7.4
1722,7.7,7.9,0.1497,296,0.04657534246575343,-0.03139794236245844,2790.0,7.800000000000001
1723,8.2,8.4,0.1474,441,0.04657534246575343,-0.02960743158867024,2795.0,8.3
1724,8.7,9.0,0.1452,2776,0.04657534246575343,-0.027820121014574394,2800.0,8.85
1725,9.3,9.5,0.1427,629,0.04657534246575343,-0.026035999221073018,2805.0,9.4
1726,9.9,10.1,0.1403,325,0.04657534246575343,-0.02425505485007828,2810.0,10.0
1727,10.5,10.8,0.1379,179,0.04657534246575343,-0.022477276604078996,2815.0,10.65
1728,11.2,11.5,0.1355,369,0.04657534246575343,-0.020702653245710502,2820.0,11.35
1729,12.0,12.3,0.1333,4553,0.04657534246575343,-0.018931173597328366,2825.0,12.15
1730,12.8,13.1,0.1308,774,0.04657534246575343,-0.017162826540586398,2830.0,12.95
1731,13.7,14.0,0.1285,254,0.04657534246575343,-0.015397601016017283,2835.0,13.85
1732,14.7,15.0,0.1263,547,0.04657534246575343,-0.013635486022618026,2840.0,14.85
1733,15.7,16.0,0.1237,108,0.04657534246575343,-0.011876470617438477,2845.0,15.85
1734,16.9,17.2,0.1216,3387,0.04657534246575343,-0.010120543915173473,2850.0,17.049999999999997
1735,18.1,18.4,0.1191,181,0.04657534246575343,-0.008367695087759114,2855.0,18.25
1736,19.5,19.8,0.1171,544,0.04657534246575343,-0.006617913363971453,2860.0,19.65
1737,21.0,21.3,0.1149,146,0.04657534246575343,-0.00487118802902981,2865.0,21.15
1738,22.5,22.9,0.1126,1133,0.04657534246575343,-0.0031275084242029776,2870.0,22.7
1739,24.3,24.6,0.1105,1197,0.04657534246575343,-0.0013868639464188668,2875.0,24.450000000000003
1740,26.2,26.5,0.1084,152,0.04657534246575343,0.0003507559521219104,2880.0,26.35
1741,28.3,28.6,0.1066,197,0.04657534246575343,0.0020853617643302107,2885.0,28.450000000000003
1742,30.5,30.9,0.1048,172,0.04657534246575343,0.003816963928608097,2890.0,30.7
1743,32.9,33.3,0.1029,85,0.04657534246575343,0.005545572829225849,2895.0,33.099999999999994
1744,35.6,35.9,0.1014,361,0.04657534246575343,0.007271198796695605,2900.0,35.75
1745,38.4,38.7,0.0999,71,0.04657534246575343,0.00899385210814179,2905.0,38.55
1746,41.3,41.7,0.0982,126,0.04657534246575343,0.010713542987668584,2910.0,41.5
1747,44.5,44.9,0.0969,117,0.04657534246575343,0.012430281606723118,2915.0,44.7
1748,47.9,48.3,0.0958,135,0.04657534246575343,0.014144078084457773,2920.0,48.099999999999994
1749,51.0,52.3,0.0947,41,0.04657534246575343,0.01585494248808719,2925.0,51.65
1750,54.6,56.1,0.0935,35,0.04657534246575343,0.017562884833243288,2930.0,55.35
1751,58.3,60.0,0.0921,10,0.04657534246575343,0.0192679150843271,2935.0,59.15
1752,62.4,64.1,0.0916,22,0.04657534246575343,0.02097004315485755,2940.0,63.25
1753,66.6,68.3,0.0911,16,0.04657534246575343,0.022669278907817315,2945.0,67.44999999999999
1754,70.8,72.6,0.09,19,0.04657534246575343,0.02436563215599572,2950.0,71.69999999999999
1755,75.2,77.0,0.0894,48,0.04657534246575343,0.026059112662328764,2955.0,76.1
1756,79.6,81.6,0.0888,0,0.04657534246575343,0.027749730140236226,2960.0,80.6
1757,84.3,86.2,0.0891,0,0.04657534246575343,0.02943749425395619,2965.0,85.25
1758,89.0,90.9,0.0894,0,0.04657534246575343,0.031122414618875646,2970.0,89.95
1759,93.7,95.6,0.089,24,0.04657534246575343,0.03280450080186045,2975.0,94.65
1760,98.3,100.4,0.0876,5,0.04657534246575343,0.03448376232158044,2980.0,99.35
1761,103.3,105.3,0.0903,10,0.04657534246575343,0.036160208648832744,2985.0,104.3
1762,108.0,110.1,0.0882,0,0.04657534246575343,0.03783384920686237,2990.0,109.05
1763,113.0,115.0,0.0903,0,0.04657534246575343,0.03950469337167996,2995.0,114.0
1764,117.8,119.9,0.0891,3,0.04657534246575343,0.04117275047237696,3000.0,118.85
1765,122.8,124.7,0.0887,0,0.04657534246575343,0.04283802979143815,3005.0,123.75
1766,127.7,129.7,0.0896,0,0.04657534246575343,0.04450054056505159,3010.0,128.7
1767,132.6,134.6,0.087,0,0.04657534246575343,0.04616029198341618,3015.0,133.6
1768,137.5,139.5,0.0808,0,0.04657534246575343,0.04781729319104567,3020.0,138.5
1769,142.6,144.5,0.0893,0,0.04657534246575343,0.04947155328707216,3025.0,143.55
1770,147.5,149.5,0.0874,0,0.04657534246575343,0.051123081325545126,3030.0,148.5
1771,152.4,154.4,0.0,0,0.04657534246575343,0.05277188631572892,3035.0,153.4
1772,157.5,159.5,0.094,0,0.04657534246575343,0.05441797722239764,3040.0,158.5
1773,162.3,164.4,0.0,0,0.04657534246575343,0.05606136296612764,3045.0,163.35000000000002
1774,167.6,169.4,0.1004,0,0.04657534246575343,0.05770205242358753,3050.0,168.5
1775,172.4,174.4,0.0,0,0.04657534246575343,0.059340054427825896,3055.0,173.4
1776,177.4,179.4,0.0815,0,0.04657534246575343,0.06097537776855663,3060.0,178.4
1777,182.5,184.5,0.1099,0,0.04657534246575343,0.06260803119244214,3065.0,183.5
1778,187.5,189.4,0.107,0,0.04657534246575343,0.06423802340337319,3070.0,188.45
1779,192.5,194.5,0.1165,0,0.04657534246575343,0.06586536306274857,3075.0,193.5
1780,197.4,199.4,0.1024,0,0.04657534246575343,0.06749005878975045,3080.0,198.4
1781,202.4,204.3,0.0,0,0.04657534246575343,0.06911211916161847,3085.0,203.35000000000002
1782,207.4,209.3,0.0,0,0.04657534246575343,0.07073155271392141,3090.0,208.35000000000002
1783,212.4,214.3,0.0,0,0.04657534246575343,0.07234836794082672,3095.0,213.35000000000002
1784,217.2,219.2,0.0,0,0.04657534246575343,0.07396257329536783,3100.0,218.2
1785,222.2,224.2,0.0,0,0.04657534246575343,0.07557417718970934,3105.0,223.2
1786,227.3,229.2,0.0,0,0.04657534246575343,0.07718318799541,3110.0,228.25
1787,237.3,239.2,0.0,0,0.04657534246575343,0.08039346362565838,3120.0,238.25
1788,242.3,244.2,0.0,0,0.04657534246575343,0.08199474499263221,3125.0,243.25
1789,267.3,269.3,0.1216,0,0.04657534246575343,0.08996291464180897,3150.0,268.3
1790,292.1,294.2,0.0,0,0.04657534246575343,0.09786809414892235,3175.0,293.15
1791,317.0,319.1,0.0,0,0.04657534246575343,0.10571127160994814,3200.0,318.05
1792,362.6,374.0,0.2018,1,0.04657534246575343,0.1212154581459134,3250.0,368.3
1793,412.8,424.1,0.2493,0,0.04657534246575343,0.13648293027670183,3300.0,418.45000000000005
1794,512.4,523.8,0.2618,0,0.04657534246575343,0.166335893426383,3400.0,518.0999999999999
1795,612.8,624.1,0.3632,0,0.04657534246575343,0.19532343029963528,3500.0,618.45
1796,712.6,724.0,0.4058,0,0.04657534246575343,0.22349430726633163,3600.0,718.3
1797,0.0,0.1,0.6845,44,0.0547945205479452,-0.5268112871335623,1700.0,0.05
1798,0.0,0.15,0.6334,37,0.0547945205479452,-0.4696528732936137,1800.0,0.075
1799,0.0,0.15,0.598,37,0.0547945205479452,-0.4422538991054992,1850.0,0.075
1800,0.0,0.15,0.5643,455,0.0547945205479452,-0.4155856520233379,1900.0,0.075
1801,0.05,0.15,0.545,16,0.0547945205479452,-0.3896101656200773,1950.0,0.1
1802,0.1,0.15,0.5218,39,0.0547945205479452,-0.3642923576357874,2000.0,0.125
1803,0.05,0.2,0.4889,141,0.0547945205479452,-0.33959974504541585,2050.0,0.125
1804,0.05,0.15,0.4481,24,0.0547945205479452,-0.3155021934663554,2100.0,0.1
1805,0.15,0.25,0.4444,17,0.0547945205479452,-0.29197169605616125,2150.0,0.2
1806,0.1,0.25,0.4072,9,0.0547945205479452,-0.2689821778314625,2200.0,0.175
1807,0.15,0.3,0.3852,11,0.0547945205479452,-0.2465093219794039,2250.0,0.22499999999999998
1808,0.15,0.3,0.3695,0,0.0547945205479452,-0.23545948579281892,2275.0,0.22499999999999998
1809,0.2,0.35,0.3615,0,0.0547945205479452,-0.22453041526062864,2300.0,0.275
1810,0.2,0.35,0.3459,5,0.0547945205479452,-0.21371949915641303,2325.0,0.275
1811,0.25,0.4,0.3361,1,0.0547945205479452,-0.20302421003966506,2350.0,0.325
1812,0.3,0.4,0.3231,0,0.0547945205479452,-0.19244210070912812,2375.0,0.35
1813,0.35,0.45,0.3121,3,0.0547945205479452,-0.1819708008418327,2400.0,0.4
1814,0.4,0.5,0.3003,0,0.0547945205479452,-0.17160801380628612,2425.0,0.45
1815,0.45,0.6,0.2896,20,0.0547945205479452,-0.16135151363909703,2450.0,0.525
1816,0.5,0.6,0.2847,0,0.0547945205479452,-0.15727818825146125,2460.0,0.55
1817,0.5,0.65,0.2799,0,0.0547945205479452,-0.1532213875558468,2470.0,0.575
1818,0.55,0.65,0.2781,5,0.0547945205479452,-0.15119914217507902,2475.0,0.6000000000000001
1819,0.55,0.7,0.2764,0,0.0547945205479452,-0.14918097801884186,2480.0,0.625
1820,0.6,0.75,0.2726,0,0.0547945205479452,-0.14515682771911648,2490.0,0.675
1821,0.65,0.8,0.2686,13,0.0547945205479452,-0.14114880632157759,2500.0,0.7250000000000001
1822,0.7,0.85,0.2642,1,0.0547945205479452,-0.13715678505204018,2510.0,0.7749999999999999
1823,0.75,0.9,0.2599,11,0.0547945205479452,-0.13318063667240068,2520.0,0.825
1824,0.75,0.9,0.2565,0,0.0547945205479452,-0.1311984754684095,2525.0,0.825
1825,0.8,0.95,0.2552,24,0.0547945205479452,-0.1292202354563038,2530.0,0.875
1826,0.85,1.0,0.2504,8,0.0547945205479452,-0.1252754571652875,2540.0,0.925
1827,0.9,1.05,0.2455,40,0.0547945205479452,-0.12134617902539786,2550.0,0.9750000000000001
1828,1.0,1.15,0.2422,19,0.0547945205479452,-0.11743227970426158,2560.0,1.075
1829,1.1,1.25,0.2385,0,0.0547945205479452,-0.11353363928860419,2570.0,1.175
1830,1.15,1.3,0.2366,0,0.0547945205479452,-0.11159000408003318,2575.0,1.225
1831,1.15,1.35,0.2338,5,0.0547945205479452,-0.10965013926220661,2580.0,1.25
1832,1.25,1.45,0.2296,97,0.0547945205479452,-0.10578166248428633,2590.0,1.35
1833,1.4,1.55,0.2258,50,0.0547945205479452,-0.10192809316829628,2600.0,1.475
1834,1.45,1.6,0.2235,0,0.0547945205479452,-0.10000686299040243,2605.0,1.525
1835,1.5,1.65,0.2211,39,0.0547945205479452,-0.09808931686113065,2610.0,1.575
1836,1.6,1.75,0.2198,0,0.0547945205479452,-0.0961754406788465,2615.0,1.675
1837,1.65,1.8,0.2173,28,0.0547945205479452,-0.09426522042272713,2620.0,1.725
1838,1.75,1.9,0.2158,0,0.0547945205479452,-0.09235864215214558,2625.0,1.825
1839,1.8,1.95,0.2131,149,0.0547945205479452,-0.09045569200605948,2630.0,1.875
1840,1.9,2.05,0.2114,0,0.0547945205479452,-0.08855635620240704,2635.0,1.9749999999999999
1841,1.95,2.15,0.2091,50,0.0547945205479452,-0.08666062103750792,2640.0,2.05
1842,2.05,2.25,0.2072,12,0.0547945205479452,-0.08476847288546992,2645.0,2.15
1843,2.15,2.35,0.2052,15,0.0547945205479452,-0.0828798981976018,2650.0,2.25
1844,2.25,2.45,0.2031,0,0.0547945205479452,-0.08099488350183051,2655.0,2.35
1845,2.35,2.55,0.2009,19,0.0547945205479452,-0.07911341540212498,2660.0,2.45
1846,2.45,2.65,0.1987,4,0.0547945205479452,-0.07723548057792484,2665.0,2.55
1847,2.6,2.75,0.1967,37,0.0547945205479452,-0.07536106578357445,2670.0,2.675
1848,2.7,2.9,0.1946,82,0.0547945205479452,-0.07349015784776276,2675.0,2.8
1849,2.85,3.0,0.1924,7,0.0547945205479452,-0.07162274367296735,2680.0,2.925
1850,2.95,3.2,0.1904,3,0.0547945205479452,-0.06975881023490467,2685.0,3.075
1851,3.1,3.3,0.1881,35,0.0547945205479452,-0.06789834458198497,2690.0,3.2
1852,3.3,3.5,0.1865,26,0.0547945205479452,-0.06604133383477213,2695.0,3.4
1853,3.4,3.6,0.1836,21,0.0547945205479452,-0.06418776518544925,2700.0,3.5
1854,3.6,3.8,0.1819,0,0.0547945205479452,-0.062337625897287814,2705.0,3.7
1855,3.8,4.0,0.1799,20,0.0547945205479452,-0.06049090330412315,2710.0,3.9
1856,4.0,4.2,0.1779,52,0.0547945205479452,-0.058647584809833946,2715.0,4.1
1857,4.2,4.4,0.1757,19,0.0547945205479452,-0.05680765788782678,2720.0,4.300000000000001
1858,4.4,4.6,0.1734,44,0.0547945205479452,-0.054971110080525236,2725.0,4.5
1859,4.6,4.8,0.1709,12,0.0547945205479452,-0.0531379289988643,2730.0,4.699999999999999
1860,4.8,5.1,0.1689,30,0.0547945205479452,-0.05130810232178815,2735.0,4.949999999999999
1861,5.1,5.3,0.1666,10,0.0547945205479452,-0.04948161779575385,2740.0,5.199999999999999
1862,5.4,5.6,0.1647,20,0.0547945205479452,-0.04765846323423877,2745.0,5.5
1863,5.7,5.9,0.1626,142,0.0547945205479452,-0.045838626517252706,2750.0,5.800000000000001
1864,6.0,6.2,0.1603,63,0.0547945205479452,-0.04402209559085485,2755.0,6.1
1865,6.3,6.5,0.1579,62,0.0547945205479452,-0.04220885846667405,2760.0,6.4
1866,6.7,6.9,0.1561,193,0.0547945205479452,-0.04039890322143458,2765.0,6.800000000000001
1867,7.0,7.3,0.1537,168,0.0547945205479452,-0.038592217996485594,2770.0,7.15
1868,7.4,7.7,0.1515,27,0.0547945205479452,-0.0367887909973348,2775.0,7.550000000000001
1869,7.8,8.1,0.1491,1606,0.0547945205479452,-0.03498861049318696,2780.0,7.949999999999999
1870,8.3,8.5,0.1469,31,0.0547945205479452,-0.03319166481648533,2785.0,8.4
1871,8.8,9.0,0.1447,29,0.0547945205479452,-0.03139794236245844,2790.0,8.9
1872,9.3,9.5,0.1424,18,0.0547945205479452,-0.02960743158867024,2795.0,9.4
1873,9.8,10.1,0.1401,52,0.0547945205479452,-0.027820121014574394,2800.0,9.95
1874,10.4,10.7,0.1379,43,0.0547945205479452,-0.026035999221073018,2805.0,10.55
1875,11.1,11.3,0.1357,0,0.0547945205479452,-0.02425505485007828,2810.0,11.2
1876,11.7,12.0,0.1333,4,0.0547945205479452,-0.022477276604078996,2815.0,11.85
1877,12.5,12.8,0.1313,12,0.0547945205479452,-0.020702653245710502,2820.0,12.65
1878,13.3,13.6,0.1291,83,0.0547945205479452,-0.018931173597328366,2825.0,13.45
1879,14.1,14.4,0.1266,49,0.0547945205479452,-0.017162826540586398,2830.0,14.25
1880,15.1,15.4,0.1247,140,0.0547945205479452,-0.015397601016017283,2835.0,15.25
1881,16.0,16.4,0.1223,127,0.0547945205479452,-0.013635486022618026,2840.0,16.2
1882,17.1,17.5,0.1202,10,0.0547945205479452,-0.011876470617438477,2845.0,17.3
1883,18.3,18.6,0.1179,740,0.0547945205479452,-0.010120543915173473,2850.0,18.450000000000003
1884,19.5,19.9,0.1157,22,0.0547945205479452,-0.008367695087759114,2855.0,19.7
1885,20.9,21.3,0.1137,21,0.0547945205479452,-0.006617913363971453,2860.0,21.1
1886,22.4,22.8,0.1116,15,0.0547945205479452,-0.00487118802902981,2865.0,22.6
1887,24.0,24.4,0.1095,31,0.0547945205479452,-0.0031275084242029776,2870.0,24.2
1888,25.7,26.1,0.1074,82,0.0547945205479452,-0.0013868639464188668,2875.0,25.9
1889,27.6,28.0,0.1055,17,0.0547945205479452,0.0003507559521219104,2880.0,27.8
1890,29.7,30.1,0.1038,2,0.0547945205479452,0.0020853617643302107,2885.0,29.9
1891,31.9,32.3,0.1019,49,0.0547945205479452,0.003816963928608097,2890.0,32.099999999999994
1892,34.3,34.7,0.1003,196,0.0547945205479452,0.005545572829225849,2895.0,34.5
1893,36.8,37.3,0.0986,22,0.0547945205479452,0.007271198796695605,2900.0,37.05
1894,39.6,40.0,0.0971,1,0.0547945205479452,0.00899385210814179,2905.0,39.8
1895,42.5,43.0,0.0958,1,0.0547945205479452,0.010713542987668584,2910.0,42.75
1896,45.6,46.1,0.0944,0,0.0547945205479452,0.012430281606723118,2915.0,45.85
1897,48.9,49.3,0.0929,28,0.0547945205479452,0.014144078084457773,2920.0,49.099999999999994
1898,51.8,53.2,0.0915,1,0.0547945205479452,0.01585494248808719,2925.0,52.5
1899,55.4,56.9,0.0904,8,0.0547945205479452,0.017562884833243288,2930.0,56.15
1900,59.2,60.6,0.0892,0,0.0547945205479452,0.0192679150843271,2935.0,59.900000000000006
1901,63.0,64.8,0.0885,0,0.0547945205479452,0.02097004315485755,2940.0,63.9
1902,67.2,68.8,0.0877,0,0.0547945205479452,0.022669278907817315,2945.0,68.0
1903,71.4,73.1,0.0872,25,0.0547945205479452,0.02436563215599572,2950.0,72.25
1904,75.7,77.3,0.0859,0,0.0547945205479452,0.026059112662328764,2955.0,76.5
1905,80.2,81.9,0.0863,0,0.0547945205479452,0.027749730140236226,2960.0,81.05000000000001
1906,84.6,86.5,0.0855,0,0.0547945205479452,0.02943749425395619,2965.0,85.55
1907,89.2,91.1,0.0851,0,0.0547945205479452,0.031122414618875646,2970.0,90.15
1908,94.0,95.8,0.0857,0,0.0547945205479452,0.03280450080186045,2975.0,94.9
1909,98.6,100.6,0.0852,0,0.0547945205479452,0.03448376232158044,2980.0,99.6
1910,103.4,105.4,0.0855,0,0.0547945205479452,0.036160208648832744,2985.0,104.4
1911,108.2,110.2,0.0851,0,0.0547945205479452,0.03783384920686237,2990.0,109.2
1912,113.0,115.1,0.0851,0,0.0547945205479452,0.03950469337167996,2995.0,114.05
1913,118.1,119.8,0.0858,0,0.0547945205479452,0.04117275047237696,3000.0,118.94999999999999
1914,123.0,124.7,0.0861,0,0.0547945205479452,0.04283802979143815,3005.0,123.85
1915,127.7,129.8,0.0859,0,0.0547945205479452,0.04450054056505159,3010.0,128.75
1916,132.8,134.5,0.0846,0,0.0547945205479452,0.04616029198341618,3015.0,133.65
1917,137.6,139.7,0.0876,0,0.0547945205479452,0.04781729319104567,3020.0,138.64999999999998
1918,142.7,144.7,0.0929,0,0.0547945205479452,0.04947155328707216,3025.0,143.7
1919,147.5,149.6,0.0878,0,0.0547945205479452,0.051123081325545126,3030.0,148.55
1920,157.4,159.5,0.0845,0,0.0547945205479452,0.05441797722239764,3040.0,158.45
1921,167.4,169.4,0.0818,2,0.0547945205479452,0.05770205242358753,3050.0,168.4
1922,177.4,179.3,0.0,0,0.0547945205479452,0.06097537776855663,3060.0,178.35000000000002
1923,187.5,189.2,0.0785,0,0.0547945205479452,0.06423802340337319,3070.0,188.35
1924,192.4,194.4,0.1001,0,0.0547945205479452,0.06586536306274857,3075.0,193.4
1925,197.4,199.4,0.1033,0,0.0547945205479452,0.06749005878975045,3080.0,198.4
1926,217.4,219.1,0.0,0,0.0547945205479452,0.07396257329536783,3100.0,218.25
1927,242.3,244.3,0.114,0,0.0547945205479452,0.08199474499263221,3125.0,243.3
1928,267.2,269.0,0.0,0,0.0547945205479452,0.08996291464180897,3150.0,268.1
1929,292.0,294.1,0.0,0,0.0547945205479452,0.09786809414892235,3175.0,293.05
1930,317.0,319.1,0.0,0,0.0547945205479452,0.10571127160994814,3200.0,318.05
1931,362.7,374.1,0.2046,0,0.0547945205479452,0.1212154581459134,3250.0,368.4
1932,412.0,423.3,0.0,0,0.0547945205479452,0.13648293027670183,3300.0,417.65
1933,0.0,0.05,1.2354,5166,0.057534246575342465,-1.0574395381957327,1000.0,0.025
1934,0.0,0.05,1.126,2334,0.057534246575342465,-0.9621293583914078,1100.0,0.025
1935,0.0,0.05,1.0322,842,0.057534246575342465,-0.875117981401778,1200.0,0.025
1936,0.0,0.05,0.9457,2734,0.057534246575342465,-0.7950752737282416,1300.0,0.025
1937,0.0,0.1,0.9,408,0.057534246575342465,-0.7209673015745197,1400.0,0.05
1938,0.0,0.1,0.8582,404,0.057534246575342465,-0.6858759817632497,1450.0,0.05
1939,0.0,0.1,0.8177,9097,0.057534246575342465,-0.6519744300875684,1500.0,0.05
1940,0.0,0.1,0.7786,7459,0.057534246575342465,-0.6191846072645775,1550.0,0.05
1941,0.0,0.1,0.7415,50342,0.057534246575342465,-0.5874359089499972,1600.0,0.05
1942,0.0,0.1,0.7045,32734,0.057534246575342465,-0.5566642502832435,1650.0,0.05
1943,0.0,0.1,0.6687,12559,0.057534246575342465,-0.5268112871335623,1700.0,0.05
1944,0.05,0.1,0.6542,10156,0.057534246575342465,-0.49782375026031,1750.0,0.07500000000000001
1945,0.05,0.1,0.6365,104,0.057534246575342465,-0.48363911526835357,1775.0,0.07500000000000001
1946,0.05,0.1,0.6192,1288,0.057534246575342465,-0.4696528732936137,1800.0,0.07500000000000001
1947,0.05,0.15,0.6159,138,0.057534246575342465,-0.45585955116127785,1825.0,0.1
1948,0.05,0.15,0.599,519,0.057534246575342465,-0.4422538991054992,1850.0,0.1
1949,0.05,0.15,0.5821,242,0.057534246575342465,-0.42883087877335857,1875.0,0.1
1950,0.05,0.1,0.5512,12643,0.057534246575342465,-0.4155856520233379,1900.0,0.07500000000000001
1951,0.05,0.1,0.535,9293,0.057534246575342465,-0.4025135704559851,1925.0,0.07500000000000001
1952,0.1,0.15,0.5429,558,0.057534246575342465,-0.3896101656200773,1950.0,0.125
1953,0.05,0.1,0.5032,12454,0.057534246575342465,-0.3768711398426475,1975.0,0.07500000000000001
1954,0.05,0.2,0.5095,9963,0.057534246575342465,-0.3642923576357874,2000.0,0.125
1955,0.1,0.2,0.5019,3597,0.057534246575342465,-0.35186983763723023,2025.0,0.15000000000000002
1956,0.1,0.2,0.4855,2590,0.057534246575342465,-0.33959974504541585,2050.0,0.15000000000000002
1957,0.1,0.2,0.4696,2034,0.057534246575342465,-0.32747838451307104,2075.0,0.15000000000000002
1958,0.1,0.15,0.4458,3210,0.057534246575342465,-0.3155021934663554,2100.0,0.125
1959,0.1,0.15,0.4304,13912,0.057534246575342465,-0.3036677358193525,2125.0,0.125
1960,0.1,0.25,0.4346,766,0.057534246575342465,-0.2966337091619725,2140.0,0.175
1961,0.1,0.25,0.4285,1854,0.057534246575342465,-0.29197169605616125,2150.0,0.175
1962,0.15,0.25,0.4275,215,0.057534246575342465,-0.2873313164996591,2160.0,0.2
1963,0.15,0.25,0.4213,292,0.057534246575342465,-0.28271237064336446,2170.0,0.2
1964,0.15,0.2,0.4128,1484,0.057534246575342465,-0.28041087365508527,2175.0,0.175
1965,0.15,0.25,0.4151,65,0.057534246575342465,-0.27811466139473506,2180.0,0.2
1966,0.15,0.25,0.4087,17,0.057534246575342465,-0.2735379943673232,2190.0,0.2
1967,0.15,0.25,0.4025,4339,0.057534246575342465,-0.2689821778314625,2200.0,0.2
1968,0.15,0.3,0.4009,214,0.057534246575342465,-0.2644470226660713,2210.0,0.22499999999999998
1969,0.2,0.3,0.3989,360,0.057534246575342465,-0.25993234231154455,2220.0,0.25
1970,0.2,0.3,0.3958,2282,0.057534246575342465,-0.2576826225775291,2225.0,0.25
1971,0.2,0.3,0.3929,10,0.057534246575342465,-0.2554379527237053,2230.0,0.25
1972,0.2,0.3,0.3867,532,0.057534246575342465,-0.25096367232878414,2240.0,0.25
1973,0.2,0.3,0.3805,9462,0.057534246575342465,-0.2465093219794039,2250.0,0.25
1974,0.2,0.3,0.3742,593,0.057534246575342465,-0.2420747249115382,2260.0,0.25
1975,0.2,0.3,0.3681,35,0.057534246575342465,-0.23765970670242131,2270.0,0.25
1976,0.2,0.3,0.365,1947,0.057534246575342465,-0.23545948579281892,2275.0,0.25
1977,0.2,0.35,0.3652,46,0.057534246575342465,-0.2332640952293833,2280.0,0.275
1978,0.25,0.35,0.3623,42,0.057534246575342465,-0.22888772062958446,2290.0,0.3
1979,0.25,0.35,0.3561,9299,0.057534246575342465,-0.22453041526062864,2300.0,0.3
1980,0.25,0.35,0.3501,1763,0.057534246575342465,-0.22019201366203053,2310.0,0.3
1981,0.3,0.35,0.347,199,0.057534246575342465,-0.21587235251751405,2320.0,0.32499999999999996
1982,0.3,0.4,0.3467,1460,0.057534246575342465,-0.21371949915641303,2325.0,0.35
1983,0.3,0.4,0.3435,236,0.057534246575342465,-0.21157127061812347,2330.0,0.35
1984,0.3,0.4,0.3371,101,0.057534246575342465,-0.20728860882612268,2340.0,0.35
1985,0.3,0.4,0.3309,2695,0.057534246575342465,-0.20302421003966506,2350.0,0.35
1986,0.35,0.4,0.3273,2729,0.057534246575342465,-0.198777919158214,2360.0,0.375
1987,0.35,0.45,0.3232,2434,0.057534246575342465,-0.1945495830486928,2370.0,0.4
1988,0.35,0.45,0.3202,3095,0.057534246575342465,-0.19244210070912812,2375.0,0.4
1989,0.4,0.45,0.3192,580,0.057534246575342465,-0.19033905051234934,2380.0,0.42500000000000004
1990,0.4,0.5,0.3182,65,0.057534246575342465,-0.18824041385542817,2385.0,0.45
1991,0.4,0.5,0.315,776,0.057534246575342465,-0.18614617225231345,2390.0,0.45
1992,0.4,0.5,0.3118,19,0.057534246575342465,-0.18405630733285408,2395.0,0.45
1993,0.45,0.5,0.3107,11741,0.057534246575342465,-0.1819708008418327,2400.0,0.475
1994,0.45,0.55,0.3095,18,0.057534246575342465,-0.17988963463800817,2405.0,0.5
1995,0.45,0.55,0.3063,996,0.057534246575342465,-0.17781279069316908,2410.0,0.5
1996,0.45,0.55,0.3032,275,0.057534246575342465,-0.17574025109119673,2415.0,0.5
1997,0.5,0.55,0.3018,888,0.057534246575342465,-0.1736719980271376,2420.0,0.525
1998,0.5,0.6,0.3002,1709,0.057534246575342465,-0.17160801380628612,2425.0,0.55
1999,0.5,0.6,0.297,3219,0.057534246575342465,-0.16954828084327558,2430.0,0.55
2000,0.5,0.6,0.2939,1003,0.057534246575342465,-0.1674927816611796,2435.0,0.55
2001,0.55,0.65,0.2939,2876,0.057534246575342465,-0.16544149889062224,2440.0,0.6000000000000001
2002,0.55,0.65,0.2906,3,0.057534246575342465,-0.16339441526889728,2445.0,0.6000000000000001
2003,0.55,0.65,0.2875,9992,0.057534246575342465,-0.16135151363909703,2450.0,0.6000000000000001
2004,0.6,0.7,0.2872,123,0.057534246575342465,-0.15931277694924878,2455.0,0.6499999999999999
2005,0.6,0.7,0.284,144,0.057534246575342465,-0.15727818825146125,2460.0,0.6499999999999999
2006,0.65,0.75,0.2834,62,0.057534246575342465,-0.1552477307010793,2465.0,0.7
2007,0.65,0.75,0.2802,662,0.057534246575342465,-0.1532213875558468,2470.0,0.7
2008,0.65,0.8,0.2783,3838,0.057534246575342465,-0.15119914217507902,2475.0,0.7250000000000001
2009,0.7,0.8,0.2762,125,0.057534246575342465,-0.14918097801884186,2480.0,0.75
2010,0.7,0.85,0.2742,34,0.057534246575342465,-0.14716687864714065,2485.0,0.7749999999999999
2011,0.75,0.85,0.2722,308,0.057534246575342465,-0.14515682771911648,2490.0,0.8
2012,0.8,0.9,0.2712,137,0.057534246575342465,-0.14315080899225063,2495.0,0.8500000000000001
2013,0.8,0.9,0.2679,13534,0.057534246575342465,-0.14114880632157759,2500.0,0.8500000000000001
2014,0.85,0.95,0.2667,6590,0.057534246575342465,-0.13915080365890456,2505.0,0.8999999999999999
2015,0.85,0.95,0.2634,184,0.057534246575342465,-0.13715678505204018,2510.0,0.8999999999999999
2016,0.9,1.0,0.2621,149,0.057534246575342465,-0.1351667346440302,2515.0,0.95
2017,0.95,1.05,0.2607,59,0.057534246575342465,-0.13318063667240068,2520.0,1.0
2018,0.95,1.05,0.2573,1686,0.057534246575342465,-0.1311984754684095,2525.0,1.0
2019,1.0,1.1,0.2558,66,0.057534246575342465,-0.1292202354563038,2530.0,1.05
2020,1.05,1.15,0.2542,147,0.057534246575342465,-0.12724590115258622,2535.0,1.1
2021,1.05,1.15,0.2508,173,0.057534246575342465,-0.1252754571652875,2540.0,1.1
2022,1.1,1.2,0.2491,25,0.057534246575342465,-0.12330888819324655,2545.0,1.15
2023,1.15,1.25,0.2473,5215,0.057534246575342465,-0.12134617902539786,2550.0,1.2
2024,1.2,1.3,0.2454,207,0.057534246575342465,-0.11938731454006492,2555.0,1.25
2025,1.25,1.35,0.2435,8372,0.057534246575342465,-0.11743227970426158,2560.0,1.3
2026,1.3,1.4,0.2415,66,0.057534246575342465,-0.11548105957299987,2565.0,1.35
2027,1.35,1.45,0.2394,1704,0.057534246575342465,-0.11353363928860419,2570.0,1.4
2028,1.4,1.5,0.2373,7203,0.057534246575342465,-0.11159000408003318,2575.0,1.45
2029,1.45,1.55,0.2351,5511,0.057534246575342465,-0.10965013926220661,2580.0,1.5
2030,1.5,1.6,0.2328,1436,0.057534246575342465,-0.10771403023534024,2585.0,1.55
2031,1.55,1.65,0.2305,1320,0.057534246575342465,-0.10578166248428633,2590.0,1.6
2032,1.6,1.75,0.2288,26,0.057534246575342465,-0.10385302157788065,2595.0,1.675
2033,1.7,1.8,0.2269,7785,0.057534246575342465,-0.10192809316829628,2600.0,1.75
2034,1.75,1.85,0.2244,300,0.057534246575342465,-0.10000686299040243,2605.0,1.8
2035,1.8,1.95,0.2225,319,0.057534246575342465,-0.09808931686113065,2610.0,1.875
2036,1.9,2.0,0.2204,1063,0.057534246575342465,-0.0961754406788465,2615.0,1.95
2037,2.0,2.1,0.2188,434,0.057534246575342465,-0.09426522042272713,2620.0,2.05
2038,2.05,2.2,0.2165,6329,0.057534246575342465,-0.09235864215214558,2625.0,2.125
2039,2.15,2.3,0.2147,467,0.057534246575342465,-0.09045569200605948,2630.0,2.2249999999999996
2040,2.25,2.35,0.2123,173,0.057534246575342465,-0.08855635620240704,2635.0,2.3
2041,2.35,2.5,0.2107,1422,0.057534246575342465,-0.08666062103750792,2640.0,2.425
2042,2.45,2.6,0.2086,168,0.057534246575342465,-0.08476847288546992,2645.0,2.5250000000000004
2043,2.55,2.7,0.2065,10082,0.057534246575342465,-0.0828798981976018,2650.0,2.625
2044,2.65,2.8,0.2042,6886,0.057534246575342465,-0.08099488350183051,2655.0,2.7249999999999996
2045,2.8,2.95,0.2025,1860,0.057534246575342465,-0.07911341540212498,2660.0,2.875
2046,2.9,3.1,0.2005,230,0.057534246575342465,-0.07723548057792484,2665.0,3.0
2047,3.0,3.2,0.198,207,0.057534246575342465,-0.07536106578357445,2670.0,3.1
2048,3.2,3.4,0.1967,8241,0.057534246575342465,-0.07349015784776276,2675.0,3.3
2049,3.3,3.5,0.194,268,0.057534246575342465,-0.07162274367296735,2680.0,3.4
2050,3.5,3.7,0.1925,8370,0.057534246575342465,-0.06975881023490467,2685.0,3.6
2051,3.6,3.8,0.1897,545,0.057534246575342465,-0.06789834458198497,2690.0,3.7
2052,3.8,4.0,0.1879,540,0.057534246575342465,-0.06604133383477213,2695.0,3.9
2053,4.0,4.2,0.186,15484,0.057534246575342465,-0.06418776518544925,2700.0,4.1
2054,4.2,4.4,0.184,374,0.057534246575342465,-0.062337625897287814,2705.0,4.300000000000001
2055,4.4,4.6,0.1818,541,0.057534246575342465,-0.06049090330412315,2710.0,4.5
2056,4.6,4.8,0.1796,351,0.057534246575342465,-0.058647584809833946,2715.0,4.699999999999999
2057,4.8,5.0,0.1772,705,0.057534246575342465,-0.05680765788782678,2720.0,4.9
2058,5.0,5.2,0.1748,5603,0.057534246575342465,-0.054971110080525236,2725.0,5.1
2059,5.3,5.5,0.1731,1443,0.057534246575342465,-0.0531379289988643,2730.0,5.4
2060,5.6,5.8,0.1712,314,0.057534246575342465,-0.05130810232178815,2735.0,5.699999999999999
2061,5.8,6.0,0.1684,300,0.057534246575342465,-0.04948161779575385,2740.0,5.9
2062,6.1,6.3,0.1663,214,0.057534246575342465,-0.04765846323423877,2745.0,6.199999999999999
2063,6.4,6.7,0.1644,10888,0.057534246575342465,-0.045838626517252706,2750.0,6.550000000000001
2064,6.8,7.0,0.1624,166,0.057534246575342465,-0.04402209559085485,2755.0,6.9
2065,7.1,7.3,0.1598,651,0.057534246575342465,-0.04220885846667405,2760.0,7.199999999999999
2066,7.5,7.7,0.1578,573,0.057534246575342465,-0.04039890322143458,2765.0,7.6
2067,7.9,8.1,0.1556,592,0.057534246575342465,-0.038592217996485594,2770.0,8.0
2068,8.3,8.5,0.1533,6326,0.057534246575342465,-0.0367887909973348,2775.0,8.4
2069,8.8,9.0,0.1514,2434,0.057534246575342465,-0.03498861049318696,2780.0,8.9
2070,9.3,9.5,0.1493,280,0.057534246575342465,-0.03319166481648533,2785.0,9.4
2071,9.8,10.0,0.147,2314,0.057534246575342465,-0.03139794236245844,2790.0,9.9
2072,10.3,10.6,0.1448,214,0.057534246575342465,-0.02960743158867024,2795.0,10.45
2073,10.9,11.2,0.1426,12852,0.057534246575342465,-0.027820121014574394,2800.0,11.05
2074,11.5,11.8,0.1403,545,0.057534246575342465,-0.026035999221073018,2805.0,11.65
2075,12.2,12.4,0.1379,415,0.057534246575342465,-0.02425505485007828,2810.0,12.3
2076,12.9,13.2,0.1359,559,0.057534246575342465,-0.022477276604078996,2815.0,13.05
2077,13.7,13.9,0.1336,1284,0.057534246575342465,-0.020702653245710502,2820.0,13.8
2078,14.5,14.8,0.1315,2115,0.057534246575342465,-0.018931173597328366,2825.0,14.65
2079,15.4,15.6,0.1291,1394,0.057534246575342465,-0.017162826540586398,2830.0,15.5
2080,16.3,16.6,0.1269,131,0.057534246575342465,-0.015397601016017283,2835.0,16.450000000000003
2081,17.3,17.6,0.1246,365,0.057534246575342465,-0.013635486022618026,2840.0,17.450000000000003
2082,18.4,18.7,0.1224,105,0.057534246575342465,-0.011876470617438477,2845.0,18.549999999999997
2083,19.6,19.9,0.1203,2819,0.057534246575342465,-0.010120543915173473,2850.0,19.75
2084,20.9,21.2,0.1182,98,0.057534246575342465,-0.008367695087759114,2855.0,21.049999999999997
2085,22.3,22.6,0.1161,993,0.057534246575342465,-0.006617913363971453,2860.0,22.450000000000003
2086,23.8,24.1,0.114,211,0.057534246575342465,-0.00487118802902981,2865.0,23.950000000000003
2087,25.4,25.7,0.1119,101,0.057534246575342465,-0.0031275084242029776,2870.0,25.549999999999997
2088,27.1,27.4,0.1098,7172,0.057534246575342465,-0.0013868639464188668,2875.0,27.25
2089,29.0,29.3,0.1079,1088,0.057534246575342465,0.0003507559521219104,2880.0,29.15
2090,31.0,31.3,0.1059,75,0.057534246575342465,0.0020853617643302107,2885.0,31.15
2091,33.2,33.5,0.1042,1066,0.057534246575342465,0.003816963928608097,2890.0,33.35
2092,35.5,35.9,0.1024,91,0.057534246575342465,0.005545572829225849,2895.0,35.7
2093,38.0,38.4,0.1007,463,0.057534246575342465,0.007271198796695605,2900.0,38.2
2094,40.7,41.1,0.0991,48,0.057534246575342465,0.00899385210814179,2905.0,40.900000000000006
2095,43.6,44.0,0.0978,117,0.057534246575342465,0.010713542987668584,2910.0,43.8
2096,46.6,47.0,0.0962,30,0.057534246575342465,0.012430281606723118,2915.0,46.8
2097,49.8,50.2,0.0948,57,0.057534246575342465,0.014144078084457773,2920.0,50.0
2098,53.2,53.6,0.0935,41,0.057534246575342465,0.01585494248808719,2925.0,53.400000000000006
2099,56.2,57.7,0.0923,40,0.057534246575342465,0.017562884833243288,2930.0,56.95
2100,59.9,61.4,0.0911,21,0.057534246575342465,0.0192679150843271,2935.0,60.65
2101,63.8,65.4,0.0906,12,0.057534246575342465,0.02097004315485755,2940.0,64.6
2102,67.6,69.4,0.089,0,0.057534246575342465,0.022669278907817315,2945.0,68.5
2103,71.9,73.6,0.0888,75,0.057534246575342465,0.02436563215599572,2950.0,72.75
2104,76.1,77.9,0.088,10,0.057534246575342465,0.026059112662328764,2955.0,77.0
2105,80.4,82.1,0.0863,201,0.057534246575342465,0.027749730140236226,2960.0,81.25
2106,84.9,86.7,0.0864,1,0.057534246575342465,0.02943749425395619,2965.0,85.80000000000001
2107,89.5,91.3,0.0863,1,0.057534246575342465,0.031122414618875646,2970.0,90.4
2108,94.1,96.0,0.0861,200,0.057534246575342465,0.03280450080186045,2975.0,95.05
2109,98.8,100.7,0.086,1,0.057534246575342465,0.03448376232158044,2980.0,99.75
2110,103.6,105.5,0.0866,0,0.057534246575342465,0.036160208648832744,2985.0,104.55
2111,108.4,110.3,0.0868,0,0.057534246575342465,0.03783384920686237,2990.0,109.35
2112,113.2,115.1,0.0864,0,0.057534246575342465,0.03950469337167996,2995.0,114.15
2113,118.0,120.0,0.0864,382,0.057534246575342465,0.04117275047237696,3000.0,119.0
2114,122.9,124.9,0.0871,0,0.057534246575342465,0.04283802979143815,3005.0,123.9
2115,127.8,129.8,0.0873,0,0.057534246575342465,0.04450054056505159,3010.0,128.8
2116,132.6,134.7,0.0851,0,0.057534246575342465,0.04616029198341618,3015.0,133.64999999999998
2117,137.7,139.7,0.09,0,0.057534246575342465,0.04781729319104567,3020.0,138.7
2118,142.6,144.6,0.0888,2,0.057534246575342465,0.04947155328707216,3025.0,143.6
2119,147.6,149.6,0.0918,0,0.057534246575342465,0.051123081325545126,3030.0,148.6
2120,152.7,154.5,0.0947,0,0.057534246575342465,0.05277188631572892,3035.0,153.6
2121,157.6,159.6,0.0976,0,0.057534246575342465,0.05441797722239764,3040.0,158.6
2122,162.5,164.6,0.098,0,0.057534246575342465,0.05606136296612764,3045.0,163.55
2123,167.5,169.5,0.098,18,0.057534246575342465,0.05770205242358753,3050.0,168.5
2124,172.5,174.4,0.0973,0,0.057534246575342465,0.059340054427825896,3055.0,173.45
2125,177.5,179.3,0.0959,0,0.057534246575342465,0.06097537776855663,3060.0,178.4
2126,182.4,184.4,0.0989,0,0.057534246575342465,0.06260803119244214,3065.0,183.4
2127,187.4,189.5,0.1063,0,0.057534246575342465,0.06423802340337319,3070.0,188.45
2128,192.4,194.3,0.0998,0,0.057534246575342465,0.06586536306274857,3075.0,193.35000000000002
2129,197.4,199.4,0.1083,0,0.057534246575342465,0.06749005878975045,3080.0,198.4
2130,207.3,209.2,0.0,0,0.057534246575342465,0.07073155271392141,3090.0,208.25
2131,217.3,219.3,0.1086,0,0.057534246575342465,0.07396257329536783,3100.0,218.3
2132,227.3,229.2,0.1027,0,0.057534246575342465,0.07718318799541,3110.0,228.25
2133,237.2,239.1,0.0,0,0.057534246575342465,0.08039346362565838,3120.0,238.14999999999998
2134,242.2,244.1,0.0,0,0.057534246575342465,0.08199474499263221,3125.0,243.14999999999998
2135,267.2,269.1,0.0,53,0.057534246575342465,0.08996291464180897,3150.0,268.15
2136,291.9,294.1,0.0,0,0.057534246575342465,0.09786809414892235,3175.0,293.0
2137,317.0,319.2,0.0,17,0.057534246575342465,0.10571127160994814,3200.0,318.1
2138,362.6,374.0,0.1977,0,0.057534246575342465,0.1212154581459134,3250.0,368.3
2139,413.0,424.4,0.248,0,0.057534246575342465,0.13648293027670183,3300.0,418.7
2140,512.5,523.9,0.272,0,0.057534246575342465,0.166335893426383,3400.0,518.2
2141,612.1,623.5,0.2799,0,0.057534246575342465,0.19532343029963528,3500.0,617.8
2142,0.05,0.15,0.619,66,0.06027397260273973,-0.4696528732936137,1800.0,0.1
2143,0.1,0.15,0.5968,25,0.06027397260273973,-0.4422538991054992,1850.0,0.125
2144,0.1,0.15,0.5632,16,0.06027397260273973,-0.4155856520233379,1900.0,0.125
2145,0.05,0.2,0.5303,15,0.06027397260273973,-0.3896101656200773,1950.0,0.125
2146,0.1,0.2,0.506,13,0.06027397260273973,-0.3642923576357874,2000.0,0.15000000000000002
2147,0.15,0.25,0.4871,6,0.06027397260273973,-0.33959974504541585,2050.0,0.2
2148,0.15,0.25,0.4553,11,0.06027397260273973,-0.3155021934663554,2100.0,0.2
2149,0.15,0.2,0.419,5657,0.06027397260273973,-0.29197169605616125,2150.0,0.175
2150,0.2,0.3,0.4026,0,0.06027397260273973,-0.2689821778314625,2200.0,0.25
2151,0.2,0.35,0.3752,4,0.06027397260273973,-0.2465093219794039,2250.0,0.275
2152,0.25,0.4,0.3665,4,0.06027397260273973,-0.23545948579281892,2275.0,0.325
2153,0.25,0.4,0.3511,0,0.06027397260273973,-0.22453041526062864,2300.0,0.325
2154,0.3,0.45,0.3414,0,0.06027397260273973,-0.21371949915641303,2325.0,0.375
2155,0.35,0.5,0.3307,0,0.06027397260273973,-0.20302421003966506,2350.0,0.425
2156,0.4,0.55,0.3193,0,0.06027397260273973,-0.19244210070912812,2375.0,0.47500000000000003
2157,0.5,0.6,0.3092,0,0.06027397260273973,-0.1819708008418327,2400.0,0.55
2158,0.55,0.7,0.2982,1,0.06027397260273973,-0.17160801380628612,2425.0,0.625
2159,0.65,0.8,0.2881,0,0.06027397260273973,-0.16135151363909703,2450.0,0.7250000000000001
2160,0.75,0.9,0.2769,16,0.06027397260273973,-0.15119914217507902,2475.0,0.825
2161,0.9,1.05,0.2669,5,0.06027397260273973,-0.14114880632157759,2500.0,0.9750000000000001
2162,1.1,1.25,0.2577,18,0.06027397260273973,-0.1311984754684095,2525.0,1.175
2163,1.15,1.25,0.255,0,0.06027397260273973,-0.1292202354563038,2530.0,1.2
2164,1.2,1.35,0.2508,0,0.06027397260273973,-0.1252754571652875,2540.0,1.275
2165,1.3,1.45,0.247,0,0.06027397260273973,-0.12134617902539786,2550.0,1.375
2166,1.4,1.55,0.2429,8,0.06027397260273973,-0.11743227970426158,2560.0,1.475
2167,1.5,1.65,0.2385,0,0.06027397260273973,-0.11353363928860419,2570.0,1.575
2168,1.6,1.75,0.2375,0,0.06027397260273973,-0.11159000408003318,2575.0,1.675
2169,1.65,1.8,0.2352,56,0.06027397260273973,-0.10965013926220661,2580.0,1.725
2170,1.8,1.95,0.2316,47,0.06027397260273973,-0.10578166248428633,2590.0,1.875
2171,1.95,2.1,0.2276,708,0.06027397260273973,-0.10192809316829628,2600.0,2.025
2172,2.1,2.25,0.2234,10,0.06027397260273973,-0.09808931686113065,2610.0,2.175
2173,2.25,2.4,0.2189,1,0.06027397260273973,-0.09426522042272713,2620.0,2.325
2174,2.35,2.5,0.217,557,0.06027397260273973,-0.09235864215214558,2625.0,2.425
2175,2.45,2.6,0.215,4,0.06027397260273973,-0.09045569200605948,2630.0,2.5250000000000004
2176,2.65,2.85,0.2112,0,0.06027397260273973,-0.08666062103750792,2640.0,2.75
2177,2.9,3.1,0.2074,1500,0.06027397260273973,-0.0828798981976018,2650.0,3.0
2178,3.1,3.3,0.2025,4,0.06027397260273973,-0.07911341540212498,2660.0,3.2
2179,3.3,3.5,0.2013,18,0.06027397260273973,-0.07723548057792484,2665.0,3.4
2180,3.4,3.6,0.1987,3,0.06027397260273973,-0.07536106578357445,2670.0,3.5
2181,3.6,3.8,0.1972,7,0.06027397260273973,-0.07349015784776276,2675.0,3.7
2182,3.7,3.9,0.1945,179,0.06027397260273973,-0.07162274367296735,2680.0,3.8
2183,3.9,4.1,0.1928,50,0.06027397260273973,-0.06975881023490467,2685.0,4.0
2184,4.1,4.3,0.191,18,0.06027397260273973,-0.06789834458198497,2690.0,4.199999999999999
2185,4.3,4.5,0.1891,16,0.06027397260273973,-0.06604133383477213,2695.0,4.4
2186,4.5,4.7,0.187,17,0.06027397260273973,-0.06418776518544925,2700.0,4.6
2187,4.7,4.9,0.1849,0,0.06027397260273973,-0.062337625897287814,2705.0,4.800000000000001
2188,4.9,5.1,0.1826,3,0.06027397260273973,-0.06049090330412315,2710.0,5.0
2189,5.1,5.4,0.1807,0,0.06027397260273973,-0.058647584809833946,2715.0,5.25
2190,5.3,5.6,0.1783,2,0.06027397260273973,-0.05680765788782678,2720.0,5.449999999999999
2191,5.6,5.9,0.1765,52,0.06027397260273973,-0.054971110080525236,2725.0,5.75
2192,5.9,6.2,0.1747,102,0.06027397260273973,-0.0531379289988643,2730.0,6.050000000000001
2193,6.2,6.4,0.1723,32,0.06027397260273973,-0.05130810232178815,2735.0,6.300000000000001
2194,6.5,6.7,0.1702,4,0.06027397260273973,-0.04948161779575385,2740.0,6.6
2195,6.8,7.1,0.1683,0,0.06027397260273973,-0.04765846323423877,2745.0,6.949999999999999
2196,7.1,7.4,0.1659,958,0.06027397260273973,-0.045838626517252706,2750.0,7.25
2197,7.5,7.8,0.164,35,0.06027397260273973,-0.04402209559085485,2755.0,7.65
2198,7.8,8.1,0.1614,129,0.06027397260273973,-0.04220885846667405,2760.0,7.949999999999999
2199,8.2,8.5,0.1592,146,0.06027397260273973,-0.04039890322143458,2765.0,8.35
2200,8.7,9.0,0.1575,23,0.06027397260273973,-0.038592217996485594,2770.0,8.85
2201,9.1,9.4,0.1551,6,0.06027397260273973,-0.0367887909973348,2775.0,9.25
2202,9.6,9.9,0.153,179,0.06027397260273973,-0.03498861049318696,2780.0,9.75
2203,10.1,10.4,0.1508,1486,0.06027397260273973,-0.03319166481648533,2785.0,10.25
2204,10.6,11.0,0.1487,27,0.06027397260273973,-0.03139794236245844,2790.0,10.8
2205,11.2,11.5,0.1464,183,0.06027397260273973,-0.02960743158867024,2795.0,11.35
2206,11.8,12.2,0.1444,1551,0.06027397260273973,-0.027820121014574394,2800.0,12.0
2207,12.5,12.8,0.1422,30,0.06027397260273973,-0.026035999221073018,2805.0,12.65
2208,13.2,13.5,0.14,42,0.06027397260273973,-0.02425505485007828,2810.0,13.35
2209,13.9,14.3,0.1379,16,0.06027397260273973,-0.022477276604078996,2815.0,14.100000000000001
2210,14.7,15.1,0.1357,16,0.06027397260273973,-0.020702653245710502,2820.0,14.899999999999999
2211,15.6,15.9,0.1335,42,0.06027397260273973,-0.018931173597328366,2825.0,15.75
2212,16.5,16.8,0.1313,324,0.06027397260273973,-0.017162826540586398,2830.0,16.65
2213,17.5,17.8,0.1292,6,0.06027397260273973,-0.015397601016017283,2835.0,17.65
2214,18.5,18.9,0.127,30,0.06027397260273973,-0.013635486022618026,2840.0,18.7
2215,19.6,20.0,0.1248,9,0.06027397260273973,-0.011876470617438477,2845.0,19.8
2216,20.8,21.2,0.1226,16,0.06027397260273973,-0.010120543915173473,2850.0,21.0
2217,22.1,22.5,0.1205,1,0.06027397260273973,-0.008367695087759114,2855.0,22.3
2218,23.5,23.9,0.1184,308,0.06027397260273973,-0.006617913363971453,2860.0,23.7
2219,25.0,25.4,0.1164,9,0.06027397260273973,-0.00487118802902981,2865.0,25.2
2220,26.6,27.0,0.1143,33,0.06027397260273973,-0.0031275084242029776,2870.0,26.8
2221,28.3,28.7,0.1121,112,0.06027397260273973,-0.0013868639464188668,2875.0,28.5
2222,30.2,30.6,0.1103,103,0.06027397260273973,0.0003507559521219104,2880.0,30.4
2223,32.2,32.6,0.1084,4,0.06027397260273973,0.0020853617643302107,2885.0,32.400000000000006
2224,34.4,34.8,0.1067,82,0.06027397260273973,0.003816963928608097,2890.0,34.599999999999994
2225,36.7,37.1,0.1049,10,0.06027397260273973,0.005545572829225849,2895.0,36.900000000000006
2226,39.2,39.6,0.1033,50,0.06027397260273973,0.007271198796695605,2900.0,39.400000000000006
2227,41.8,42.3,0.1017,0,0.06027397260273973,0.00899385210814179,2905.0,42.05
2228,44.6,45.1,0.1002,22,0.06027397260273973,0.010713542987668584,2910.0,44.85
2229,47.6,48.1,0.0988,9,0.06027397260273973,0.012430281606723118,2915.0,47.85
2230,50.8,51.2,0.0975,11,0.06027397260273973,0.014144078084457773,2920.0,51.0
2231,54.1,54.5,0.0961,30,0.06027397260273973,0.01585494248808719,2925.0,54.3
2232,57.0,58.6,0.095,20,0.06027397260273973,0.017562884833243288,2930.0,57.8
2233,60.5,62.2,0.0935,40,0.06027397260273973,0.0192679150843271,2935.0,61.35
2234,64.1,66.1,0.0922,22,0.06027397260273973,0.02097004315485755,2940.0,65.1
2235,68.0,69.9,0.0907,12,0.06027397260273973,0.022669278907817315,2945.0,68.95
2236,72.1,74.1,0.0903,85,0.06027397260273973,0.02436563215599572,2950.0,73.1
2237,76.3,78.3,0.0895,0,0.06027397260273973,0.026059112662328764,2955.0,77.3
2238,80.5,82.6,0.0884,0,0.06027397260273973,0.027749730140236226,2960.0,81.55
2239,85.0,87.1,0.0885,0,0.06027397260273973,0.02943749425395619,2965.0,86.05
2240,89.6,91.7,0.0889,0,0.06027397260273973,0.031122414618875646,2970.0,90.65
2241,94.1,96.2,0.0878,0,0.06027397260273973,0.03280450080186045,2975.0,95.15
2242,98.6,100.8,0.0864,0,0.06027397260273973,0.03448376232158044,2980.0,99.69999999999999
2243,108.3,110.4,0.0886,0,0.06027397260273973,0.03783384920686237,2990.0,109.35
2244,117.8,120.0,0.0876,0,0.06027397260273973,0.04117275047237696,3000.0,118.9
2245,127.6,129.8,0.0894,0,0.06027397260273973,0.04450054056505159,3010.0,128.7
2246,137.4,139.6,0.0897,0,0.06027397260273973,0.04781729319104567,3020.0,138.5
2247,142.4,144.7,0.0942,0,0.06027397260273973,0.04947155328707216,3025.0,143.55
2248,147.3,149.5,0.092,0,0.06027397260273973,0.051123081325545126,3030.0,148.4
2249,167.1,169.3,0.0931,0,0.06027397260273973,0.05770205242358753,3050.0,168.2
2250,191.9,194.1,0.0,0,0.06027397260273973,0.06586536306274857,3075.0,193.0
2251,217.0,219.1,0.1079,0,0.06027397260273973,0.07396257329536783,3100.0,218.05
2252,242.0,244.2,0.1284,0,0.06027397260273973,0.08199474499263221,3125.0,243.1
2253,266.8,268.9,0.0,0,0.06027397260273973,0.08996291464180897,3150.0,267.85
2254,291.8,293.9,0.0,0,0.06027397260273973,0.09786809414892235,3175.0,292.85
2255,316.6,318.8,0.0,0,0.06027397260273973,0.10571127160994814,3200.0,317.70000000000005
2256,362.2,373.6,0.1806,0,0.06027397260273973,0.1212154581459134,3250.0,367.9
2257,412.1,423.5,0.197,0,0.06027397260273973,0.13648293027670183,3300.0,417.8
2258,0.0,0.05,1.397,0,0.06575342465753424,-1.2805830895099424,800.0,0.025
2259,0.0,0.05,1.2679,0,0.06575342465753424,-1.162800053853559,900.0,0.025
2260,0.0,0.1,1.2197,0,0.06575342465753424,-1.0574395381957327,1000.0,0.05
2261,0.0,0.1,1.1628,0,0.06575342465753424,-1.0086493740263007,1050.0,0.05
2262,0.0,0.1,1.1104,0,0.06575342465753424,-0.9621293583914078,1100.0,0.05
2263,0.0,0.1,1.0635,20,0.06575342465753424,-0.917677595820574,1150.0,0.05
2264,0.0,0.1,1.0119,11,0.06575342465753424,-0.875117981401778,1200.0,0.05
2265,0.0,0.1,0.9708,353,0.06575342465753424,-0.8342959868815228,1250.0,0.05
2266,0.0,0.1,0.9251,346,0.06575342465753424,-0.7950752737282416,1300.0,0.05
2267,0.0,0.1,0.8835,30,0.06575342465753424,-0.7573349457453945,1350.0,0.05
2268,0.0,0.1,0.8427,168,0.06575342465753424,-0.7209673015745197,1400.0,0.05
2269,0.0,0.1,0.8039,138,0.06575342465753424,-0.6858759817632497,1450.0,0.05
2270,0.0,0.1,0.7672,684,0.06575342465753424,-0.6519744300875684,1500.0,0.05
2271,0.0,0.1,0.7301,25,0.06575342465753424,-0.6191846072645775,1550.0,0.05
2272,0.05,0.1,0.7142,11099,0.06575342465753424,-0.5874359089499972,1600.0,0.07500000000000001
2273,0.05,0.1,0.6787,17680,0.06575342465753424,-0.5566642502832435,1650.0,0.07500000000000001
2274,0.05,0.15,0.6604,23557,0.06575342465753424,-0.5268112871335623,1700.0,0.1
2275,0.1,0.15,0.6377,266,0.06575342465753424,-0.49782375026031,1750.0,0.125
2276,0.05,0.15,0.5938,1760,0.06575342465753424,-0.4696528732936137,1800.0,0.1
2277,0.1,0.15,0.5717,271,0.06575342465753424,-0.4422538991054992,1850.0,0.125
2278,0.15,0.2,0.5556,895,0.06575342465753424,-0.4155856520233379,1900.0,0.175
2279,0.15,0.25,0.5301,2374,0.06575342465753424,-0.3896101656200773,1950.0,0.2
2280,0.15,0.25,0.4979,1624,0.06575342465753424,-0.3642923576357874,2000.0,0.2
2281,0.15,0.3,0.472,2799,0.06575342465753424,-0.33959974504541585,2050.0,0.22499999999999998
2282,0.15,0.25,0.4516,186,0.06575342465753424,-0.32747838451307104,2075.0,0.2
2283,0.2,0.3,0.446,1790,0.06575342465753424,-0.3155021934663554,2100.0,0.25
2284,0.2,0.25,0.4261,376,0.06575342465753424,-0.3036677358193525,2125.0,0.225
2285,0.2,0.3,0.4155,345,0.06575342465753424,-0.29197169605616125,2150.0,0.25
2286,0.25,0.35,0.4082,625,0.06575342465753424,-0.28041087365508527,2175.0,0.3
2287,0.25,0.4,0.3961,3547,0.06575342465753424,-0.2689821778314625,2200.0,0.325
2288,0.3,0.4,0.384,674,0.06575342465753424,-0.2576826225775291,2225.0,0.35
2289,0.3,0.4,0.375,1058,0.06575342465753424,-0.25096367232878414,2240.0,0.35
2290,0.3,0.45,0.3718,158,0.06575342465753424,-0.2465093219794039,2250.0,0.375
2291,0.35,0.45,0.3683,53,0.06575342465753424,-0.2420747249115382,2260.0,0.4
2292,0.35,0.45,0.3624,31,0.06575342465753424,-0.23765970670242131,2270.0,0.4
2293,0.35,0.45,0.3593,781,0.06575342465753424,-0.23545948579281892,2275.0,0.4
2294,0.35,0.45,0.3565,51,0.06575342465753424,-0.2332640952293833,2280.0,0.4
2295,0.4,0.5,0.355,59,0.06575342465753424,-0.22888772062958446,2290.0,0.45
2296,0.4,0.5,0.3489,1472,0.06575342465753424,-0.22453041526062864,2300.0,0.45
2297,0.4,0.5,0.343,597,0.06575342465753424,-0.22019201366203053,2310.0,0.45
2298,0.45,0.55,0.341,117,0.06575342465753424,-0.21587235251751405,2320.0,0.5
2299,0.45,0.55,0.3379,3577,0.06575342465753424,-0.21371949915641303,2325.0,0.5
2300,0.45,0.55,0.3349,94,0.06575342465753424,-0.21157127061812347,2330.0,0.5
2301,0.5,0.6,0.3327,72,0.06575342465753424,-0.20728860882612268,2340.0,0.55
2302,0.5,0.6,0.3266,1451,0.06575342465753424,-0.20302421003966506,2350.0,0.55
2303,0.55,0.65,0.3239,106,0.06575342465753424,-0.198777919158214,2360.0,0.6000000000000001
2304,0.55,0.65,0.3178,114,0.06575342465753424,-0.1945495830486928,2370.0,0.6000000000000001
2305,0.55,0.7,0.3163,11961,0.06575342465753424,-0.19244210070912812,2375.0,0.625
2306,0.6,0.7,0.3147,117,0.06575342465753424,-0.19033905051234934,2380.0,0.6499999999999999
2307,0.6,0.7,0.3117,23,0.06575342465753424,-0.18824041385542817,2385.0,0.6499999999999999
2308,0.6,0.75,0.3101,436,0.06575342465753424,-0.18614617225231345,2390.0,0.675
2309,0.65,0.75,0.3085,34,0.06575342465753424,-0.18405630733285408,2395.0,0.7
2310,0.65,0.75,0.3053,1565,0.06575342465753424,-0.1819708008418327,2400.0,0.7
2311,0.7,0.8,0.305,17,0.06575342465753424,-0.17988963463800817,2405.0,0.75
2312,0.7,0.8,0.3019,1688,0.06575342465753424,-0.17781279069316908,2410.0,0.75
2313,0.7,0.8,0.2988,10,0.06575342465753424,-0.17574025109119673,2415.0,0.75
2314,0.75,0.85,0.2982,77,0.06575342465753424,-0.1736719980271376,2420.0,0.8
2315,0.75,0.85,0.2951,85,0.06575342465753424,-0.17160801380628612,2425.0,0.8
2316,0.8,0.9,0.2944,2055,0.06575342465753424,-0.16954828084327558,2430.0,0.8500000000000001
2317,0.8,0.9,0.2912,21,0.06575342465753424,-0.1674927816611796,2435.0,0.8500000000000001
2318,0.85,0.95,0.2905,90,0.06575342465753424,-0.16544149889062224,2440.0,0.8999999999999999
2319,0.85,0.95,0.2873,19,0.06575342465753424,-0.16339441526889728,2445.0,0.8999999999999999
2320,0.9,0.95,0.2852,2457,0.06575342465753424,-0.16135151363909703,2450.0,0.925
2321,0.9,1.0,0.2831,10,0.06575342465753424,-0.15931277694924878,2455.0,0.95
2322,0.95,1.05,0.282,292,0.06575342465753424,-0.15727818825146125,2460.0,1.0
2323,0.95,1.05,0.2788,20,0.06575342465753424,-0.1552477307010793,2465.0,1.0
2324,1.0,1.1,0.2776,77,0.06575342465753424,-0.1532213875558468,2470.0,1.05
2325,1.05,1.15,0.2763,101,0.06575342465753424,-0.15119914217507902,2475.0,1.1
2326,1.05,1.15,0.2731,1034,0.06575342465753424,-0.14918097801884186,2480.0,1.1
2327,1.1,1.2,0.2717,71,0.06575342465753424,-0.14716687864714065,2485.0,1.15
2328,1.15,1.25,0.2702,157,0.06575342465753424,-0.14515682771911648,2490.0,1.2
2329,1.2,1.25,0.2677,1074,0.06575342465753424,-0.14315080899225063,2495.0,1.225
2330,1.2,1.3,0.2654,872,0.06575342465753424,-0.14114880632157759,2500.0,1.25
2331,1.25,1.35,0.2637,135,0.06575342465753424,-0.13915080365890456,2505.0,1.3
2332,1.3,1.4,0.262,90,0.06575342465753424,-0.13715678505204018,2510.0,1.35
2333,1.35,1.4,0.2594,2709,0.06575342465753424,-0.1351667346440302,2515.0,1.375
2334,1.4,1.45,0.2576,123,0.06575342465753424,-0.13318063667240068,2520.0,1.4249999999999998
2335,1.45,1.5,0.2557,2514,0.06575342465753424,-0.1311984754684095,2525.0,1.475
2336,1.5,1.55,0.2538,1306,0.06575342465753424,-0.1292202354563038,2530.0,1.525
2337,1.55,1.6,0.2518,1474,0.06575342465753424,-0.12724590115258622,2535.0,1.5750000000000002
2338,1.6,1.65,0.2497,187,0.06575342465753424,-0.1252754571652875,2540.0,1.625
2339,1.65,1.7,0.2476,19,0.06575342465753424,-0.12330888819324655,2545.0,1.6749999999999998
2340,1.7,1.75,0.2455,20075,0.06575342465753424,-0.12134617902539786,2550.0,1.725
2341,1.75,1.85,0.2439,128,0.06575342465753424,-0.11938731454006492,2555.0,1.8
2342,1.8,1.9,0.2417,2429,0.06575342465753424,-0.11743227970426158,2560.0,1.85
2343,1.9,1.95,0.2399,1452,0.06575342465753424,-0.11548105957299987,2565.0,1.9249999999999998
2344,1.95,2.05,0.2381,68,0.06575342465753424,-0.11353363928860419,2570.0,2.0
2345,2.0,2.1,0.2357,2411,0.06575342465753424,-0.11159000408003318,2575.0,2.05
2346,2.1,2.2,0.2343,3707,0.06575342465753424,-0.10965013926220661,2580.0,2.1500000000000004
2347,2.15,2.25,0.2318,2744,0.06575342465753424,-0.10771403023534024,2585.0,2.2
2348,2.25,2.35,0.2302,90,0.06575342465753424,-0.10578166248428633,2590.0,2.3
2349,2.35,2.45,0.2285,48,0.06575342465753424,-0.10385302157788065,2595.0,2.4000000000000004
2350,2.45,2.55,0.2268,8392,0.06575342465753424,-0.10192809316829628,2600.0,2.5
2351,2.5,2.6,0.2241,30,0.06575342465753424,-0.10000686299040243,2605.0,2.55
2352,2.6,2.7,0.2222,568,0.06575342465753424,-0.09808931686113065,2610.0,2.6500000000000004
2353,2.7,2.8,0.2202,2323,0.06575342465753424,-0.0961754406788465,2615.0,2.75
2354,2.8,2.9,0.2182,6197,0.06575342465753424,-0.09426522042272713,2620.0,2.8499999999999996
2355,2.95,3.1,0.2172,2165,0.06575342465753424,-0.09235864215214558,2625.0,3.0250000000000004
2356,3.0,3.2,0.2147,317,0.06575342465753424,-0.09045569200605948,2630.0,3.1
2357,3.1,3.3,0.2124,2349,0.06575342465753424,-0.08855635620240704,2635.0,3.2
2358,3.3,3.4,0.2108,1579,0.06575342465753424,-0.08666062103750792,2640.0,3.3499999999999996
2359,3.4,3.6,0.209,264,0.06575342465753424,-0.08476847288546992,2645.0,3.5
2360,3.5,3.7,0.2066,5181,0.06575342465753424,-0.0828798981976018,2650.0,3.6
2361,3.7,3.8,0.2047,315,0.06575342465753424,-0.08099488350183051,2655.0,3.75
2362,3.8,4.0,0.2027,2298,0.06575342465753424,-0.07911341540212498,2660.0,3.9
2363,4.0,4.2,0.2012,1048,0.06575342465753424,-0.07723548057792484,2665.0,4.1
2364,4.2,4.3,0.199,154,0.06575342465753424,-0.07536106578357445,2670.0,4.25
2365,4.3,4.5,0.1968,1769,0.06575342465753424,-0.07349015784776276,2675.0,4.4
2366,4.5,4.7,0.1949,140,0.06575342465753424,-0.07162274367296735,2680.0,4.6
2367,4.7,4.9,0.193,3710,0.06575342465753424,-0.06975881023490467,2685.0,4.800000000000001
2368,4.9,5.1,0.191,329,0.06575342465753424,-0.06789834458198497,2690.0,5.0
2369,5.1,5.3,0.1889,296,0.06575342465753424,-0.06604133383477213,2695.0,5.199999999999999
2370,5.4,5.5,0.1871,1456,0.06575342465753424,-0.06418776518544925,2700.0,5.45
2371,5.6,5.8,0.1853,159,0.06575342465753424,-0.062337625897287814,2705.0,5.699999999999999
2372,5.8,6.0,0.1829,370,0.06575342465753424,-0.06049090330412315,2710.0,5.9
2373,6.1,6.3,0.1812,590,0.06575342465753424,-0.058647584809833946,2715.0,6.199999999999999
2374,6.4,6.5,0.179,704,0.06575342465753424,-0.05680765788782678,2720.0,6.45
2375,6.6,6.8,0.1767,3218,0.06575342465753424,-0.054971110080525236,2725.0,6.699999999999999
2376,6.9,7.2,0.175,2031,0.06575342465753424,-0.0531379289988643,2730.0,7.050000000000001
2377,7.3,7.5,0.1732,106,0.06575342465753424,-0.05130810232178815,2735.0,7.4
2378,7.6,7.8,0.1709,2411,0.06575342465753424,-0.04948161779575385,2740.0,7.699999999999999
2379,7.9,8.2,0.1688,529,0.06575342465753424,-0.04765846323423877,2745.0,8.05
2380,8.3,8.5,0.1666,4487,0.06575342465753424,-0.045838626517252706,2750.0,8.4
2381,8.7,8.9,0.1646,155,0.06575342465753424,-0.04402209559085485,2755.0,8.8
2382,9.1,9.3,0.1625,501,0.06575342465753424,-0.04220885846667405,2760.0,9.2
2383,9.5,9.8,0.1605,173,0.06575342465753424,-0.04039890322143458,2765.0,9.65
2384,10.0,10.2,0.1583,235,0.06575342465753424,-0.038592217996485594,2770.0,10.1
2385,10.5,10.7,0.1563,3752,0.06575342465753424,-0.0367887909973348,2775.0,10.6
2386,11.0,11.3,0.1544,1790,0.06575342465753424,-0.03498861049318696,2780.0,11.15
2387,11.6,11.8,0.1523,2065,0.06575342465753424,-0.03319166481648533,2785.0,11.7
2388,12.1,12.4,0.15,407,0.06575342465753424,-0.03139794236245844,2790.0,12.25
2389,12.7,13.0,0.1479,470,0.06575342465753424,-0.02960743158867024,2795.0,12.85
2390,13.4,13.7,0.146,3725,0.06575342465753424,-0.027820121014574394,2800.0,13.55
2391,14.1,14.4,0.1439,1990,0.06575342465753424,-0.026035999221073018,2805.0,14.25
2392,14.8,15.1,0.1416,219,0.06575342465753424,-0.02425505485007828,2810.0,14.95
2393,15.6,15.9,0.1395,226,0.06575342465753424,-0.022477276604078996,2815.0,15.75
2394,16.5,16.7,0.1375,102,0.06575342465753424,-0.020702653245710502,2820.0,16.6
2395,17.4,17.6,0.1354,3041,0.06575342465753424,-0.018931173597328366,2825.0,17.5
2396,18.3,18.6,0.1333,266,0.06575342465753424,-0.017162826540586398,2830.0,18.450000000000003
2397,19.3,19.6,0.1312,291,0.06575342465753424,-0.015397601016017283,2835.0,19.450000000000003
2398,20.4,20.7,0.1291,508,0.06575342465753424,-0.013635486022618026,2840.0,20.549999999999997
2399,21.6,21.9,0.1272,737,0.06575342465753424,-0.011876470617438477,2845.0,21.75
2400,22.8,23.1,0.125,2205,0.06575342465753424,-0.010120543915173473,2850.0,22.950000000000003
2401,24.1,24.4,0.1229,48,0.06575342465753424,-0.008367695087759114,2855.0,24.25
2402,25.5,25.8,0.1208,1140,0.06575342465753424,-0.006617913363971453,2860.0,25.65
2403,27.0,27.4,0.1189,664,0.06575342465753424,-0.00487118802902981,2865.0,27.2
2404,28.6,29.0,0.1169,1688,0.06575342465753424,-0.0031275084242029776,2870.0,28.8
2405,30.4,30.7,0.115,496,0.06575342465753424,-0.0013868639464188668,2875.0,30.549999999999997
2406,32.2,32.6,0.1131,317,0.06575342465753424,0.0003507559521219104,2880.0,32.400000000000006
2407,34.2,34.6,0.1113,52,0.06575342465753424,0.0020853617643302107,2885.0,34.400000000000006
2408,36.3,36.7,0.1094,718,0.06575342465753424,0.003816963928608097,2890.0,36.5
2409,38.6,39.0,0.1078,60,0.06575342465753424,0.005545572829225849,2895.0,38.8
2410,41.0,41.4,0.106,304,0.06575342465753424,0.007271198796695605,2900.0,41.2
2411,43.6,44.0,0.1045,33,0.06575342465753424,0.00899385210814179,2905.0,43.8
2412,46.3,46.7,0.1029,36,0.06575342465753424,0.010713542987668584,2910.0,46.5
2413,49.2,49.6,0.1014,38,0.06575342465753424,0.012430281606723118,2915.0,49.400000000000006
2414,52.2,52.7,0.1,98,0.06575342465753424,0.014144078084457773,2920.0,52.45
2415,55.4,55.9,0.0987,67,0.06575342465753424,0.01585494248808719,2925.0,55.65
2416,58.8,59.2,0.0974,58,0.06575342465753424,0.017562884833243288,2930.0,59.0
2417,61.8,63.3,0.0963,14,0.06575342465753424,0.0192679150843271,2935.0,62.55
2418,65.4,67.0,0.0951,4,0.06575342465753424,0.02097004315485755,2940.0,66.2
2419,69.2,70.8,0.0941,4,0.06575342465753424,0.022669278907817315,2945.0,70.0
2420,73.1,74.8,0.0932,22,0.06575342465753424,0.02436563215599572,2950.0,73.94999999999999
2421,77.2,78.8,0.0922,0,0.06575342465753424,0.026059112662328764,2955.0,78.0
2422,81.3,83.1,0.0914,0,0.06575342465753424,0.027749730140236226,2960.0,82.19999999999999
2423,85.4,87.4,0.0901,10,0.06575342465753424,0.02943749425395619,2965.0,86.4
2424,90.0,91.8,0.0902,0,0.06575342465753424,0.031122414618875646,2970.0,90.9
2425,94.3,96.3,0.089,0,0.06575342465753424,0.03280450080186045,2975.0,95.3
2426,99.0,100.9,0.0894,0,0.06575342465753424,0.03448376232158044,2980.0,99.95
2427,103.6,105.5,0.0888,0,0.06575342465753424,0.036160208648832744,2985.0,104.55
2428,108.3,110.2,0.0887,10,0.06575342465753424,0.03783384920686237,2990.0,109.25
2429,113.0,115.0,0.0887,0,0.06575342465753424,0.03950469337167996,2995.0,114.0
2430,117.6,119.8,0.0874,10,0.06575342465753424,0.04117275047237696,3000.0,118.69999999999999
2431,122.6,124.6,0.0888,0,0.06575342465753424,0.04283802979143815,3005.0,123.6
2432,127.4,129.5,0.089,0,0.06575342465753424,0.04450054056505159,3010.0,128.45
2433,132.3,134.4,0.0898,0,0.06575342465753424,0.04616029198341618,3015.0,133.35000000000002
2434,137.2,139.3,0.0904,0,0.06575342465753424,0.04781729319104567,3020.0,138.25
2435,142.1,144.2,0.0906,6,0.06575342465753424,0.04947155328707216,3025.0,143.14999999999998
2436,147.1,149.1,0.092,0,0.06575342465753424,0.051123081325545126,3030.0,148.1
2437,151.9,153.9,0.0874,5,0.06575342465753424,0.05277188631572892,3035.0,152.9
2438,156.9,159.0,0.0923,0,0.06575342465753424,0.05441797722239764,3040.0,157.95
2439,161.8,163.8,0.0876,0,0.06575342465753424,0.05606136296612764,3045.0,162.8
2440,166.9,168.9,0.0957,0,0.06575342465753424,0.05770205242358753,3050.0,167.9
2441,171.8,173.8,0.0932,0,0.06575342465753424,0.059340054427825896,3055.0,172.8
2442,176.8,178.7,0.0926,0,0.06575342465753424,0.06097537776855663,3060.0,177.75
2443,181.7,183.8,0.0954,0,0.06575342465753424,0.06260803119244214,3065.0,182.75
2444,186.8,188.8,0.1015,0,0.06575342465753424,0.06423802340337319,3070.0,187.8
2445,191.7,193.7,0.0969,0,0.06575342465753424,0.06586536306274857,3075.0,192.7
2446,196.7,198.6,0.0943,0,0.06575342465753424,0.06749005878975045,3080.0,197.64999999999998
2447,201.6,203.7,0.0973,0,0.06575342465753424,0.06911211916161847,3085.0,202.64999999999998
2448,206.7,208.7,0.1056,0,0.06575342465753424,0.07073155271392141,3090.0,207.7
2449,211.6,213.5,0.0,0,0.06575342465753424,0.07234836794082672,3095.0,212.55
2450,216.6,218.6,0.0998,40,0.06575342465753424,0.07396257329536783,3100.0,217.6
2451,221.5,223.6,0.0877,0,0.06575342465753424,0.07557417718970934,3105.0,222.55
2452,226.6,228.4,0.0,0,0.06575342465753424,0.07718318799541,3110.0,227.5
2453,236.6,238.6,0.1127,0,0.06575342465753424,0.08039346362565838,3120.0,237.6
2454,241.5,243.4,0.0,0,0.06575342465753424,0.08199474499263221,3125.0,242.45
2455,266.4,268.5,0.0,0,0.06575342465753424,0.08996291464180897,3150.0,267.45
2456,291.3,293.4,0.0,0,0.06575342465753424,0.09786809414892235,3175.0,292.35
2457,316.2,318.3,0.0,0,0.06575342465753424,0.10571127160994814,3200.0,317.25
2458,361.7,373.1,0.1651,0,0.06575342465753424,0.1212154581459134,3250.0,367.4
2459,411.5,422.9,0.0,0,0.06575342465753424,0.13648293027670183,3300.0,417.2
2460,511.4,522.8,0.2018,0,0.06575342465753424,0.166335893426383,3400.0,517.0999999999999
2461,611.1,622.5,0.0,0,0.06575342465753424,0.19532343029963528,3500.0,616.8
2462,711.5,722.9,0.3367,0,0.06575342465753424,0.22349430726633163,3600.0,717.2
2463,0.1,0.15,0.5702,662,0.07397260273972603,-0.4696528732936137,1800.0,0.125
2464,0.15,0.25,0.5306,0,0.07397260273972603,-0.4155856520233379,1900.0,0.2
2465,0.1,0.25,0.4938,0,0.07397260273972603,-0.3896101656200773,1950.0,0.175
2466,0.15,0.25,0.4698,0,0.07397260273972603,-0.3642923576357874,2000.0,0.2
2467,0.15,0.3,0.4455,0,0.07397260273972603,-0.33959974504541585,2050.0,0.22499999999999998
2468,0.2,0.35,0.4247,15,0.07397260273972603,-0.3155021934663554,2100.0,0.275
2469,0.25,0.4,0.4026,0,0.07397260273972603,-0.29197169605616125,2150.0,0.325
2470,0.3,0.4,0.3767,0,0.07397260273972603,-0.2689821778314625,2200.0,0.35
2471,0.35,0.45,0.3531,0,0.07397260273972603,-0.2465093219794039,2250.0,0.4
2472,0.45,0.6,0.335,63,0.07397260273972603,-0.22453041526062864,2300.0,0.525
2473,0.5,0.65,0.3241,1,0.07397260273972603,-0.21371949915641303,2325.0,0.575
2474,0.6,0.7,0.3143,0,0.07397260273972603,-0.20302421003966506,2350.0,0.6499999999999999
2475,0.65,0.8,0.304,14,0.07397260273972603,-0.19244210070912812,2375.0,0.7250000000000001
2476,0.75,0.85,0.2931,0,0.07397260273972603,-0.1819708008418327,2400.0,0.8
2477,0.85,1.0,0.2839,0,0.07397260273972603,-0.17160801380628612,2425.0,0.925
2478,1.0,1.1,0.2738,1,0.07397260273972603,-0.16135151363909703,2450.0,1.05
2479,1.15,1.3,0.2647,0,0.07397260273972603,-0.15119914217507902,2475.0,1.225
2480,1.35,1.5,0.2553,21,0.07397260273972603,-0.14114880632157759,2500.0,1.425
2481,1.6,1.75,0.2461,0,0.07397260273972603,-0.1311984754684095,2525.0,1.675
2482,1.9,2.05,0.2368,10,0.07397260273972603,-0.12134617902539786,2550.0,1.9749999999999999
2483,2.05,2.15,0.2329,0,0.07397260273972603,-0.11743227970426158,2560.0,2.0999999999999996
2484,2.2,2.3,0.2292,0,0.07397260273972603,-0.11353363928860419,2570.0,2.25
2485,2.25,2.4,0.2273,0,0.07397260273972603,-0.11159000408003318,2575.0,2.325
2486,2.3,2.5,0.2253,0,0.07397260273972603,-0.10965013926220661,2580.0,2.4
2487,2.5,2.65,0.2216,0,0.07397260273972603,-0.10578166248428633,2590.0,2.575
2488,2.7,2.85,0.2181,11,0.07397260273972603,-0.10192809316829628,2600.0,2.7750000000000004
2489,2.9,3.1,0.2146,0,0.07397260273972603,-0.09808931686113065,2610.0,3.0
2490,3.1,3.3,0.2106,0,0.07397260273972603,-0.09426522042272713,2620.0,3.2
2491,3.2,3.4,0.2084,0,0.07397260273972603,-0.09235864215214558,2625.0,3.3
2492,3.3,3.6,0.2069,52,0.07397260273972603,-0.09045569200605948,2630.0,3.45
2493,3.6,3.8,0.203,3,0.07397260273972603,-0.08666062103750792,2640.0,3.7
2494,3.9,4.1,0.1993,207,0.07397260273972603,-0.0828798981976018,2650.0,4.0
2495,4.2,4.4,0.1954,0,0.07397260273972603,-0.07911341540212498,2660.0,4.300000000000001
2496,4.5,4.8,0.1916,0,0.07397260273972603,-0.07536106578357445,2670.0,4.65
2497,4.7,5.0,0.1898,215,0.07397260273972603,-0.07349015784776276,2675.0,4.85
2498,4.9,5.2,0.188,11,0.07397260273972603,-0.07162274367296735,2680.0,5.050000000000001
2499,5.3,5.6,0.184,18,0.07397260273972603,-0.06789834458198497,2690.0,5.449999999999999
2500,5.7,6.1,0.1801,16,0.07397260273972603,-0.06418776518544925,2700.0,5.9
2501,6.0,6.3,0.1782,0,0.07397260273972603,-0.062337625897287814,2705.0,6.15
2502,6.2,6.6,0.1762,6,0.07397260273972603,-0.06049090330412315,2710.0,6.4
2503,6.5,6.8,0.1742,10,0.07397260273972603,-0.058647584809833946,2715.0,6.65
2504,6.8,7.1,0.1723,3,0.07397260273972603,-0.05680765788782678,2720.0,6.949999999999999
2505,7.1,7.4,0.1704,26,0.07397260273972603,-0.054971110080525236,2725.0,7.25
2506,7.4,7.7,0.1683,0,0.07397260273972603,-0.0531379289988643,2730.0,7.550000000000001
2507,7.7,8.1,0.1665,0,0.07397260273972603,-0.05130810232178815,2735.0,7.9
2508,8.1,8.4,0.1646,3,0.07397260273972603,-0.04948161779575385,2740.0,8.25
2509,8.5,8.8,0.1628,14,0.07397260273972603,-0.04765846323423877,2745.0,8.65
2510,8.8,9.2,0.1606,12,0.07397260273972603,-0.045838626517252706,2750.0,9.0
2511,9.2,9.6,0.1586,39,0.07397260273972603,-0.04402209559085485,2755.0,9.399999999999999
2512,9.7,10.0,0.1568,10,0.07397260273972603,-0.04220885846667405,2760.0,9.85
2513,10.1,10.5,0.1548,2,0.07397260273972603,-0.04039890322143458,2765.0,10.3
2514,10.6,11.0,0.1529,52,0.07397260273972603,-0.038592217996485594,2770.0,10.8
2515,11.1,11.5,0.1509,12,0.07397260273972603,-0.0367887909973348,2775.0,11.3
2516,11.6,12.0,0.1487,17,0.07397260273972603,-0.03498861049318696,2780.0,11.8
2517,12.2,12.6,0.1469,5,0.07397260273972603,-0.03319166481648533,2785.0,12.399999999999999
2518,12.8,13.2,0.1449,12,0.07397260273972603,-0.03139794236245844,2790.0,13.0
2519,13.4,13.8,0.1427,8,0.07397260273972603,-0.02960743158867024,2795.0,13.600000000000001
2520,14.1,14.5,0.1408,387,0.07397260273972603,-0.027820121014574394,2800.0,14.3
2521,14.8,15.2,0.1388,1493,0.07397260273972603,-0.026035999221073018,2805.0,15.0
2522,15.6,16.0,0.137,26,0.07397260273972603,-0.02425505485007828,2810.0,15.8
2523,16.4,16.8,0.1349,2,0.07397260273972603,-0.022477276604078996,2815.0,16.6
2524,17.3,17.7,0.1331,1,0.07397260273972603,-0.020702653245710502,2820.0,17.5
2525,18.2,18.6,0.1311,3,0.07397260273972603,-0.018931173597328366,2825.0,18.4
2526,19.2,19.5,0.129,0,0.07397260273972603,-0.017162826540586398,2830.0,19.35
2527,20.2,20.6,0.1271,4,0.07397260273972603,-0.015397601016017283,2835.0,20.4
2528,21.3,21.7,0.1251,17,0.07397260273972603,-0.013635486022618026,2840.0,21.5
2529,22.5,22.9,0.1232,25,0.07397260273972603,-0.011876470617438477,2845.0,22.7
2530,23.7,24.1,0.1211,6,0.07397260273972603,-0.010120543915173473,2850.0,23.9
2531,25.1,25.5,0.1193,0,0.07397260273972603,-0.008367695087759114,2855.0,25.3
2532,26.5,26.9,0.1173,6,0.07397260273972603,-0.006617913363971453,2860.0,26.7
2533,28.0,28.4,0.1153,11,0.07397260273972603,-0.00487118802902981,2865.0,28.2
2534,29.7,30.1,0.1137,2,0.07397260273972603,-0.0031275084242029776,2870.0,29.9
2535,31.4,31.8,0.1117,2,0.07397260273972603,-0.0013868639464188668,2875.0,31.6
2536,33.3,33.7,0.1101,25,0.07397260273972603,0.0003507559521219104,2880.0,33.5
2537,35.3,35.7,0.1084,0,0.07397260273972603,0.0020853617643302107,2885.0,35.5
2538,37.4,37.8,0.1066,37,0.07397260273972603,0.003816963928608097,2890.0,37.599999999999994
2539,39.6,40.1,0.1049,8,0.07397260273972603,0.005545572829225849,2895.0,39.85
2540,42.0,42.5,0.1033,1,0.07397260273972603,0.007271198796695605,2900.0,42.25
2541,44.6,45.0,0.1017,0,0.07397260273972603,0.00899385210814179,2905.0,44.8
2542,47.3,47.8,0.1004,0,0.07397260273972603,0.010713542987668584,2910.0,47.55
2543,50.1,50.6,0.0988,22,0.07397260273972603,0.012430281606723118,2915.0,50.35
2544,53.2,53.6,0.0976,0,0.07397260273972603,0.014144078084457773,2920.0,53.400000000000006
2545,56.3,56.8,0.0962,8,0.07397260273972603,0.01585494248808719,2925.0,56.55
2546,59.6,60.1,0.0949,0,0.07397260273972603,0.017562884833243288,2930.0,59.85
2547,62.4,64.1,0.0935,0,0.07397260273972603,0.0192679150843271,2935.0,63.25
2548,66.1,67.8,0.0927,0,0.07397260273972603,0.02097004315485755,2940.0,66.94999999999999
2549,69.7,71.6,0.0914,0,0.07397260273972603,0.022669278907817315,2945.0,70.65
2550,73.6,75.5,0.0905,0,0.07397260273972603,0.02436563215599572,2950.0,74.55
2551,77.7,79.6,0.0901,4,0.07397260273972603,0.026059112662328764,2955.0,78.65
2552,81.7,83.6,0.0885,0,0.07397260273972603,0.027749730140236226,2960.0,82.65
2553,86.0,88.0,0.0884,0,0.07397260273972603,0.02943749425395619,2965.0,87.0
2554,90.4,92.4,0.0881,0,0.07397260273972603,0.031122414618875646,2970.0,91.4
2555,94.8,96.8,0.0873,0,0.07397260273972603,0.03280450080186045,2975.0,95.8
2556,99.2,101.3,0.0863,0,0.07397260273972603,0.03448376232158044,2980.0,100.25
2557,108.6,110.7,0.0872,0,0.07397260273972603,0.03783384920686237,2990.0,109.65
2558,118.0,120.2,0.087,0,0.07397260273972603,0.04117275047237696,3000.0,119.1
2559,127.5,129.7,0.0854,0,0.07397260273972603,0.04450054056505159,3010.0,128.6
2560,137.2,139.4,0.0848,0,0.07397260273972603,0.04781729319104567,3020.0,138.3
2561,142.1,144.3,0.085,0,0.07397260273972603,0.04947155328707216,3025.0,143.2
2562,147.0,149.2,0.0846,0,0.07397260273972603,0.051123081325545126,3030.0,148.1
2563,166.8,169.0,0.0871,0,0.07397260273972603,0.05770205242358753,3050.0,167.9
2564,191.7,194.0,0.0978,0,0.07397260273972603,0.06586536306274857,3075.0,192.85
2565,216.6,218.8,0.0999,0,0.07397260273972603,0.07396257329536783,3100.0,217.7
2566,241.5,243.7,0.1012,0,0.07397260273972603,0.08199474499263221,3125.0,242.6
2567,266.2,268.4,0.0,0,0.07397260273972603,0.08996291464180897,3150.0,267.29999999999995
2568,291.3,293.4,0.0,0,0.07397260273972603,0.09786809414892235,3175.0,292.35
2569,316.3,318.4,0.0,0,0.07397260273972603,0.10571127160994814,3200.0,317.35
2570,361.4,372.8,0.0,0,0.07397260273972603,0.1212154581459134,3250.0,367.1
2571,411.6,423.0,0.1664,0,0.07397260273972603,0.13648293027670183,3300.0,417.3
2572,0.1,0.15,0.5504,0,0.07945205479452055,-0.4696528732936137,1800.0,0.125
2573,0.1,0.25,0.5061,0,0.07945205479452055,-0.4155856520233379,1900.0,0.175
2574,0.15,0.3,0.4878,0,0.07945205479452055,-0.3896101656200773,1950.0,0.22499999999999998
2575,0.15,0.35,0.4631,0,0.07945205479452055,-0.3642923576357874,2000.0,0.25
2576,0.2,0.35,0.4385,0,0.07945205479452055,-0.33959974504541585,2050.0,0.275
2577,0.25,0.4,0.4172,0,0.07945205479452055,-0.3155021934663554,2100.0,0.325
2578,0.3,0.4,0.3919,0,0.07945205479452055,-0.29197169605616125,2150.0,0.35
2579,0.35,0.45,0.369,0,0.07945205479452055,-0.2689821778314625,2200.0,0.4
2580,0.45,0.6,0.3516,0,0.07945205479452055,-0.2465093219794039,2250.0,0.525
2581,0.55,0.7,0.3303,0,0.07945205479452055,-0.22453041526062864,2300.0,0.625
2582,0.6,0.75,0.3191,0,0.07945205479452055,-0.21371949915641303,2325.0,0.675
2583,0.7,0.85,0.3102,0,0.07945205479452055,-0.20302421003966506,2350.0,0.7749999999999999
2584,0.8,0.95,0.3007,0,0.07945205479452055,-0.19244210070912812,2375.0,0.875
2585,0.9,1.05,0.2905,0,0.07945205479452055,-0.1819708008418327,2400.0,0.9750000000000001
2586,1.05,1.2,0.2817,0,0.07945205479452055,-0.17160801380628612,2425.0,1.125
2587,1.2,1.35,0.2719,0,0.07945205479452055,-0.16135151363909703,2450.0,1.275
2588,1.4,1.55,0.2627,0,0.07945205479452055,-0.15119914217507902,2475.0,1.475
2589,1.6,1.8,0.2533,0,0.07945205479452055,-0.14114880632157759,2500.0,1.7000000000000002
2590,1.9,2.1,0.2446,0,0.07945205479452055,-0.1311984754684095,2525.0,2.0
2591,2.25,2.4,0.2352,0,0.07945205479452055,-0.12134617902539786,2550.0,2.325
2592,2.6,2.75,0.2284,0,0.07945205479452055,-0.11353363928860419,2570.0,2.675
2593,2.65,2.85,0.2264,0,0.07945205479452055,-0.11159000408003318,2575.0,2.75
2594,2.75,2.95,0.2247,0,0.07945205479452055,-0.10965013926220661,2580.0,2.85
2595,2.95,3.2,0.2214,0,0.07945205479452055,-0.10578166248428633,2590.0,3.075
2596,3.1,3.4,0.2172,0,0.07945205479452055,-0.10192809316829628,2600.0,3.25
2597,3.4,3.6,0.2138,0,0.07945205479452055,-0.09808931686113065,2610.0,3.5
2598,3.6,3.9,0.2101,0,0.07945205479452055,-0.09426522042272713,2620.0,3.75
2599,3.8,4.0,0.2085,0,0.07945205479452055,-0.09235864215214558,2625.0,3.9
2600,3.9,4.2,0.2067,0,0.07945205479452055,-0.09045569200605948,2630.0,4.05
2601,4.2,4.5,0.2031,0,0.07945205479452055,-0.08666062103750792,2640.0,4.35
2602,4.5,4.8,0.1991,0,0.07945205479452055,-0.0828798981976018,2650.0,4.65
2603,4.9,5.1,0.1954,0,0.07945205479452055,-0.07911341540212498,2660.0,5.0
2604,5.3,5.5,0.1918,0,0.07945205479452055,-0.07536106578357445,2670.0,5.4
2605,5.5,5.7,0.1899,0,0.07945205479452055,-0.07349015784776276,2675.0,5.6
2606,5.7,6.0,0.1884,0,0.07945205479452055,-0.07162274367296735,2680.0,5.85
2607,6.1,6.4,0.1841,0,0.07945205479452055,-0.06789834458198497,2690.0,6.25
2608,6.6,6.9,0.1804,0,0.07945205479452055,-0.06418776518544925,2700.0,6.75
2609,7.2,7.5,0.1769,0,0.07945205479452055,-0.06049090330412315,2710.0,7.35
2610,7.5,7.8,0.1751,0,0.07945205479452055,-0.058647584809833946,2715.0,7.65
2611,7.8,8.1,0.1731,0,0.07945205479452055,-0.05680765788782678,2720.0,7.949999999999999
2612,8.1,8.4,0.171,0,0.07945205479452055,-0.054971110080525236,2725.0,8.25
2613,8.5,8.8,0.1695,0,0.07945205479452055,-0.0531379289988643,2730.0,8.65
2614,8.8,9.1,0.1672,0,0.07945205479452055,-0.05130810232178815,2735.0,8.95
2615,9.2,9.5,0.1655,0,0.07945205479452055,-0.04948161779575385,2740.0,9.35
2616,9.6,9.9,0.1636,0,0.07945205479452055,-0.04765846323423877,2745.0,9.75
2617,10.0,10.3,0.1616,0,0.07945205479452055,-0.045838626517252706,2750.0,10.15
2618,10.4,10.8,0.1597,0,0.07945205479452055,-0.04402209559085485,2755.0,10.600000000000001
2619,10.9,11.2,0.1577,0,0.07945205479452055,-0.04220885846667405,2760.0,11.05
2620,11.4,11.7,0.1559,0,0.07945205479452055,-0.04039890322143458,2765.0,11.55
2621,11.9,12.2,0.1539,0,0.07945205479452055,-0.038592217996485594,2770.0,12.05
2622,12.4,12.8,0.152,0,0.07945205479452055,-0.0367887909973348,2775.0,12.600000000000001
2623,13.0,13.3,0.15,0,0.07945205479452055,-0.03498861049318696,2780.0,13.15
2624,13.6,14.0,0.1482,0,0.07945205479452055,-0.03319166481648533,2785.0,13.8
2625,14.2,14.6,0.1462,0,0.07945205479452055,-0.03139794236245844,2790.0,14.399999999999999
2626,14.9,15.3,0.1443,0,0.07945205479452055,-0.02960743158867024,2795.0,15.100000000000001
2627,15.6,16.0,0.1424,0,0.07945205479452055,-0.027820121014574394,2800.0,15.8
2628,16.4,16.7,0.1404,0,0.07945205479452055,-0.026035999221073018,2805.0,16.549999999999997
2629,17.2,17.5,0.1385,0,0.07945205479452055,-0.02425505485007828,2810.0,17.35
2630,18.1,18.4,0.1368,0,0.07945205479452055,-0.022477276604078996,2815.0,18.25
2631,18.9,19.3,0.1347,0,0.07945205479452055,-0.020702653245710502,2820.0,19.1
2632,19.9,20.2,0.1328,0,0.07945205479452055,-0.018931173597328366,2825.0,20.049999999999997
2633,20.9,21.2,0.1308,0,0.07945205479452055,-0.017162826540586398,2830.0,21.049999999999997
2634,22.0,22.3,0.129,0,0.07945205479452055,-0.015397601016017283,2835.0,22.15
2635,23.1,23.4,0.127,0,0.07945205479452055,-0.013635486022618026,2840.0,23.25
2636,24.3,24.6,0.1251,0,0.07945205479452055,-0.011876470617438477,2845.0,24.450000000000003
2637,25.5,26.0,0.1233,0,0.07945205479452055,-0.010120543915173473,2850.0,25.75
2638,26.9,27.3,0.1214,0,0.07945205479452055,-0.008367695087759114,2855.0,27.1
2639,28.3,28.8,0.1195,0,0.07945205479452055,-0.006617913363971453,2860.0,28.55
2640,29.9,30.3,0.1177,0,0.07945205479452055,-0.00487118802902981,2865.0,30.1
2641,31.5,31.9,0.1158,0,0.07945205479452055,-0.0031275084242029776,2870.0,31.7
2642,33.2,33.7,0.114,0,0.07945205479452055,-0.0013868639464188668,2875.0,33.45
2643,35.1,35.6,0.1124,0,0.07945205479452055,0.0003507559521219104,2880.0,35.35
2644,37.1,37.6,0.1108,0,0.07945205479452055,0.0020853617643302107,2885.0,37.35
2645,39.2,39.7,0.1091,0,0.07945205479452055,0.003816963928608097,2890.0,39.45
2646,41.4,41.9,0.1074,0,0.07945205479452055,0.005545572829225849,2895.0,41.65
2647,43.7,44.3,0.1057,0,0.07945205479452055,0.007271198796695605,2900.0,44.0
2648,46.2,46.8,0.1042,0,0.07945205479452055,0.00899385210814179,2905.0,46.5
2649,48.9,49.4,0.1027,0,0.07945205479452055,0.010713542987668584,2910.0,49.15
2650,51.7,52.2,0.1014,0,0.07945205479452055,0.012430281606723118,2915.0,51.95
2651,54.6,55.1,0.0999,0,0.07945205479452055,0.014144078084457773,2920.0,54.85
2652,57.7,58.2,0.0986,0,0.07945205479452055,0.01585494248808719,2925.0,57.95
2653,60.9,61.4,0.0972,0,0.07945205479452055,0.017562884833243288,2930.0,61.15
2654,64.3,64.8,0.0962,0,0.07945205479452055,0.0192679150843271,2935.0,64.55
2655,67.3,68.9,0.0952,0,0.07945205479452055,0.02097004315485755,2940.0,68.1
2656,70.9,72.6,0.0941,0,0.07945205479452055,0.022669278907817315,2945.0,71.75
2657,74.6,76.4,0.0929,0,0.07945205479452055,0.02436563215599572,2950.0,75.5
2658,78.6,80.4,0.0924,0,0.07945205479452055,0.026059112662328764,2955.0,79.5
2659,82.6,84.4,0.0914,0,0.07945205479452055,0.027749730140236226,2960.0,83.5
2660,86.9,88.7,0.0915,0,0.07945205479452055,0.02943749425395619,2965.0,87.80000000000001
2661,91.1,92.9,0.0906,0,0.07945205479452055,0.031122414618875646,2970.0,92.0
2662,95.5,97.3,0.0904,0,0.07945205479452055,0.03280450080186045,2975.0,96.4
2663,99.8,101.6,0.089,0,0.07945205479452055,0.03448376232158044,2980.0,100.69999999999999
2664,108.8,110.8,0.0883,0,0.07945205479452055,0.03783384920686237,2990.0,109.8
2665,118.3,120.1,0.0886,0,0.07945205479452055,0.04117275047237696,3000.0,119.19999999999999
2666,127.8,129.6,0.0885,0,0.07945205479452055,0.04450054056505159,3010.0,128.7
2667,137.4,139.4,0.0897,0,0.07945205479452055,0.04781729319104567,3020.0,138.4
2668,142.2,144.1,0.0879,0,0.07945205479452055,0.04947155328707216,3025.0,143.14999999999998
2669,147.2,149.0,0.0896,0,0.07945205479452055,0.051123081325545126,3030.0,148.1
2670,166.7,168.6,0.0872,0,0.07945205479452055,0.05770205242358753,3050.0,167.64999999999998
2671,191.4,193.3,0.0763,0,0.07945205479452055,0.06586536306274857,3075.0,192.35000000000002
2672,216.5,218.3,0.0991,0,0.07945205479452055,0.07396257329536783,3100.0,217.4
2673,241.4,243.2,0.103,0,0.07945205479452055,0.08199474499263221,3125.0,242.3
2674,266.3,268.1,0.1003,0,0.07945205479452055,0.08996291464180897,3150.0,267.20000000000005
2675,291.1,292.9,0.0,0,0.07945205479452055,0.09786809414892235,3175.0,292.0
2676,316.0,317.8,0.0,0,0.07945205479452055,0.10571127160994814,3200.0,316.9
2677,365.9,367.6,0.0,0,0.07945205479452055,0.1212154581459134,3250.0,366.75
2678,415.9,417.6,0.0,0,0.07945205479452055,0.13648293027670183,3300.0,416.75
2679,0.0,0.1,1.291,0,0.08493150684931507,-1.2805830895099424,800.0,0.05
2680,0.0,0.1,1.1729,0,0.08493150684931507,-1.162800053853559,900.0,0.05
2681,0.0,0.1,1.073,0,0.08493150684931507,-1.0574395381957327,1000.0,0.05
2682,0.0,0.1,1.0224,0,0.08493150684931507,-1.0086493740263007,1050.0,0.05
2683,0.0,0.1,0.9801,0,0.08493150684931507,-0.9621293583914078,1100.0,0.05
2684,0.0,0.1,0.9337,0,0.08493150684931507,-0.917677595820574,1150.0,0.05
2685,0.0,0.1,0.894,0,0.08493150684931507,-0.875117981401778,1200.0,0.05
2686,0.0,0.1,0.8526,0,0.08493150684931507,-0.8342959868815228,1250.0,0.05
2687,0.0,0.1,0.8154,1200,0.08493150684931507,-0.7950752737282416,1300.0,0.05
2688,0.0,0.1,0.7768,0,0.08493150684931507,-0.7573349457453945,1350.0,0.05
2689,0.0,0.1,0.743,350,0.08493150684931507,-0.7209673015745197,1400.0,0.05
2690,0.0,0.1,0.7085,0,0.08493150684931507,-0.6858759817632497,1450.0,0.05
2691,0.1,0.15,0.7243,6,0.08493150684931507,-0.6519744300875684,1500.0,0.125
2692,0.1,0.15,0.69,0,0.08493150684931507,-0.6191846072645775,1550.0,0.125
2693,0.1,0.15,0.6567,0,0.08493150684931507,-0.5874359089499972,1600.0,0.125
2694,0.05,0.2,0.6237,10878,0.08493150684931507,-0.5566642502832435,1650.0,0.125
2695,0.15,0.2,0.6094,400,0.08493150684931507,-0.5268112871335623,1700.0,0.175
2696,0.15,0.2,0.5785,80,0.08493150684931507,-0.49782375026031,1750.0,0.175
2697,0.1,0.25,0.5477,848,0.08493150684931507,-0.4696528732936137,1800.0,0.175
2698,0.15,0.25,0.5246,31,0.08493150684931507,-0.4422538991054992,1850.0,0.2
2699,0.15,0.3,0.5006,1061,0.08493150684931507,-0.4155856520233379,1900.0,0.22499999999999998
2700,0.2,0.35,0.4809,980,0.08493150684931507,-0.3896101656200773,1950.0,0.275
2701,0.25,0.35,0.4561,1048,0.08493150684931507,-0.3642923576357874,2000.0,0.3
2702,0.3,0.4,0.4343,1688,0.08493150684931507,-0.33959974504541585,2050.0,0.35
2703,0.3,0.45,0.4234,903,0.08493150684931507,-0.32747838451307104,2075.0,0.375
2704,0.35,0.45,0.4119,772,0.08493150684931507,-0.3155021934663554,2100.0,0.4
2705,0.35,0.5,0.4006,624,0.08493150684931507,-0.3036677358193525,2125.0,0.425
2706,0.4,0.55,0.3913,706,0.08493150684931507,-0.29197169605616125,2150.0,0.47500000000000003
2707,0.45,0.55,0.3794,1101,0.08493150684931507,-0.28041087365508527,2175.0,0.5
2708,0.5,0.6,0.3694,4207,0.08493150684931507,-0.2689821778314625,2200.0,0.55
2709,0.55,0.65,0.359,51,0.08493150684931507,-0.2576826225775291,2225.0,0.6000000000000001
2710,0.55,0.7,0.3524,43,0.08493150684931507,-0.25096367232878414,2240.0,0.625
2711,0.6,0.7,0.3483,1095,0.08493150684931507,-0.2465093219794039,2250.0,0.6499999999999999
2712,0.6,0.75,0.3443,0,0.08493150684931507,-0.2420747249115382,2260.0,0.675
2713,0.65,0.75,0.3402,5,0.08493150684931507,-0.23765970670242131,2270.0,0.7
2714,0.65,0.75,0.3375,307,0.08493150684931507,-0.23545948579281892,2275.0,0.7
2715,0.65,0.8,0.3361,111,0.08493150684931507,-0.2332640952293833,2280.0,0.7250000000000001
2716,0.7,0.8,0.3319,362,0.08493150684931507,-0.22888772062958446,2290.0,0.75
2717,0.75,0.85,0.3289,9015,0.08493150684931507,-0.22453041526062864,2300.0,0.8
2718,0.75,0.85,0.3233,9,0.08493150684931507,-0.22019201366203053,2310.0,0.8
2719,0.8,0.9,0.3201,365,0.08493150684931507,-0.21587235251751405,2320.0,0.8500000000000001
2720,0.8,0.9,0.3172,117,0.08493150684931507,-0.21371949915641303,2325.0,0.8500000000000001
2721,0.85,0.95,0.3168,29,0.08493150684931507,-0.21157127061812347,2330.0,0.8999999999999999
2722,0.85,1.0,0.3123,42,0.08493150684931507,-0.20728860882612268,2340.0,0.925
2723,0.9,1.0,0.3077,4037,0.08493150684931507,-0.20302421003966506,2350.0,0.95
2724,0.95,1.05,0.3041,28,0.08493150684931507,-0.198777919158214,2360.0,1.0
2725,1.0,1.1,0.3004,407,0.08493150684931507,-0.1945495830486928,2370.0,1.05
2726,1.05,1.15,0.2995,254,0.08493150684931507,-0.19244210070912812,2375.0,1.1
2727,1.05,1.15,0.2966,1087,0.08493150684931507,-0.19033905051234934,2380.0,1.1
2728,1.1,1.2,0.2927,64,0.08493150684931507,-0.18614617225231345,2390.0,1.15
2729,1.15,1.3,0.2896,102,0.08493150684931507,-0.1819708008418327,2400.0,1.225
2730,1.2,1.35,0.2855,15,0.08493150684931507,-0.17781279069316908,2410.0,1.275
2731,1.3,1.4,0.2821,9,0.08493150684931507,-0.1736719980271376,2420.0,1.35
2732,1.3,1.45,0.2799,206,0.08493150684931507,-0.17160801380628612,2425.0,1.375
2733,1.35,1.5,0.2785,1106,0.08493150684931507,-0.16954828084327558,2430.0,1.425
2734,1.4,1.55,0.274,48,0.08493150684931507,-0.16544149889062224,2440.0,1.475
2735,1.5,1.65,0.2709,1344,0.08493150684931507,-0.16135151363909703,2450.0,1.575
2736,1.6,1.7,0.2669,40,0.08493150684931507,-0.15727818825146125,2460.0,1.65
2737,1.65,1.75,0.2652,15,0.08493150684931507,-0.1552477307010793,2465.0,1.7
2738,1.7,1.8,0.2634,53,0.08493150684931507,-0.1532213875558468,2470.0,1.75
2739,1.75,1.85,0.2617,531,0.08493150684931507,-0.15119914217507902,2475.0,1.8
2740,1.8,1.9,0.2598,2132,0.08493150684931507,-0.14918097801884186,2480.0,1.85
2741,1.85,1.95,0.258,10,0.08493150684931507,-0.14716687864714065,2485.0,1.9
2742,1.9,2.0,0.2561,153,0.08493150684931507,-0.14515682771911648,2490.0,1.95
2743,1.95,2.05,0.2541,22,0.08493150684931507,-0.14315080899225063,2495.0,2.0
2744,2.0,2.15,0.2526,796,0.08493150684931507,-0.14114880632157759,2500.0,2.075
2745,2.05,2.2,0.2506,5,0.08493150684931507,-0.13915080365890456,2505.0,2.125
2746,2.15,2.25,0.2491,1043,0.08493150684931507,-0.13715678505204018,2510.0,2.2
2747,2.2,2.3,0.247,1706,0.08493150684931507,-0.1351667346440302,2515.0,2.25
2748,2.25,2.4,0.2453,84,0.08493150684931507,-0.13318063667240068,2520.0,2.325
2749,2.35,2.45,0.2436,6727,0.08493150684931507,-0.1311984754684095,2525.0,2.4000000000000004
2750,2.4,2.55,0.2419,1176,0.08493150684931507,-0.1292202354563038,2530.0,2.4749999999999996
2751,2.5,2.6,0.2401,1051,0.08493150684931507,-0.12724590115258622,2535.0,2.55
2752,2.6,2.7,0.2386,11,0.08493150684931507,-0.1252754571652875,2540.0,2.6500000000000004
2753,2.65,2.75,0.2363,510,0.08493150684931507,-0.12330888819324655,2545.0,2.7
2754,2.75,2.85,0.2348,94,0.08493150684931507,-0.12134617902539786,2550.0,2.8
2755,2.85,2.95,0.2332,15,0.08493150684931507,-0.11938731454006492,2555.0,2.9000000000000004
2756,2.95,3.1,0.2318,1411,0.08493150684931507,-0.11743227970426158,2560.0,3.0250000000000004
2757,3.0,3.2,0.2298,116,0.08493150684931507,-0.11548105957299987,2565.0,3.1
2758,3.1,3.3,0.228,429,0.08493150684931507,-0.11353363928860419,2570.0,3.2
2759,3.2,3.4,0.2262,11980,0.08493150684931507,-0.11159000408003318,2575.0,3.3
2760,3.3,3.5,0.2243,1210,0.08493150684931507,-0.10965013926220661,2580.0,3.4
2761,3.4,3.6,0.2223,16,0.08493150684931507,-0.10771403023534024,2585.0,3.5
2762,3.5,3.7,0.2204,26,0.08493150684931507,-0.10578166248428633,2590.0,3.6
2763,3.7,3.8,0.2189,21,0.08493150684931507,-0.10385302157788065,2595.0,3.75
2764,3.8,3.9,0.2169,2595,0.08493150684931507,-0.10192809316829628,2600.0,3.8499999999999996
2765,3.9,4.1,0.2153,69,0.08493150684931507,-0.10000686299040243,2605.0,4.0
2766,4.0,4.2,0.2131,61,0.08493150684931507,-0.09808931686113065,2610.0,4.1
2767,4.2,4.3,0.2114,8082,0.08493150684931507,-0.0961754406788465,2615.0,4.25
2768,4.3,4.5,0.2097,1704,0.08493150684931507,-0.09426522042272713,2620.0,4.4
2769,4.5,4.6,0.2079,539,0.08493150684931507,-0.09235864215214558,2625.0,4.55
2770,4.6,4.8,0.206,2025,0.08493150684931507,-0.09045569200605948,2630.0,4.699999999999999
2771,4.8,5.0,0.2046,15079,0.08493150684931507,-0.08855635620240704,2635.0,4.9
2772,5.0,5.1,0.2025,2599,0.08493150684931507,-0.08666062103750792,2640.0,5.05
2773,5.1,5.3,0.2005,4328,0.08493150684931507,-0.08476847288546992,2645.0,5.199999999999999
2774,5.3,5.5,0.1988,555,0.08493150684931507,-0.0828798981976018,2650.0,5.4
2775,5.5,5.7,0.1971,70,0.08493150684931507,-0.08099488350183051,2655.0,5.6
2776,5.7,5.9,0.1952,53,0.08493150684931507,-0.07911341540212498,2660.0,5.800000000000001
2777,5.9,6.1,0.1934,82,0.08493150684931507,-0.07723548057792484,2665.0,6.0
2778,6.1,6.3,0.1914,3301,0.08493150684931507,-0.07536106578357445,2670.0,6.199999999999999
2779,6.4,6.5,0.1897,12001,0.08493150684931507,-0.07349015784776276,2675.0,6.45
2780,6.6,6.8,0.188,78,0.08493150684931507,-0.07162274367296735,2680.0,6.699999999999999
2781,6.8,7.0,0.1858,115,0.08493150684931507,-0.06975881023490467,2685.0,6.9
2782,7.1,7.3,0.1842,68,0.08493150684931507,-0.06789834458198497,2690.0,7.199999999999999
2783,7.4,7.6,0.1826,236,0.08493150684931507,-0.06604133383477213,2695.0,7.5
2784,7.6,7.8,0.1802,6847,0.08493150684931507,-0.06418776518544925,2700.0,7.699999999999999
2785,7.9,8.1,0.1784,76,0.08493150684931507,-0.062337625897287814,2705.0,8.0
2786,8.2,8.4,0.1765,47,0.08493150684931507,-0.06049090330412315,2710.0,8.3
2787,8.5,8.8,0.1748,77,0.08493150684931507,-0.058647584809833946,2715.0,8.65
2788,8.9,9.1,0.173,90,0.08493150684931507,-0.05680765788782678,2720.0,9.0
2789,9.2,9.4,0.1708,15963,0.08493150684931507,-0.054971110080525236,2725.0,9.3
2790,9.6,9.8,0.1691,100,0.08493150684931507,-0.0531379289988643,2730.0,9.7
2791,10.0,10.2,0.1673,411,0.08493150684931507,-0.05130810232178815,2735.0,10.1
2792,10.4,10.6,0.1654,152,0.08493150684931507,-0.04948161779575385,2740.0,10.5
2793,10.8,11.1,0.1637,150,0.08493150684931507,-0.04765846323423877,2745.0,10.95
2794,11.2,11.5,0.1615,6196,0.08493150684931507,-0.045838626517252706,2750.0,11.35
2795,11.7,12.0,0.1598,312,0.08493150684931507,-0.04402209559085485,2755.0,11.85
2796,12.2,12.5,0.1579,294,0.08493150684931507,-0.04220885846667405,2760.0,12.35
2797,12.7,13.0,0.156,333,0.08493150684931507,-0.04039890322143458,2765.0,12.85
2798,13.3,13.5,0.1541,86,0.08493150684931507,-0.038592217996485594,2770.0,13.4
2799,13.8,14.1,0.1521,860,0.08493150684931507,-0.0367887909973348,2775.0,13.95
2800,14.4,14.7,0.1502,203,0.08493150684931507,-0.03498861049318696,2780.0,14.55
2801,15.1,15.4,0.1485,95,0.08493150684931507,-0.03319166481648533,2785.0,15.25
2802,15.7,16.0,0.1464,237,0.08493150684931507,-0.03139794236245844,2790.0,15.85
2803,16.4,16.7,0.1444,147,0.08493150684931507,-0.02960743158867024,2795.0,16.549999999999997
2804,17.2,17.5,0.1427,6928,0.08493150684931507,-0.027820121014574394,2800.0,17.35
2805,18.0,18.3,0.1409,147,0.08493150684931507,-0.026035999221073018,2805.0,18.15
2806,18.9,19.1,0.139,140,0.08493150684931507,-0.02425505485007828,2810.0,19.0
2807,19.7,20.0,0.137,1032,0.08493150684931507,-0.022477276604078996,2815.0,19.85
2808,20.7,21.0,0.1354,925,0.08493150684931507,-0.020702653245710502,2820.0,20.85
2809,21.7,21.9,0.1334,1252,0.08493150684931507,-0.018931173597328366,2825.0,21.799999999999997
2810,22.7,23.0,0.1315,802,0.08493150684931507,-0.017162826540586398,2830.0,22.85
2811,23.8,24.1,0.1296,58,0.08493150684931507,-0.015397601016017283,2835.0,23.950000000000003
2812,25.0,25.3,0.1278,374,0.08493150684931507,-0.013635486022618026,2840.0,25.15
2813,26.2,26.5,0.1259,66,0.08493150684931507,-0.011876470617438477,2845.0,26.35
2814,27.6,27.8,0.1241,1176,0.08493150684931507,-0.010120543915173473,2850.0,27.700000000000003
2815,28.9,29.2,0.1221,86,0.08493150684931507,-0.008367695087759114,2855.0,29.049999999999997
2816,30.4,30.8,0.1205,302,0.08493150684931507,-0.006617913363971453,2860.0,30.6
2817,32.0,32.4,0.1188,50,0.08493150684931507,-0.00487118802902981,2865.0,32.2
2818,33.7,34.0,0.117,168,0.08493150684931507,-0.0031275084242029776,2870.0,33.85
2819,35.4,35.8,0.1152,155,0.08493150684931507,-0.0013868639464188668,2875.0,35.599999999999994
2820,37.3,37.7,0.1136,31,0.08493150684931507,0.0003507559521219104,2880.0,37.5
2821,39.3,39.7,0.1119,50,0.08493150684931507,0.0020853617643302107,2885.0,39.5
2822,41.4,41.8,0.1102,655,0.08493150684931507,0.003816963928608097,2890.0,41.599999999999994
2823,43.7,44.1,0.1088,20,0.08493150684931507,0.005545572829225849,2895.0,43.900000000000006
2824,46.0,46.4,0.1071,571,0.08493150684931507,0.007271198796695605,2900.0,46.2
2825,48.5,49.0,0.1057,19,0.08493150684931507,0.00899385210814179,2905.0,48.75
2826,51.2,51.6,0.1043,82,0.08493150684931507,0.010713542987668584,2910.0,51.400000000000006
2827,54.0,54.4,0.103,69,0.08493150684931507,0.012430281606723118,2915.0,54.2
2828,56.9,57.3,0.1016,50,0.08493150684931507,0.014144078084457773,2920.0,57.099999999999994
2829,60.0,60.4,0.1005,56,0.08493150684931507,0.01585494248808719,2925.0,60.2
2830,63.2,63.6,0.0993,60,0.08493150684931507,0.017562884833243288,2930.0,63.400000000000006
2831,66.5,66.9,0.098,200,0.08493150684931507,0.0192679150843271,2935.0,66.7
2832,69.5,71.0,0.0971,4,0.08493150684931507,0.02097004315485755,2940.0,70.25
2833,73.0,74.5,0.0957,1,0.08493150684931507,0.022669278907817315,2945.0,73.75
2834,76.7,78.3,0.0947,200,0.08493150684931507,0.02436563215599572,2950.0,77.5
2835,80.5,82.1,0.0936,2,0.08493150684931507,0.026059112662328764,2955.0,81.3
2836,84.5,86.3,0.0933,0,0.08493150684931507,0.027749730140236226,2960.0,85.4
2837,88.6,90.4,0.0926,0,0.08493150684931507,0.02943749425395619,2965.0,89.5
2838,92.8,94.6,0.0919,0,0.08493150684931507,0.031122414618875646,2970.0,93.69999999999999
2839,97.1,98.8,0.0911,2,0.08493150684931507,0.03280450080186045,2975.0,97.94999999999999
2840,101.3,103.2,0.09,0,0.08493150684931507,0.03448376232158044,2980.0,102.25
2841,105.9,107.7,0.0902,0,0.08493150684931507,0.036160208648832744,2985.0,106.80000000000001
2842,110.4,112.4,0.0904,0,0.08493150684931507,0.03783384920686237,2990.0,111.4
2843,115.0,117.0,0.0902,0,0.08493150684931507,0.03950469337167996,2995.0,116.0
2844,119.6,121.7,0.0901,2,0.08493150684931507,0.04117275047237696,3000.0,120.65
2845,124.4,126.4,0.0905,0,0.08493150684931507,0.04283802979143815,3005.0,125.4
2846,129.1,131.1,0.0902,0,0.08493150684931507,0.04450054056505159,3010.0,130.1
2847,133.9,135.9,0.0906,0,0.08493150684931507,0.04616029198341618,3015.0,134.9
2848,138.7,140.8,0.0913,0,0.08493150684931507,0.04781729319104567,3020.0,139.75
2849,143.5,145.4,0.0896,0,0.08493150684931507,0.04947155328707216,3025.0,144.45
2850,148.4,150.5,0.0922,0,0.08493150684931507,0.051123081325545126,3030.0,149.45
2851,153.2,155.3,0.0913,0,0.08493150684931507,0.05277188631572892,3035.0,154.25
2852,158.1,160.2,0.0919,0,0.08493150684931507,0.05441797722239764,3040.0,159.14999999999998
2853,163.0,165.1,0.0922,0,0.08493150684931507,0.05606136296612764,3045.0,164.05
2854,167.9,169.9,0.0907,0,0.08493150684931507,0.05770205242358753,3050.0,168.9
2855,172.9,175.0,0.0947,0,0.08493150684931507,0.059340054427825896,3055.0,173.95
2856,177.8,179.7,0.091,0,0.08493150684931507,0.06097537776855663,3060.0,178.75
2857,182.8,184.9,0.0968,0,0.08493150684931507,0.06260803119244214,3065.0,183.85000000000002
2858,187.7,189.6,0.0918,0,0.08493150684931507,0.06423802340337319,3070.0,188.64999999999998
2859,192.7,194.8,0.0985,0,0.08493150684931507,0.06586536306274857,3075.0,193.75
2860,197.6,199.7,0.0969,0,0.08493150684931507,0.06749005878975045,3080.0,198.64999999999998
2861,202.5,204.5,0.0908,0,0.08493150684931507,0.06911211916161847,3085.0,203.5
2862,207.6,209.4,0.0935,0,0.08493150684931507,0.07073155271392141,3090.0,208.5
2863,212.5,214.6,0.0993,0,0.08493150684931507,0.07234836794082672,3095.0,213.55
2864,217.5,219.6,0.1019,0,0.08493150684931507,0.07396257329536783,3100.0,218.55
2865,222.4,224.5,0.0975,0,0.08493150684931507,0.07557417718970934,3105.0,223.45
2866,227.4,229.5,0.1003,0,0.08493150684931507,0.07718318799541,3110.0,228.45
2867,237.2,239.2,0.0,0,0.08493150684931507,0.08039346362565838,3120.0,238.2
2868,242.3,244.4,0.098,0,0.08493150684931507,0.08199474499263221,3125.0,243.35000000000002
2869,267.1,269.1,0.0,0,0.08493150684931507,0.08996291464180897,3150.0,268.1
2870,291.9,294.1,0.0,0,0.08493150684931507,0.09786809414892235,3175.0,293.0
2871,316.9,319.0,0.0,0,0.08493150684931507,0.10571127160994814,3200.0,317.95
2872,366.9,368.9,0.0,0,0.08493150684931507,0.1212154581459134,3250.0,367.9
2873,416.7,418.8,0.0,0,0.08493150684931507,0.13648293027670183,3300.0,417.75
2874,516.4,518.5,0.0,0,0.08493150684931507,0.166335893426383,3400.0,517.45
2875,616.1,618.3,0.0,0,0.08493150684931507,0.19532343029963528,3500.0,617.2
2876,711.3,722.7,0.0,0,0.08493150684931507,0.22349430726633163,3600.0,717.0
2877,811.5,822.8,0.2691,0,0.08493150684931507,0.25089328145444606,3700.0,817.15
2878,911.1,922.5,0.0,0,0.08493150684931507,0.27756152853660737,3800.0,916.8
2880,0.0,0.1,0.9677,1259,0.10410958904109589,-1.0574395381957327,1000.0,0.05
2882,0.0,0.1,0.8838,61,0.10410958904109589,-0.9621293583914078,1100.0,0.05
2884,0.0,0.1,0.8076,53,0.10410958904109589,-0.875117981401778,1200.0,0.05
2886,0.05,0.1,0.7592,34,0.10410958904109589,-0.7950752737282416,1300.0,0.07500000000000001
2888,0.05,0.1,0.7419,27,0.10410958904109589,-0.7760270787575471,1325.0,0.07500000000000001
2890,0.05,0.1,0.7248,93,0.10410958904109589,-0.7573349457453945,1350.0,0.07500000000000001
2892,0.05,0.1,0.708,350,0.10410958904109589,-0.738985807077198,1375.0,0.07500000000000001
2894,0.05,0.15,0.7072,25,0.10410958904109589,-0.7209673015745197,1400.0,0.1
2896,0.05,0.15,0.6911,30,0.10410958904109589,-0.7032677244751188,1425.0,0.1
2898,0.05,0.15,0.674,60,0.10410958904109589,-0.6858759817632497,1450.0,0.1
2900,0.05,0.15,0.6585,50,0.10410958904109589,-0.6687815484039495,1475.0,0.1
2902,0.1,0.15,0.654,6460,0.10410958904109589,-0.6519744300875684,1500.0,0.125
2904,0.1,0.2,0.6481,117,0.10410958904109589,-0.6354451281363578,1525.0,0.15000000000000002
2906,0.1,0.2,0.6327,100,0.10410958904109589,-0.6191846072645775,1550.0,0.15000000000000002
2908,0.1,0.2,0.617,126,0.10410958904109589,-0.6031842659181363,1575.0,0.15000000000000002
2910,0.1,0.2,0.6026,266,0.10410958904109589,-0.5874359089499972,1600.0,0.15000000000000002
2912,0.1,0.2,0.5873,25,0.10410958904109589,-0.5719317224140319,1625.0,0.15000000000000002
2914,0.15,0.25,0.587,29,0.10410958904109589,-0.5566642502832435,1650.0,0.2
2916,0.15,0.25,0.5724,1,0.10410958904109589,-0.541626372918703,1675.0,0.2
2918,0.15,0.25,0.5578,278,0.10410958904109589,-0.5268112871335623,1700.0,0.2
2920,0.15,0.3,0.5491,3,0.10410958904109589,-0.5122124877124096,1725.0,0.22499999999999998
2922,0.2,0.3,0.5398,77,0.10410958904109589,-0.49782375026031,1750.0,0.25
2924,0.2,0.3,0.5256,115,0.10410958904109589,-0.48363911526835357,1775.0,0.25
2926,0.25,0.3,0.516,257,0.10410958904109589,-0.4696528732936137,1800.0,0.275
2928,0.25,0.35,0.5065,51,0.10410958904109589,-0.45585955116127785,1825.0,0.3
2930,0.25,0.35,0.4981,10,0.10410958904109589,-0.4476739665748384,1840.0,0.3
2932,0.25,0.35,0.4925,400,0.10410958904109589,-0.4422538991054992,1850.0,0.3
2934,0.25,0.35,0.487,63,0.10410958904109589,-0.4368630504706227,1860.0,0.3
2936,0.25,0.4,0.485,159,0.10410958904109589,-0.4315011073292374,1870.0,0.325
2938,0.3,0.4,0.486,162,0.10410958904109589,-0.42883087877335857,1875.0,0.35
2940,0.3,0.4,0.4833,25,0.10410958904109589,-0.4261677613538749,1880.0,0.35
2942,0.3,0.4,0.4777,0,0.10410958904109589,-0.4208627091241816,1890.0,0.35
2944,0.3,0.4,0.4723,58,0.10410958904109589,-0.4155856520233379,1900.0,0.35
2946,0.3,0.4,0.4668,26,0.10410958904109589,-0.41033629613719425,1910.0,0.35
2948,0.3,0.4,0.4613,48,0.10410958904109589,-0.40511435215604247,1920.0,0.35
2950,0.3,0.45,0.4616,80,0.10410958904109589,-0.4025135704559851,1925.0,0.375
2952,0.3,0.45,0.4591,30,0.10410958904109589,-0.39991953527893853,1930.0,0.375
2954,0.35,0.45,0.4565,2,0.10410958904109589,-0.39475156512049586,1940.0,0.4
2956,0.35,0.45,0.451,833,0.10410958904109589,-0.3896101656200773,1950.0,0.4
2958,0.35,0.45,0.4456,109,0.10410958904109589,-0.3844950649533069,1960.0,0.4
2960,0.35,0.5,0.443,94,0.10410958904109589,-0.37940599544583553,1970.0,0.425
2962,0.35,0.5,0.4403,131,0.10410958904109589,-0.3768711398426475,1975.0,0.425
2964,0.35,0.5,0.4378,23,0.10410958904109589,-0.37434269348928884,1980.0,0.425
2966,0.4,0.5,0.4348,105,0.10410958904109589,-0.3693048994593316,1990.0,0.45
2968,0.4,0.5,0.4295,205,0.10410958904109589,-0.3642923576357874,2000.0,0.45
2970,0.4,0.5,0.4241,240,0.10410958904109589,-0.35930481612474835,2010.0,0.45
2972,0.4,0.55,0.4213,100,0.10410958904109589,-0.3543420267826193,2020.0,0.47500000000000003
2974,0.45,0.55,0.421,296,0.10410958904109589,-0.35186983763723023,2025.0,0.5
2976,0.45,0.55,0.4183,65,0.10410958904109589,-0.34940374514203676,2030.0,0.5
2978,0.45,0.55,0.4129,0,0.10410958904109589,-0.3444897303396076,2040.0,0.5
2980,0.45,0.55,0.4076,753,0.10410958904109589,-0.33959974504541585,2050.0,0.5
2982,0.45,0.6,0.4045,3,0.10410958904109589,-0.33473355539424304,2060.0,0.525
2984,0.5,0.6,0.4012,79,0.10410958904109589,-0.32989093091845495,2070.0,0.55
2986,0.5,0.6,0.3985,179,0.10410958904109589,-0.32747838451307104,2075.0,0.55
2988,0.5,0.6,0.3959,6,0.10410958904109589,-0.3250716444825061,2080.0,0.55
2990,0.5,0.65,0.3925,14,0.10410958904109589,-0.320275472219013,2090.0,0.575
2992,0.55,0.65,0.3891,113,0.10410958904109589,-0.3155021934663554,2100.0,0.6000000000000001
2994,0.55,0.65,0.3864,27,0.10410958904109589,-0.31312407106138795,2105.0,0.6000000000000001
2996,0.55,0.65,0.3838,21,0.10410958904109589,-0.3107515907077576,2110.0,0.6000000000000001
2998,0.55,0.65,0.3812,1,0.10410958904109589,-0.3083847256974913,2115.0,0.6000000000000001
3000,0.55,0.7,0.3803,12,0.10410958904109589,-0.30602344951181154,2120.0,0.625
3002,0.6,0.7,0.3793,44,0.10410958904109589,-0.3036677358193525,2125.0,0.6499999999999999
3004,0.6,0.7,0.3768,401,0.10410958904109589,-0.30131755847439895,2130.0,0.6499999999999999
3006,0.6,0.7,0.3741,254,0.10410958904109589,-0.29897289151514483,2135.0,0.6499999999999999
3008,0.6,0.7,0.3715,241,0.10410958904109589,-0.2966337091619725,2140.0,0.6499999999999999
3010,0.6,0.75,0.3704,54,0.10410958904109589,-0.29429998581575234,2145.0,0.675
3012,0.65,0.75,0.3693,247,0.10410958904109589,-0.29197169605616125,2150.0,0.7
3014,0.65,0.75,0.3668,68,0.10410958904109589,-0.28964881464002157,2155.0,0.7
3016,0.65,0.75,0.3641,33,0.10410958904109589,-0.2873313164996591,2160.0,0.7
3018,0.65,0.8,0.3629,88,0.10410958904109589,-0.2850191767412794,2165.0,0.7250000000000001
3020,0.65,0.8,0.3604,116,0.10410958904109589,-0.28271237064336446,2170.0,0.7250000000000001
3022,0.7,0.8,0.3593,192,0.10410958904109589,-0.28041087365508527,2175.0,0.75
3024,0.7,0.8,0.3566,472,0.10410958904109589,-0.27811466139473506,2180.0,0.75
3026,0.7,0.8,0.354,149,0.10410958904109589,-0.27582370964817926,2185.0,0.75
3028,0.7,0.85,0.3528,32,0.10410958904109589,-0.2735379943673232,2190.0,0.7749999999999999
3030,0.75,0.85,0.3515,120,0.10410958904109589,-0.27125749166859797,2195.0,0.8
3032,0.75,0.85,0.3489,338,0.10410958904109589,-0.2689821778314625,2200.0,0.8
3034,0.75,0.85,0.3462,106,0.10410958904109589,-0.2667120292969234,2205.0,0.8
3036,0.75,0.9,0.3449,141,0.10410958904109589,-0.2644470226660713,2210.0,0.825
3038,0.8,0.9,0.3436,216,0.10410958904109589,-0.26218713469863364,2215.0,0.8500000000000001
3040,0.8,0.9,0.3409,599,0.10410958904109589,-0.25993234231154455,2220.0,0.8500000000000001
3042,0.8,0.95,0.3395,264,0.10410958904109589,-0.2576826225775291,2225.0,0.875
3044,0.85,0.95,0.338,106,0.10410958904109589,-0.2554379527237053,2230.0,0.8999999999999999
3046,0.85,0.95,0.3354,107,0.10410958904109589,-0.25319831013020055,2235.0,0.8999999999999999
3048,0.85,0.95,0.3328,198,0.10410958904109589,-0.25096367232878414,2240.0,0.8999999999999999
3050,0.85,1.0,0.3313,27,0.10410958904109589,-0.248734017001515,2245.0,0.925
3052,0.9,1.0,0.3298,463,0.10410958904109589,-0.2465093219794039,2250.0,0.95
3054,0.9,1.0,0.3272,9,0.10410958904109589,-0.24428956524109102,2255.0,0.95
3056,0.9,1.05,0.3256,47,0.10410958904109589,-0.2420747249115382,2260.0,0.9750000000000001
3058,0.95,1.05,0.324,50,0.10410958904109589,-0.23986477926073527,2265.0,1.0
3060,0.95,1.1,0.3225,71,0.10410958904109589,-0.23765970670242131,2270.0,1.025
3062,1.0,1.1,0.3209,35,0.10410958904109589,-0.23545948579281892,2275.0,1.05
3064,1.0,1.1,0.3183,76,0.10410958904109589,-0.2332640952293833,2280.0,1.05
3066,1.0,1.15,0.3165,89,0.10410958904109589,-0.2310735138495647,2285.0,1.075
3068,1.05,1.15,0.3149,168,0.10410958904109589,-0.22888772062958446,2290.0,1.1
3070,1.05,1.15,0.3123,170,0.10410958904109589,-0.22670669468322416,2295.0,1.1
3072,1.1,1.2,0.3115,247,0.10410958904109589,-0.22453041526062864,2300.0,1.15
3074,1.1,1.2,0.3088,71,0.10410958904109589,-0.22235886174712086,2305.0,1.15
3076,1.15,1.25,0.308,108,0.10410958904109589,-0.22019201366203053,2310.0,1.2
3078,1.15,1.25,0.3053,48,0.10410958904109589,-0.21802985065753533,2315.0,1.2
3080,1.2,1.3,0.3043,160,0.10410958904109589,-0.21587235251751405,2320.0,1.25
3082,1.2,1.3,0.3017,558,0.10410958904109589,-0.21371949915641303,2325.0,1.25
3084,1.25,1.35,0.3007,186,0.10410958904109589,-0.21157127061812347,2330.0,1.3
3086,1.25,1.35,0.298,120,0.10410958904109589,-0.20942764707487208,2335.0,1.3
3088,1.3,1.4,0.2969,156,0.10410958904109589,-0.20728860882612268,2340.0,1.35
3090,1.3,1.45,0.295,80,0.10410958904109589,-0.20515413629748994,2345.0,1.375
3092,1.35,1.45,0.2931,558,0.10410958904109589,-0.20302421003966506,2350.0,1.4
3094,1.4,1.5,0.2919,106,0.10410958904109589,-0.2008988107273516,2355.0,1.45
3096,1.4,1.55,0.29,29,0.10410958904109589,-0.198777919158214,2360.0,1.475
3098,1.45,1.55,0.288,41,0.10410958904109589,-0.19666151625183645,2365.0,1.5
3100,1.5,1.6,0.2866,71,0.10410958904109589,-0.1945495830486928,2370.0,1.55
3102,1.5,1.65,0.2847,4044,0.10410958904109589,-0.19244210070912812,2375.0,1.575
3104,1.55,1.65,0.2826,219,0.10410958904109589,-0.19033905051234934,2380.0,1.6
3106,1.6,1.7,0.2812,146,0.10410958904109589,-0.18824041385542817,2385.0,1.65
3108,1.65,1.75,0.2797,270,0.10410958904109589,-0.18614617225231345,2390.0,1.7
3110,1.65,1.8,0.2776,563,0.10410958904109589,-0.18405630733285408,2395.0,1.725
3112,1.7,1.85,0.2762,1112,0.10410958904109589,-0.1819708008418327,2400.0,1.775
3114,1.75,1.85,0.274,103,0.10410958904109589,-0.17988963463800817,2405.0,1.8
3116,1.8,1.9,0.2725,126,0.10410958904109589,-0.17781279069316908,2410.0,1.85
3118,1.85,1.95,0.2709,166,0.10410958904109589,-0.17574025109119673,2415.0,1.9
3120,1.9,2.0,0.2692,85,0.10410958904109589,-0.1736719980271376,2420.0,1.95
3122,1.95,2.05,0.2676,3997,0.10410958904109589,-0.17160801380628612,2425.0,2.0
3124,2.0,2.1,0.2659,445,0.10410958904109589,-0.16954828084327558,2430.0,2.05
3126,2.05,2.15,0.2641,52,0.10410958904109589,-0.1674927816611796,2435.0,2.0999999999999996
3128,2.1,2.2,0.2624,287,0.10410958904109589,-0.16544149889062224,2440.0,2.1500000000000004
3130,2.15,2.25,0.2606,19,0.10410958904109589,-0.16339441526889728,2445.0,2.2
3132,2.2,2.3,0.2588,770,0.10410958904109589,-0.16135151363909703,2450.0,2.25
3134,2.25,2.35,0.257,17,0.10410958904109589,-0.15931277694924878,2455.0,2.3
3136,2.3,2.45,0.2555,43,0.10410958904109589,-0.15727818825146125,2460.0,2.375
3138,2.4,2.5,0.2541,104,0.10410958904109589,-0.1552477307010793,2465.0,2.45
3140,2.45,2.55,0.2521,77,0.10410958904109589,-0.1532213875558468,2470.0,2.5
3142,2.5,2.6,0.2502,159,0.10410958904109589,-0.15119914217507902,2475.0,2.55
3144,2.55,2.7,0.2486,42,0.10410958904109589,-0.14918097801884186,2480.0,2.625
3146,2.65,2.75,0.2471,200,0.10410958904109589,-0.14716687864714065,2485.0,2.7
3148,2.7,2.85,0.2454,144,0.10410958904109589,-0.14515682771911648,2490.0,2.7750000000000004
3150,2.8,2.9,0.2438,147,0.10410958904109589,-0.14315080899225063,2495.0,2.8499999999999996
3152,2.85,3.0,0.242,533,0.10410958904109589,-0.14114880632157759,2500.0,2.925
3154,2.95,3.1,0.2407,96,0.10410958904109589,-0.13915080365890456,2505.0,3.0250000000000004
3156,3.0,3.2,0.2389,166,0.10410958904109589,-0.13715678505204018,2510.0,3.1
3158,3.1,3.3,0.2374,123,0.10410958904109589,-0.1351667346440302,2515.0,3.2
3160,3.2,3.4,0.2359,53,0.10410958904109589,-0.13318063667240068,2520.0,3.3
3162,3.3,3.4,0.2336,167,0.10410958904109589,-0.1311984754684095,2525.0,3.3499999999999996
3164,3.4,3.5,0.232,140,0.10410958904109589,-0.1292202354563038,2530.0,3.45
3166,3.5,3.6,0.2304,53,0.10410958904109589,-0.12724590115258622,2535.0,3.55
3168,3.6,3.8,0.2293,114,0.10410958904109589,-0.1252754571652875,2540.0,3.7
3170,3.7,3.9,0.2276,149,0.10410958904109589,-0.12330888819324655,2545.0,3.8
3172,3.8,4.0,0.2258,1059,0.10410958904109589,-0.12134617902539786,2550.0,3.9
3174,3.9,4.1,0.224,155,0.10410958904109589,-0.11938731454006492,2555.0,4.0
3176,4.0,4.2,0.2221,208,0.10410958904109589,-0.11743227970426158,2560.0,4.1
3178,4.1,4.3,0.2202,259,0.10410958904109589,-0.11548105957299987,2565.0,4.199999999999999
3180,4.3,4.5,0.2193,34,0.10410958904109589,-0.11353363928860419,2570.0,4.4
3182,4.4,4.6,0.2173,180,0.10410958904109589,-0.11159000408003318,2575.0,4.5
3184,4.5,4.7,0.2153,136,0.10410958904109589,-0.10965013926220661,2580.0,4.6
3186,4.7,4.9,0.2142,130,0.10410958904109589,-0.10771403023534024,2585.0,4.800000000000001
3188,4.8,5.0,0.2121,128,0.10410958904109589,-0.10578166248428633,2590.0,4.9
3190,5.0,5.2,0.2109,19,0.10410958904109589,-0.10385302157788065,2595.0,5.1
3192,5.1,5.3,0.2087,331,0.10410958904109589,-0.10192809316829628,2600.0,5.199999999999999
3194,5.3,5.5,0.2074,36,0.10410958904109589,-0.10000686299040243,2605.0,5.4
3196,5.5,5.7,0.206,309,0.10410958904109589,-0.09808931686113065,2610.0,5.6
3198,5.6,5.8,0.2037,273,0.10410958904109589,-0.0961754406788465,2615.0,5.699999999999999
3200,5.8,6.0,0.2022,364,0.10410958904109589,-0.09426522042272713,2620.0,5.9
3202,6.0,6.2,0.2006,201,0.10410958904109589,-0.09235864215214558,2625.0,6.1
3204,6.2,6.4,0.199,124,0.10410958904109589,-0.09045569200605948,2630.0,6.300000000000001
3206,6.4,6.6,0.1973,82,0.10410958904109589,-0.08855635620240704,2635.0,6.5
3208,6.6,6.8,0.1956,462,0.10410958904109589,-0.08666062103750792,2640.0,6.699999999999999
3210,6.8,7.0,0.1937,295,0.10410958904109589,-0.08476847288546992,2645.0,6.9
3212,7.0,7.3,0.1922,3620,0.10410958904109589,-0.0828798981976018,2650.0,7.15
3214,7.3,7.5,0.1906,200,0.10410958904109589,-0.08099488350183051,2655.0,7.4
3216,7.5,7.7,0.1887,88,0.10410958904109589,-0.07911341540212498,2660.0,7.6
3218,7.8,8.0,0.1873,416,0.10410958904109589,-0.07723548057792484,2665.0,7.9
3220,8.0,8.3,0.1855,442,0.10410958904109589,-0.07536106578357445,2670.0,8.15
3222,8.3,8.5,0.1836,647,0.10410958904109589,-0.07349015784776276,2675.0,8.4
3224,8.6,8.8,0.182,240,0.10410958904109589,-0.07162274367296735,2680.0,8.7
3226,8.9,9.1,0.1803,195,0.10410958904109589,-0.06975881023490467,2685.0,9.0
3228,9.2,9.4,0.1786,210,0.10410958904109589,-0.06789834458198497,2690.0,9.3
3230,9.5,9.7,0.1768,196,0.10410958904109589,-0.06604133383477213,2695.0,9.6
3232,9.9,10.1,0.1754,812,0.10410958904109589,-0.06418776518544925,2700.0,10.0
3234,10.2,10.4,0.1734,118,0.10410958904109589,-0.062337625897287814,2705.0,10.3
3236,10.6,10.8,0.1719,502,0.10410958904109589,-0.06049090330412315,2710.0,10.7
3238,11.0,11.2,0.1703,273,0.10410958904109589,-0.058647584809833946,2715.0,11.1
3240,11.4,11.6,0.1686,567,0.10410958904109589,-0.05680765788782678,2720.0,11.5
3242,11.8,12.0,0.1668,701,0.10410958904109589,-0.054971110080525236,2725.0,11.9
3244,12.2,12.5,0.1651,1227,0.10410958904109589,-0.0531379289988643,2730.0,12.35
3246,12.7,12.9,0.1634,355,0.10410958904109589,-0.05130810232178815,2735.0,12.8
3248,13.1,13.4,0.1616,794,0.10410958904109589,-0.04948161779575385,2740.0,13.25
3250,13.6,13.9,0.1599,262,0.10410958904109589,-0.04765846323423877,2745.0,13.75
3252,14.2,14.4,0.1583,13199,0.10410958904109589,-0.045838626517252706,2750.0,14.3
3254,14.7,15.0,0.1566,120,0.10410958904109589,-0.04402209559085485,2755.0,14.85
3256,15.3,15.6,0.155,162,0.10410958904109589,-0.04220885846667405,2760.0,15.45
3258,15.9,16.2,0.1533,168,0.10410958904109589,-0.04039890322143458,2765.0,16.05
3260,16.5,16.8,0.1515,258,0.10410958904109589,-0.038592217996485594,2770.0,16.65
3262,17.2,17.5,0.1499,1977,0.10410958904109589,-0.0367887909973348,2775.0,17.35
3264,17.9,18.2,0.1482,350,0.10410958904109589,-0.03498861049318696,2780.0,18.049999999999997
3266,18.6,18.9,0.1464,395,0.10410958904109589,-0.03319166481648533,2785.0,18.75
3268,19.4,19.7,0.1449,461,0.10410958904109589,-0.03139794236245844,2790.0,19.549999999999997
3270,20.2,20.5,0.1432,340,0.10410958904109589,-0.02960743158867024,2795.0,20.35
3272,21.0,21.3,0.1413,2369,0.10410958904109589,-0.027820121014574394,2800.0,21.15
3274,21.9,22.2,0.1397,339,0.10410958904109589,-0.026035999221073018,2805.0,22.049999999999997
3276,22.8,23.1,0.1379,295,0.10410958904109589,-0.02425505485007828,2810.0,22.950000000000003
3278,23.8,24.1,0.1363,174,0.10410958904109589,-0.022477276604078996,2815.0,23.950000000000003
3280,24.8,25.1,0.1345,104,0.10410958904109589,-0.020702653245710502,2820.0,24.950000000000003
3282,25.9,26.2,0.1329,365,0.10410958904109589,-0.018931173597328366,2825.0,26.049999999999997
3284,27.0,27.3,0.1312,229,0.10410958904109589,-0.017162826540586398,2830.0,27.15
3286,28.2,28.5,0.1295,196,0.10410958904109589,-0.015397601016017283,2835.0,28.35
3288,29.4,29.7,0.1277,70,0.10410958904109589,-0.013635486022618026,2840.0,29.549999999999997
3290,30.8,31.1,0.1263,228,0.10410958904109589,-0.011876470617438477,2845.0,30.950000000000003
3292,32.1,32.5,0.1245,229,0.10410958904109589,-0.010120543915173473,2850.0,32.3
3294,33.6,33.9,0.1228,130,0.10410958904109589,-0.008367695087759114,2855.0,33.75
3296,35.2,35.5,0.1213,200,0.10410958904109589,-0.006617913363971453,2860.0,35.35
3298,36.8,37.1,0.1197,349,0.10410958904109589,-0.00487118802902981,2865.0,36.95
3300,38.5,38.8,0.118,86,0.10410958904109589,-0.0031275084242029776,2870.0,38.65
3302,40.3,40.6,0.1165,175,0.10410958904109589,-0.0013868639464188668,2875.0,40.45
3304,42.2,42.5,0.1149,87,0.10410958904109589,0.0003507559521219104,2880.0,42.35
3306,44.2,44.5,0.1134,128,0.10410958904109589,0.0020853617643302107,2885.0,44.35
3308,46.3,46.7,0.112,55,0.10410958904109589,0.003816963928608097,2890.0,46.5
3310,48.5,48.9,0.1105,48,0.10410958904109589,0.005545572829225849,2895.0,48.7
3312,50.9,51.2,0.1091,127,0.10410958904109589,0.007271198796695605,2900.0,51.05
3314,53.3,53.7,0.1077,76,0.10410958904109589,0.00899385210814179,2905.0,53.5
3316,55.9,56.3,0.1065,154,0.10410958904109589,0.010713542987668584,2910.0,56.099999999999994
3318,58.6,59.0,0.1052,93,0.10410958904109589,0.012430281606723118,2915.0,58.8
3320,61.4,61.8,0.1039,79,0.10410958904109589,0.014144078084457773,2920.0,61.599999999999994
3322,64.3,64.7,0.1025,46,0.10410958904109589,0.01585494248808719,2925.0,64.5
3324,67.4,67.8,0.1014,87,0.10410958904109589,0.017562884833243288,2930.0,67.6
3326,70.6,71.0,0.1003,34,0.10410958904109589,0.0192679150843271,2935.0,70.8
3328,73.9,74.3,0.0992,20,0.10410958904109589,0.02097004315485755,2940.0,74.1
3330,77.4,77.8,0.0983,30,0.10410958904109589,0.022669278907817315,2945.0,77.6
3332,80.5,82.1,0.0978,55,0.10410958904109589,0.02436563215599572,2950.0,81.3
3334,84.1,85.8,0.0968,26,0.10410958904109589,0.026059112662328764,2955.0,84.94999999999999
3336,87.9,89.6,0.096,1,0.10410958904109589,0.027749730140236226,2960.0,88.75
3338,91.8,93.6,0.0954,0,0.10410958904109589,0.02943749425395619,2965.0,92.69999999999999
3340,95.7,97.5,0.0942,2,0.10410958904109589,0.031122414618875646,2970.0,96.6
3342,99.8,101.7,0.0938,0,0.10410958904109589,0.03280450080186045,2975.0,100.75
3344,104.0,105.9,0.0932,0,0.10410958904109589,0.03448376232158044,2980.0,104.95
3346,108.4,110.3,0.0933,0,0.10410958904109589,0.036160208648832744,2985.0,109.35
3348,112.8,114.7,0.0931,1,0.10410958904109589,0.03783384920686237,2990.0,113.75
3350,117.1,119.1,0.0923,0,0.10410958904109589,0.03950469337167996,2995.0,118.1
3352,121.7,123.5,0.092,98,0.10410958904109589,0.04117275047237696,3000.0,122.6
3354,126.2,128.2,0.092,0,0.10410958904109589,0.04283802979143815,3005.0,127.19999999999999
3356,130.7,132.8,0.0914,0,0.10410958904109589,0.04450054056505159,3010.0,131.75
3358,135.5,137.6,0.0925,0,0.10410958904109589,0.04616029198341618,3015.0,136.55
3360,140.2,142.3,0.0925,0,0.10410958904109589,0.04781729319104567,3020.0,141.25
3362,144.8,146.9,0.0913,0,0.10410958904109589,0.04947155328707216,3025.0,145.85000000000002
3364,149.7,151.8,0.0928,0,0.10410958904109589,0.051123081325545126,3030.0,150.75
3366,154.5,156.6,0.093,0,0.10410958904109589,0.05277188631572892,3035.0,155.55
3368,159.4,161.5,0.0943,0,0.10410958904109589,0.05441797722239764,3040.0,160.45
3370,164.1,166.2,0.0928,0,0.10410958904109589,0.05606136296612764,3045.0,165.14999999999998
3372,169.1,171.1,0.0945,33,0.10410958904109589,0.05770205242358753,3050.0,170.1
3374,173.9,176.0,0.0945,0,0.10410958904109589,0.059340054427825896,3055.0,174.95
3376,178.8,180.9,0.0952,0,0.10410958904109589,0.06097537776855663,3060.0,179.85000000000002
3378,183.7,185.8,0.0957,0,0.10410958904109589,0.06260803119244214,3065.0,184.75
3380,188.6,190.5,0.0937,0,0.10410958904109589,0.06423802340337319,3070.0,189.55
3382,193.4,195.6,0.0948,0,0.10410958904109589,0.06586536306274857,3075.0,194.5
3384,198.4,200.5,0.0959,0,0.10410958904109589,0.06749005878975045,3080.0,199.45
3386,203.4,205.5,0.0982,0,0.10410958904109589,0.06911211916161847,3085.0,204.45
3388,208.3,210.4,0.0976,0,0.10410958904109589,0.07073155271392141,3090.0,209.35000000000002
3390,213.3,215.4,0.1,0,0.10410958904109589,0.07234836794082672,3095.0,214.35000000000002
3392,218.2,220.3,0.099,0,0.10410958904109589,0.07396257329536783,3100.0,219.25
3394,223.2,225.3,0.1013,0,0.10410958904109589,0.07557417718970934,3105.0,224.25
3396,228.1,230.2,0.0998,0,0.10410958904109589,0.07718318799541,3110.0,229.14999999999998
3398,238.1,240.2,0.1045,0,0.10410958904109589,0.08039346362565838,3120.0,239.14999999999998
3400,243.0,245.1,0.1021,0,0.10410958904109589,0.08199474499263221,3125.0,244.05
3402,248.0,250.1,0.1046,0,0.10410958904109589,0.08359346635632921,3130.0,249.05
3404,257.9,260.0,0.1034,0,0.10410958904109589,0.08678326172442932,3140.0,258.95
3406,267.9,269.9,0.105,0,0.10410958904109589,0.08996291464180897,3150.0,268.9
3408,277.8,279.7,0.0868,0,0.10410958904109589,0.09313248940308798,3160.0,278.75
3410,287.7,289.9,0.1065,0,0.10410958904109589,0.09629204969345664,3170.0,288.79999999999995
3412,292.5,294.7,0.0,0,0.10410958904109589,0.09786809414892235,3175.0,293.6
3414,297.7,299.9,0.1125,0,0.10410958904109589,0.09944165859635283,3180.0,298.79999999999995
3416,317.4,319.6,0.0,40,0.10410958904109589,0.10571127160994814,3200.0,318.5
3418,337.9,349.3,0.1109,0,0.10410958904109589,0.1134934120520032,3225.0,343.6
3420,362.9,374.3,0.1314,0,0.10410958904109589,0.1212154581459134,3250.0,368.6
3422,412.8,424.2,0.1504,0,0.10410958904109589,0.13648293027670183,3300.0,418.5
3424,512.2,523.6,0.0,0,0.10410958904109589,0.166335893426383,3400.0,517.9000000000001
3426,612.2,623.6,0.1833,0,0.10410958904109589,0.19532343029963528,3500.0,617.9000000000001
3428,711.9,723.3,0.0,0,0.10410958904109589,0.22349430726633163,3600.0,717.5999999999999
3430,811.6,823.0,0.0,0,0.10410958904109589,0.25089328145444606,3700.0,817.3
3432,0.05,0.15,0.714,0,0.1232876712328767,-0.7950752737282416,1300.0,0.1
3433,0.05,0.2,0.6614,20,0.1232876712328767,-0.7209673015745197,1400.0,0.125
3434,0.1,0.25,0.6194,354,0.1232876712328767,-0.6519744300875684,1500.0,0.175
3435,0.15,0.3,0.5742,170,0.1232876712328767,-0.5874359089499972,1600.0,0.22499999999999998
3436,0.2,0.35,0.5284,311,0.1232876712328767,-0.5268112871335623,1700.0,0.275
3437,0.25,0.4,0.5092,358,0.1232876712328767,-0.49782375026031,1750.0,0.325
3438,0.3,0.45,0.4895,788,0.1232876712328767,-0.4696528732936137,1800.0,0.375
3439,0.35,0.5,0.4691,661,0.1232876712328767,-0.4422538991054992,1850.0,0.425
3440,0.4,0.55,0.4484,759,0.1232876712328767,-0.4155856520233379,1900.0,0.47500000000000003
3441,0.45,0.6,0.4271,1340,0.1232876712328767,-0.3896101656200773,1950.0,0.525
3442,0.55,0.65,0.4078,330,0.1232876712328767,-0.3642923576357874,2000.0,0.6000000000000001
3443,0.65,0.75,0.3894,357,0.1232876712328767,-0.33959974504541585,2050.0,0.7
3444,0.75,0.85,0.3702,40,0.1232876712328767,-0.3155021934663554,2100.0,0.8
3445,0.8,0.9,0.3605,21,0.1232876712328767,-0.3036677358193525,2125.0,0.8500000000000001
3446,0.85,1.0,0.3516,653,0.1232876712328767,-0.29197169605616125,2150.0,0.925
3447,0.95,1.05,0.3425,100,0.1232876712328767,-0.28041087365508527,2175.0,1.0
3448,1.05,1.15,0.3342,3707,0.1232876712328767,-0.2689821778314625,2200.0,1.1
3449,1.15,1.25,0.3255,24,0.1232876712328767,-0.2576826225775291,2225.0,1.2
3450,1.25,1.4,0.3172,332,0.1232876712328767,-0.2465093219794039,2250.0,1.325
3451,1.4,1.5,0.3086,253,0.1232876712328767,-0.23545948579281892,2275.0,1.45
3452,1.5,1.7,0.3002,49,0.1232876712328767,-0.22453041526062864,2300.0,1.6
3453,1.6,1.75,0.2972,21,0.1232876712328767,-0.22019201366203053,2310.0,1.675
3454,1.65,1.8,0.2934,20,0.1232876712328767,-0.21587235251751405,2320.0,1.725
3455,1.7,1.85,0.2921,20,0.1232876712328767,-0.21371949915641303,2325.0,1.775
3456,1.75,1.9,0.2907,6,0.1232876712328767,-0.21157127061812347,2330.0,1.825
3457,1.8,1.95,0.2868,9,0.1232876712328767,-0.20728860882612268,2340.0,1.875
3458,1.9,2.05,0.284,1308,0.1232876712328767,-0.20302421003966506,2350.0,1.9749999999999999
3459,2.0,2.15,0.281,3874,0.1232876712328767,-0.198777919158214,2360.0,2.075
3460,2.05,2.25,0.2774,2,0.1232876712328767,-0.1945495830486928,2370.0,2.15
3461,2.1,2.25,0.2754,2,0.1232876712328767,-0.19244210070912812,2375.0,2.175
3462,2.15,2.3,0.2738,7,0.1232876712328767,-0.19033905051234934,2380.0,2.2249999999999996
3463,2.25,2.4,0.2705,1,0.1232876712328767,-0.18614617225231345,2390.0,2.325
3464,2.35,2.55,0.2676,63,0.1232876712328767,-0.1819708008418327,2400.0,2.45
3465,2.45,2.65,0.2642,3924,0.1232876712328767,-0.17781279069316908,2410.0,2.55
3466,2.6,2.75,0.2611,0,0.1232876712328767,-0.1736719980271376,2420.0,2.675
3467,2.65,2.85,0.2597,2016,0.1232876712328767,-0.17160801380628612,2425.0,2.75
3468,2.75,2.9,0.2582,31,0.1232876712328767,-0.16954828084327558,2430.0,2.825
3469,2.85,3.1,0.2552,446,0.1232876712328767,-0.16544149889062224,2440.0,2.975
3470,3.0,3.2,0.2518,555,0.1232876712328767,-0.16135151363909703,2450.0,3.1
3471,3.1,3.4,0.2486,7,0.1232876712328767,-0.15727818825146125,2460.0,3.25
3472,3.3,3.5,0.2453,300,0.1232876712328767,-0.1532213875558468,2470.0,3.4
3473,3.4,3.6,0.2439,83,0.1232876712328767,-0.15119914217507902,2475.0,3.5
3474,3.5,3.7,0.2424,88,0.1232876712328767,-0.14918097801884186,2480.0,3.6
3475,3.7,3.9,0.2395,39,0.1232876712328767,-0.14515682771911648,2490.0,3.8
3476,3.9,4.1,0.2364,16659,0.1232876712328767,-0.14114880632157759,2500.0,4.0
3477,4.1,4.3,0.2331,300,0.1232876712328767,-0.13715678505204018,2510.0,4.199999999999999
3478,4.3,4.5,0.2298,698,0.1232876712328767,-0.13318063667240068,2520.0,4.4
3479,4.4,4.7,0.2286,11,0.1232876712328767,-0.1311984754684095,2525.0,4.550000000000001
3480,4.5,4.8,0.2268,55,0.1232876712328767,-0.1292202354563038,2530.0,4.65
3481,4.7,4.9,0.2255,14,0.1232876712328767,-0.12724590115258622,2535.0,4.800000000000001
3482,4.8,5.0,0.2236,21,0.1232876712328767,-0.1252754571652875,2540.0,4.9
3483,4.9,5.2,0.2222,34,0.1232876712328767,-0.12330888819324655,2545.0,5.050000000000001
3484,5.1,5.3,0.2208,3124,0.1232876712328767,-0.12134617902539786,2550.0,5.199999999999999
3485,5.2,5.5,0.2193,0,0.1232876712328767,-0.11938731454006492,2555.0,5.35
3486,5.4,5.7,0.2182,886,0.1232876712328767,-0.11743227970426158,2560.0,5.550000000000001
3487,5.5,5.8,0.2162,124,0.1232876712328767,-0.11548105957299987,2565.0,5.65
3488,5.7,6.0,0.215,133,0.1232876712328767,-0.11353363928860419,2570.0,5.85
3489,5.8,6.1,0.2129,2252,0.1232876712328767,-0.11159000408003318,2575.0,5.949999999999999
3490,6.0,6.3,0.2116,39,0.1232876712328767,-0.10965013926220661,2580.0,6.15
3491,6.2,6.5,0.2102,24,0.1232876712328767,-0.10771403023534024,2585.0,6.35
3492,6.3,6.7,0.2084,64,0.1232876712328767,-0.10578166248428633,2590.0,6.5
3493,6.5,6.9,0.207,36,0.1232876712328767,-0.10385302157788065,2595.0,6.7
3494,6.7,7.0,0.2051,33593,0.1232876712328767,-0.10192809316829628,2600.0,6.85
3495,6.9,7.2,0.2036,1027,0.1232876712328767,-0.10000686299040243,2605.0,7.050000000000001
3496,7.1,7.5,0.2023,3424,0.1232876712328767,-0.09808931686113065,2610.0,7.3
3497,7.3,7.7,0.2007,151,0.1232876712328767,-0.0961754406788465,2615.0,7.5
3498,7.6,7.9,0.1993,59,0.1232876712328767,-0.09426522042272713,2620.0,7.75
3499,7.8,8.1,0.1975,80,0.1232876712328767,-0.09235864215214558,2625.0,7.949999999999999
3500,8.0,8.4,0.1961,34,0.1232876712328767,-0.09045569200605948,2630.0,8.2
3501,8.3,8.6,0.1945,46,0.1232876712328767,-0.08855635620240704,2635.0,8.45
3502,8.5,8.9,0.1929,146,0.1232876712328767,-0.08666062103750792,2640.0,8.7
3503,8.8,9.1,0.1913,3011,0.1232876712328767,-0.08476847288546992,2645.0,8.95
3504,9.0,9.4,0.1896,4153,0.1232876712328767,-0.0828798981976018,2650.0,9.2
3505,9.3,9.7,0.1881,1442,0.1232876712328767,-0.08099488350183051,2655.0,9.5
3506,9.6,9.9,0.1863,1355,0.1232876712328767,-0.07911341540212498,2660.0,9.75
3507,9.9,10.3,0.185,203,0.1232876712328767,-0.07723548057792484,2665.0,10.100000000000001
3508,10.2,10.6,0.1834,3179,0.1232876712328767,-0.07536106578357445,2670.0,10.399999999999999
3509,10.6,10.9,0.1819,514,0.1232876712328767,-0.07349015784776276,2675.0,10.75
3510,10.9,11.2,0.1801,1492,0.1232876712328767,-0.07162274367296735,2680.0,11.05
3511,11.3,11.6,0.1788,5,0.1232876712328767,-0.06975881023490467,2685.0,11.45
3512,11.6,12.0,0.1771,341,0.1232876712328767,-0.06789834458198497,2690.0,11.8
3513,12.0,12.4,0.1756,1053,0.1232876712328767,-0.06604133383477213,2695.0,12.2
3514,12.4,12.8,0.1741,19224,0.1232876712328767,-0.06418776518544925,2700.0,12.600000000000001
3515,12.8,13.2,0.1725,41,0.1232876712328767,-0.062337625897287814,2705.0,13.0
3516,13.2,13.6,0.1708,155,0.1232876712328767,-0.06049090330412315,2710.0,13.399999999999999
3517,13.7,14.0,0.1692,13,0.1232876712328767,-0.058647584809833946,2715.0,13.85
3518,14.1,14.5,0.1676,636,0.1232876712328767,-0.05680765788782678,2720.0,14.3
3519,14.6,15.0,0.1661,8289,0.1232876712328767,-0.054971110080525236,2725.0,14.8
3520,15.1,15.5,0.1645,104,0.1232876712328767,-0.0531379289988643,2730.0,15.3
3521,15.6,16.0,0.1628,300,0.1232876712328767,-0.05130810232178815,2735.0,15.8
3522,16.2,16.5,0.1613,128,0.1232876712328767,-0.04948161779575385,2740.0,16.35
3523,16.7,17.1,0.1596,356,0.1232876712328767,-0.04765846323423877,2745.0,16.9
3524,17.3,17.7,0.1581,86,0.1232876712328767,-0.045838626517252706,2750.0,17.5
3525,17.9,18.3,0.1565,311,0.1232876712328767,-0.04402209559085485,2755.0,18.1
3526,18.5,18.9,0.1548,678,0.1232876712328767,-0.04220885846667405,2760.0,18.7
3527,19.2,19.6,0.1533,81,0.1232876712328767,-0.04039890322143458,2765.0,19.4
3528,19.9,20.3,0.1517,1004,0.1232876712328767,-0.038592217996485594,2770.0,20.1
3529,20.6,21.0,0.1501,139,0.1232876712328767,-0.0367887909973348,2775.0,20.8
3530,21.4,21.8,0.1486,87,0.1232876712328767,-0.03498861049318696,2780.0,21.6
3531,22.1,22.6,0.1469,135,0.1232876712328767,-0.03319166481648533,2785.0,22.35
3532,23.0,23.4,0.1454,71,0.1232876712328767,-0.03139794236245844,2790.0,23.2
3533,23.9,24.2,0.1438,588,0.1232876712328767,-0.02960743158867024,2795.0,24.049999999999997
3534,24.7,25.1,0.142,383,0.1232876712328767,-0.027820121014574394,2800.0,24.9
3535,25.7,26.1,0.1406,273,0.1232876712328767,-0.026035999221073018,2805.0,25.9
3536,26.7,27.0,0.139,5109,0.1232876712328767,-0.02425505485007828,2810.0,26.85
3537,27.7,28.1,0.1374,63,0.1232876712328767,-0.022477276604078996,2815.0,27.9
3538,28.8,29.1,0.1358,63,0.1232876712328767,-0.020702653245710502,2820.0,28.950000000000003
3539,29.9,30.3,0.1343,3272,0.1232876712328767,-0.018931173597328366,2825.0,30.1
3540,31.0,31.4,0.1325,39,0.1232876712328767,-0.017162826540586398,2830.0,31.2
3541,32.3,32.7,0.1311,17,0.1232876712328767,-0.015397601016017283,2835.0,32.5
3542,33.5,33.9,0.1293,37,0.1232876712328767,-0.013635486022618026,2840.0,33.7
3543,34.9,35.3,0.1279,84,0.1232876712328767,-0.011876470617438477,2845.0,35.099999999999994
3544,36.3,36.7,0.1263,1070,0.1232876712328767,-0.010120543915173473,2850.0,36.5
3545,37.8,38.2,0.1248,571,0.1232876712328767,-0.008367695087759114,2855.0,38.0
3546,39.3,39.7,0.1232,331,0.1232876712328767,-0.006617913363971453,2860.0,39.5
3547,40.9,41.3,0.1216,293,0.1232876712328767,-0.00487118802902981,2865.0,41.099999999999994
3548,42.6,43.0,0.1201,108,0.1232876712328767,-0.0031275084242029776,2870.0,42.8
3549,44.4,44.8,0.1186,476,0.1232876712328767,-0.0013868639464188668,2875.0,44.599999999999994
3550,46.2,46.7,0.1171,33,0.1232876712328767,0.0003507559521219104,2880.0,46.45
3551,48.2,48.6,0.1156,27,0.1232876712328767,0.0020853617643302107,2885.0,48.400000000000006
3552,50.3,50.7,0.1143,23,0.1232876712328767,0.003816963928608097,2890.0,50.5
3553,52.4,52.9,0.1128,13,0.1232876712328767,0.005545572829225849,2895.0,52.65
3554,54.7,55.1,0.1114,150,0.1232876712328767,0.007271198796695605,2900.0,54.900000000000006
3555,57.0,57.5,0.1101,47,0.1232876712328767,0.00899385210814179,2905.0,57.25
3556,59.5,59.9,0.1087,34,0.1232876712328767,0.010713542987668584,2910.0,59.7
3557,62.1,62.5,0.1075,1,0.1232876712328767,0.012430281606723118,2915.0,62.3
3558,64.7,65.2,0.1061,8,0.1232876712328767,0.014144078084457773,2920.0,64.95
3559,67.5,68.0,0.1049,0,0.1232876712328767,0.01585494248808719,2925.0,67.75
3560,70.5,70.9,0.1038,24,0.1232876712328767,0.017562884833243288,2930.0,70.7
3561,73.5,74.0,0.1027,4,0.1232876712328767,0.0192679150843271,2935.0,73.75
3562,76.7,77.1,0.1016,5,0.1232876712328767,0.02097004315485755,2940.0,76.9
3563,79.9,80.4,0.1005,6,0.1232876712328767,0.022669278907817315,2945.0,80.15
3564,83.3,83.8,0.0995,20,0.1232876712328767,0.02436563215599572,2950.0,83.55
3565,86.2,88.0,0.0988,0,0.1232876712328767,0.026059112662328764,2955.0,87.1
3566,89.7,91.7,0.0978,12,0.1232876712328767,0.027749730140236226,2960.0,90.7
3567,93.6,95.5,0.0975,0,0.1232876712328767,0.02943749425395619,2965.0,94.55
3568,97.4,99.2,0.0964,0,0.1232876712328767,0.031122414618875646,2970.0,98.30000000000001
3569,101.2,103.3,0.0958,0,0.1232876712328767,0.03280450080186045,2975.0,102.25
3570,105.1,107.2,0.0947,0,0.1232876712328767,0.03448376232158044,2980.0,106.15
3571,109.3,111.5,0.0947,0,0.1232876712328767,0.036160208648832744,2985.0,110.4
3572,113.5,115.7,0.0942,0,0.1232876712328767,0.03783384920686237,2990.0,114.6
3573,117.8,120.0,0.0939,0,0.1232876712328767,0.03950469337167996,2995.0,118.9
3574,122.1,124.4,0.0935,0,0.1232876712328767,0.04117275047237696,3000.0,123.25
3575,126.5,128.8,0.0931,0,0.1232876712328767,0.04283802979143815,3005.0,127.65
3576,131.0,133.3,0.093,0,0.1232876712328767,0.04450054056505159,3010.0,132.15
3577,135.5,137.9,0.0929,0,0.1232876712328767,0.04616029198341618,3015.0,136.7
3578,140.2,142.6,0.0936,0,0.1232876712328767,0.04781729319104567,3020.0,141.39999999999998
3579,144.8,147.1,0.093,0,0.1232876712328767,0.04947155328707216,3025.0,145.95
3580,149.5,151.9,0.0937,0,0.1232876712328767,0.051123081325545126,3030.0,150.7
3581,154.2,156.5,0.0933,0,0.1232876712328767,0.05277188631572892,3035.0,155.35
3582,158.9,161.4,0.094,0,0.1232876712328767,0.05441797722239764,3040.0,160.15
3583,168.4,170.9,0.0939,0,0.1232876712328767,0.05770205242358753,3050.0,169.65
3584,178.0,180.6,0.0945,0,0.1232876712328767,0.06097537776855663,3060.0,179.3
3585,192.6,195.2,0.0958,0,0.1232876712328767,0.06586536306274857,3075.0,193.89999999999998
3586,217.1,219.7,0.0974,0,0.1232876712328767,0.07396257329536783,3100.0,218.39999999999998
3587,237.7,249.1,0.1083,0,0.1232876712328767,0.08199474499263221,3125.0,243.39999999999998
3588,262.3,273.7,0.1076,0,0.1232876712328767,0.08996291464180897,3150.0,268.0
3589,287.5,298.9,0.1248,0,0.1232876712328767,0.09786809414892235,3175.0,293.2
3590,312.6,324.0,0.1379,0,0.1232876712328767,0.10571127160994814,3200.0,318.3
3591,361.6,373.0,0.0,0,0.1232876712328767,0.1212154581459134,3250.0,367.3
3592,411.7,423.1,0.1463,0,0.1232876712328767,0.13648293027670183,3300.0,417.4
3593,511.8,523.2,0.1968,0,0.1232876712328767,0.166335893426383,3400.0,517.5
3594,0.0,0.1,0.828,261,0.14246575342465753,-1.0574395381957327,1000.0,0.05
3595,0.0,0.1,0.7569,113,0.14246575342465753,-0.9621293583914078,1100.0,0.05
3596,0.05,0.15,0.7274,151,0.14246575342465753,-0.875117981401778,1200.0,0.1
3597,0.05,0.2,0.6767,3663,0.14246575342465753,-0.7950752737282416,1300.0,0.125
3598,0.1,0.2,0.6254,85,0.14246575342465753,-0.7209673015745197,1400.0,0.15000000000000002
3599,0.1,0.25,0.6047,900,0.14246575342465753,-0.6858759817632497,1450.0,0.175
3600,0.15,0.25,0.5829,482,0.14246575342465753,-0.6519744300875684,1500.0,0.2
3601,0.15,0.3,0.5614,1561,0.14246575342465753,-0.6191846072645775,1550.0,0.22499999999999998
3602,0.2,0.3,0.5393,325,0.14246575342465753,-0.5874359089499972,1600.0,0.25
3603,0.2,0.35,0.5177,7832,0.14246575342465753,-0.5566642502832435,1650.0,0.275
3604,0.25,0.4,0.4998,2903,0.14246575342465753,-0.5268112871335623,1700.0,0.325
3605,0.3,0.45,0.4809,270,0.14246575342465753,-0.49782375026031,1750.0,0.375
3606,0.35,0.45,0.4711,179,0.14246575342465753,-0.48363911526835357,1775.0,0.4
3607,0.35,0.5,0.4614,10964,0.14246575342465753,-0.4696528732936137,1800.0,0.425
3608,0.4,0.5,0.4518,103,0.14246575342465753,-0.45585955116127785,1825.0,0.45
3609,0.4,0.55,0.4417,84,0.14246575342465753,-0.4422538991054992,1850.0,0.47500000000000003
3610,0.45,0.6,0.4341,171,0.14246575342465753,-0.42883087877335857,1875.0,0.525
3611,0.5,0.65,0.426,2261,0.14246575342465753,-0.4155856520233379,1900.0,0.575
3612,0.55,0.65,0.4156,49,0.14246575342465753,-0.4025135704559851,1925.0,0.6000000000000001
3613,0.55,0.7,0.4053,1298,0.14246575342465753,-0.3896101656200773,1950.0,0.625
3614,0.6,0.75,0.3966,937,0.14246575342465753,-0.3768711398426475,1975.0,0.675
3615,0.65,0.75,0.3863,2598,0.14246575342465753,-0.3642923576357874,2000.0,0.7
3616,0.7,0.85,0.3788,203,0.14246575342465753,-0.35186983763723023,2025.0,0.7749999999999999
3617,0.8,0.9,0.3709,4094,0.14246575342465753,-0.33959974504541585,2050.0,0.8500000000000001
3618,0.85,0.95,0.3615,322,0.14246575342465753,-0.32747838451307104,2075.0,0.8999999999999999
3619,0.9,1.05,0.3531,390,0.14246575342465753,-0.3155021934663554,2100.0,0.9750000000000001
3620,1.0,1.1,0.3444,1698,0.14246575342465753,-0.3036677358193525,2125.0,1.05
3621,1.05,1.2,0.3403,828,0.14246575342465753,-0.2966337091619725,2140.0,1.125
3622,1.1,1.2,0.3365,491,0.14246575342465753,-0.29197169605616125,2150.0,1.15
3623,1.15,1.25,0.3336,72,0.14246575342465753,-0.2873313164996591,2160.0,1.2
3624,1.2,1.3,0.3307,330,0.14246575342465753,-0.28271237064336446,2170.0,1.25
3625,1.2,1.35,0.3292,844,0.14246575342465753,-0.28041087365508527,2175.0,1.275
3626,1.25,1.35,0.3276,19,0.14246575342465753,-0.27811466139473506,2180.0,1.3
3627,1.25,1.4,0.3237,22,0.14246575342465753,-0.2735379943673232,2190.0,1.325
3628,1.3,1.45,0.3205,2233,0.14246575342465753,-0.2689821778314625,2200.0,1.375
3629,1.35,1.5,0.3173,54,0.14246575342465753,-0.2644470226660713,2210.0,1.425
3630,1.4,1.55,0.314,1181,0.14246575342465753,-0.25993234231154455,2220.0,1.475
3631,1.45,1.6,0.313,1719,0.14246575342465753,-0.2576826225775291,2225.0,1.525
3632,1.5,1.6,0.3114,22,0.14246575342465753,-0.2554379527237053,2230.0,1.55
3633,1.55,1.7,0.3086,214,0.14246575342465753,-0.25096367232878414,2240.0,1.625
3634,1.6,1.7,0.3045,3553,0.14246575342465753,-0.2465093219794039,2250.0,1.65
3635,1.65,1.8,0.3017,341,0.14246575342465753,-0.2420747249115382,2260.0,1.725
3636,1.75,1.85,0.2987,272,0.14246575342465753,-0.23765970670242131,2270.0,1.8
3637,1.75,1.9,0.2969,146,0.14246575342465753,-0.23545948579281892,2275.0,1.825
3638,1.8,1.95,0.2957,99,0.14246575342465753,-0.2332640952293833,2280.0,1.875
3639,1.85,2.0,0.292,125,0.14246575342465753,-0.22888772062958446,2290.0,1.925
3640,1.95,2.1,0.2894,3772,0.14246575342465753,-0.22453041526062864,2300.0,2.025
3641,2.05,2.2,0.2866,2005,0.14246575342465753,-0.22019201366203053,2310.0,2.125
3642,2.1,2.25,0.2828,69,0.14246575342465753,-0.21587235251751405,2320.0,2.175
3643,2.15,2.3,0.2814,261,0.14246575342465753,-0.21371949915641303,2325.0,2.2249999999999996
3644,2.2,2.35,0.2799,597,0.14246575342465753,-0.21157127061812347,2330.0,2.2750000000000004
3645,2.3,2.45,0.2769,264,0.14246575342465753,-0.20728860882612268,2340.0,2.375
3646,2.4,2.55,0.2739,3918,0.14246575342465753,-0.20302421003966506,2350.0,2.4749999999999996
3647,2.5,2.7,0.2711,55,0.14246575342465753,-0.198777919158214,2360.0,2.6
3648,2.6,2.8,0.2679,193,0.14246575342465753,-0.1945495830486928,2370.0,2.7
3649,2.7,2.85,0.2667,1039,0.14246575342465753,-0.19244210070912812,2375.0,2.7750000000000004
3650,2.75,2.9,0.265,187,0.14246575342465753,-0.19033905051234934,2380.0,2.825
3651,2.85,3.1,0.2623,118,0.14246575342465753,-0.18614617225231345,2390.0,2.975
3652,3.0,3.2,0.2592,6893,0.14246575342465753,-0.1819708008418327,2400.0,3.1
3653,3.0,3.3,0.2574,0,0.14246575342465753,-0.17988963463800817,2405.0,3.15
3654,3.1,3.3,0.2556,269,0.14246575342465753,-0.17781279069316908,2410.0,3.2
3655,3.2,3.4,0.2545,22,0.14246575342465753,-0.17574025109119673,2415.0,3.3
3656,3.3,3.5,0.2534,402,0.14246575342465753,-0.1736719980271376,2420.0,3.4
3657,3.3,3.6,0.2515,1631,0.14246575342465753,-0.17160801380628612,2425.0,3.45
3658,3.4,3.7,0.2503,42,0.14246575342465753,-0.16954828084327558,2430.0,3.55
3659,3.5,3.7,0.2484,4,0.14246575342465753,-0.1674927816611796,2435.0,3.6
3660,3.6,3.8,0.2471,264,0.14246575342465753,-0.16544149889062224,2440.0,3.7
3661,3.7,3.9,0.2458,0,0.14246575342465753,-0.16339441526889728,2445.0,3.8
3662,3.8,4.0,0.2444,2256,0.14246575342465753,-0.16135151363909703,2450.0,3.9
3663,3.9,4.1,0.243,26,0.14246575342465753,-0.15931277694924878,2455.0,4.0
3664,3.9,4.2,0.241,1079,0.14246575342465753,-0.15727818825146125,2460.0,4.05
3665,4.0,4.3,0.2396,64,0.14246575342465753,-0.1552477307010793,2465.0,4.15
3666,4.1,4.4,0.2381,326,0.14246575342465753,-0.1532213875558468,2470.0,4.25
3667,4.2,4.5,0.2366,428,0.14246575342465753,-0.15119914217507902,2475.0,4.35
3668,4.4,4.6,0.2356,3013,0.14246575342465753,-0.14918097801884186,2480.0,4.5
3669,4.5,4.7,0.234,18,0.14246575342465753,-0.14716687864714065,2485.0,4.6
3670,4.6,4.8,0.2324,99,0.14246575342465753,-0.14515682771911648,2490.0,4.699999999999999
3671,4.7,4.9,0.2308,95,0.14246575342465753,-0.14315080899225063,2495.0,4.800000000000001
3672,4.8,5.1,0.2296,9558,0.14246575342465753,-0.14114880632157759,2500.0,4.949999999999999
3673,4.9,5.2,0.2279,25,0.14246575342465753,-0.13915080365890456,2505.0,5.050000000000001
3674,5.1,5.3,0.2266,217,0.14246575342465753,-0.13715678505204018,2510.0,5.199999999999999
3675,5.2,5.4,0.2249,10,0.14246575342465753,-0.1351667346440302,2515.0,5.300000000000001
3676,5.3,5.6,0.2236,154,0.14246575342465753,-0.13318063667240068,2520.0,5.449999999999999
3677,5.5,5.7,0.2222,2277,0.14246575342465753,-0.1311984754684095,2525.0,5.6
3678,5.6,5.9,0.2208,362,0.14246575342465753,-0.1292202354563038,2530.0,5.75
3679,5.8,6.0,0.2193,99,0.14246575342465753,-0.12724590115258622,2535.0,5.9
3680,5.9,6.2,0.2179,141,0.14246575342465753,-0.1252754571652875,2540.0,6.050000000000001
3681,6.1,6.3,0.2163,404,0.14246575342465753,-0.12330888819324655,2545.0,6.199999999999999
3682,6.2,6.5,0.2148,3719,0.14246575342465753,-0.12134617902539786,2550.0,6.35
3683,6.4,6.7,0.2136,10,0.14246575342465753,-0.11938731454006492,2555.0,6.550000000000001
3684,6.6,6.8,0.2119,15486,0.14246575342465753,-0.11743227970426158,2560.0,6.699999999999999
3685,6.7,7.0,0.2103,29,0.14246575342465753,-0.11548105957299987,2565.0,6.85
3686,6.9,7.2,0.2089,437,0.14246575342465753,-0.11353363928860419,2570.0,7.050000000000001
3687,7.1,7.4,0.2076,2046,0.14246575342465753,-0.11159000408003318,2575.0,7.25
3688,7.3,7.6,0.2061,379,0.14246575342465753,-0.10965013926220661,2580.0,7.449999999999999
3689,7.5,7.8,0.2046,107,0.14246575342465753,-0.10771403023534024,2585.0,7.65
3690,7.7,8.0,0.2031,676,0.14246575342465753,-0.10578166248428633,2590.0,7.85
3691,7.9,8.2,0.2016,43,0.14246575342465753,-0.10385302157788065,2595.0,8.05
3692,8.2,8.5,0.2006,5954,0.14246575342465753,-0.10192809316829628,2600.0,8.35
3693,8.4,8.7,0.1989,1010,0.14246575342465753,-0.10000686299040243,2605.0,8.55
3694,8.6,8.9,0.1973,198,0.14246575342465753,-0.09808931686113065,2610.0,8.75
3695,8.9,9.2,0.1961,49,0.14246575342465753,-0.0961754406788465,2615.0,9.05
3696,9.1,9.4,0.1943,318,0.14246575342465753,-0.09426522042272713,2620.0,9.25
3697,9.4,9.7,0.1931,1726,0.14246575342465753,-0.09235864215214558,2625.0,9.55
3698,9.6,10.0,0.1915,488,0.14246575342465753,-0.09045569200605948,2630.0,9.8
3699,9.9,10.2,0.1899,28,0.14246575342465753,-0.08855635620240704,2635.0,10.05
3700,10.2,10.5,0.1885,412,0.14246575342465753,-0.08666062103750792,2640.0,10.35
3701,10.5,10.8,0.187,162,0.14246575342465753,-0.08476847288546992,2645.0,10.65
3702,10.8,11.1,0.1855,8799,0.14246575342465753,-0.0828798981976018,2650.0,10.95
3703,11.1,11.4,0.1839,558,0.14246575342465753,-0.08099488350183051,2655.0,11.25
3704,11.5,11.7,0.1826,15680,0.14246575342465753,-0.07911341540212498,2660.0,11.6
3705,11.8,12.1,0.1811,68,0.14246575342465753,-0.07723548057792484,2665.0,11.95
3706,12.2,12.4,0.1796,452,0.14246575342465753,-0.07536106578357445,2670.0,12.3
3707,12.5,12.8,0.1781,2856,0.14246575342465753,-0.07349015784776276,2675.0,12.65
3708,12.9,13.2,0.1767,2102,0.14246575342465753,-0.07162274367296735,2680.0,13.05
3709,13.3,13.6,0.1752,708,0.14246575342465753,-0.06975881023490467,2685.0,13.45
3710,13.7,14.0,0.1737,634,0.14246575342465753,-0.06789834458198497,2690.0,13.85
3711,14.1,14.4,0.1722,297,0.14246575342465753,-0.06604133383477213,2695.0,14.25
3712,14.5,14.8,0.1705,6958,0.14246575342465753,-0.06418776518544925,2700.0,14.65
3713,15.0,15.3,0.1692,597,0.14246575342465753,-0.062337625897287814,2705.0,15.15
3714,15.5,15.8,0.1679,1147,0.14246575342465753,-0.06049090330412315,2710.0,15.65
3715,15.9,16.3,0.1662,385,0.14246575342465753,-0.058647584809833946,2715.0,16.1
3716,16.4,16.8,0.1647,739,0.14246575342465753,-0.05680765788782678,2720.0,16.6
3717,17.0,17.3,0.1633,1512,0.14246575342465753,-0.054971110080525236,2725.0,17.15
3718,17.5,17.8,0.1617,835,0.14246575342465753,-0.0531379289988643,2730.0,17.65
3719,18.1,18.4,0.1603,189,0.14246575342465753,-0.05130810232178815,2735.0,18.25
3720,18.7,19.0,0.1589,446,0.14246575342465753,-0.04948161779575385,2740.0,18.85
3721,19.3,19.6,0.1573,115,0.14246575342465753,-0.04765846323423877,2745.0,19.450000000000003
3722,19.9,20.3,0.1559,5858,0.14246575342465753,-0.045838626517252706,2750.0,20.1
3723,20.6,20.9,0.1544,184,0.14246575342465753,-0.04402209559085485,2755.0,20.75
3724,21.2,21.6,0.1528,571,0.14246575342465753,-0.04220885846667405,2760.0,21.4
3725,22.0,22.3,0.1514,117,0.14246575342465753,-0.04039890322143458,2765.0,22.15
3726,22.7,23.0,0.1498,324,0.14246575342465753,-0.038592217996485594,2770.0,22.85
3727,23.5,23.8,0.1484,1994,0.14246575342465753,-0.0367887909973348,2775.0,23.65
3728,24.2,24.6,0.1467,885,0.14246575342465753,-0.03498861049318696,2780.0,24.4
3729,25.1,25.4,0.1453,52,0.14246575342465753,-0.03319166481648533,2785.0,25.25
3730,26.0,26.3,0.1439,577,0.14246575342465753,-0.03139794236245844,2790.0,26.15
3731,26.9,27.2,0.1424,95,0.14246575342465753,-0.02960743158867024,2795.0,27.049999999999997
3732,27.8,28.1,0.1407,3439,0.14246575342465753,-0.027820121014574394,2800.0,27.950000000000003
3733,28.8,29.1,0.1393,277,0.14246575342465753,-0.026035999221073018,2805.0,28.950000000000003
3734,29.8,30.1,0.1377,243,0.14246575342465753,-0.02425505485007828,2810.0,29.950000000000003
3735,30.8,31.1,0.1361,177,0.14246575342465753,-0.022477276604078996,2815.0,30.950000000000003
3736,31.9,32.3,0.1347,348,0.14246575342465753,-0.020702653245710502,2820.0,32.099999999999994
3737,33.1,33.4,0.1332,2590,0.14246575342465753,-0.018931173597328366,2825.0,33.25
3738,34.3,34.6,0.1317,1258,0.14246575342465753,-0.017162826540586398,2830.0,34.45
3739,35.5,35.9,0.1302,349,0.14246575342465753,-0.015397601016017283,2835.0,35.7
3740,36.8,37.2,0.1287,352,0.14246575342465753,-0.013635486022618026,2840.0,37.0
3741,38.2,38.5,0.1271,107,0.14246575342465753,-0.011876470617438477,2845.0,38.35
3742,39.6,40.0,0.1257,1561,0.14246575342465753,-0.010120543915173473,2850.0,39.8
3743,41.1,41.4,0.1241,304,0.14246575342465753,-0.008367695087759114,2855.0,41.25
3744,42.6,43.0,0.1227,167,0.14246575342465753,-0.006617913363971453,2860.0,42.8
3745,44.3,44.6,0.1213,22,0.14246575342465753,-0.00487118802902981,2865.0,44.45
3746,45.9,46.3,0.1197,292,0.14246575342465753,-0.0031275084242029776,2870.0,46.099999999999994
3747,47.7,48.1,0.1183,779,0.14246575342465753,-0.0013868639464188668,2875.0,47.900000000000006
3748,49.6,50.0,0.117,195,0.14246575342465753,0.0003507559521219104,2880.0,49.8
3749,51.5,51.9,0.1155,264,0.14246575342465753,0.0020853617643302107,2885.0,51.7
3750,53.5,53.9,0.1141,58,0.14246575342465753,0.003816963928608097,2890.0,53.7
3751,55.6,56.0,0.1127,44,0.14246575342465753,0.005545572829225849,2895.0,55.8
3752,57.8,58.2,0.1113,344,0.14246575342465753,0.007271198796695605,2900.0,58.0
3753,60.1,60.5,0.11,11,0.14246575342465753,0.00899385210814179,2905.0,60.3
3754,62.5,62.9,0.1087,20,0.14246575342465753,0.010713542987668584,2910.0,62.7
3755,65.0,65.5,0.1075,2,0.14246575342465753,0.012430281606723118,2915.0,65.25
3756,67.6,68.1,0.1063,22,0.14246575342465753,0.014144078084457773,2920.0,67.85
3757,70.4,70.8,0.1051,41,0.14246575342465753,0.01585494248808719,2925.0,70.6
3758,73.2,73.6,0.1039,25,0.14246575342465753,0.017562884833243288,2930.0,73.4
3759,76.1,76.6,0.1028,24,0.14246575342465753,0.0192679150843271,2935.0,76.35
3760,79.2,79.6,0.1017,21,0.14246575342465753,0.02097004315485755,2940.0,79.4
3761,82.4,82.8,0.1008,20,0.14246575342465753,0.022669278907817315,2945.0,82.6
3762,85.6,86.1,0.0997,40,0.14246575342465753,0.02436563215599572,2950.0,85.85
3763,89.0,89.5,0.0988,3,0.14246575342465753,0.026059112662328764,2955.0,89.25
3764,92.0,93.7,0.0982,2,0.14246575342465753,0.027749730140236226,2960.0,92.85
3765,95.6,97.3,0.0974,0,0.14246575342465753,0.02943749425395619,2965.0,96.44999999999999
3766,99.3,101.1,0.0968,2,0.14246575342465753,0.031122414618875646,2970.0,100.19999999999999
3767,103.0,104.8,0.0957,0,0.14246575342465753,0.03280450080186045,2975.0,103.9
3768,107.0,108.9,0.0956,0,0.14246575342465753,0.03448376232158044,2980.0,107.95
3769,111.0,112.9,0.095,0,0.14246575342465753,0.036160208648832744,2985.0,111.95
3770,115.1,117.0,0.0946,0,0.14246575342465753,0.03783384920686237,2990.0,116.05
3771,119.3,121.2,0.0943,0,0.14246575342465753,0.03950469337167996,2995.0,120.25
3772,123.4,125.4,0.0935,34,0.14246575342465753,0.04117275047237696,3000.0,124.4
3773,127.8,129.8,0.0935,0,0.14246575342465753,0.04283802979143815,3005.0,128.8
3774,132.1,134.1,0.0929,0,0.14246575342465753,0.04450054056505159,3010.0,133.1
3775,136.5,138.5,0.0925,0,0.14246575342465753,0.04616029198341618,3015.0,137.5
3776,141.1,143.1,0.0929,0,0.14246575342465753,0.04781729319104567,3020.0,142.1
3777,145.7,147.7,0.0931,2,0.14246575342465753,0.04947155328707216,3025.0,146.7
3778,150.2,152.2,0.0925,0,0.14246575342465753,0.051123081325545126,3030.0,151.2
3779,154.9,157.1,0.0936,0,0.14246575342465753,0.05277188631572892,3035.0,156.0
3780,159.6,161.7,0.0936,0,0.14246575342465753,0.05441797722239764,3040.0,160.64999999999998
3781,164.3,166.4,0.0938,0,0.14246575342465753,0.05606136296612764,3045.0,165.35000000000002
3782,169.0,171.2,0.0941,0,0.14246575342465753,0.05770205242358753,3050.0,170.1
3783,173.6,175.8,0.093,0,0.14246575342465753,0.059340054427825896,3055.0,174.7
3784,178.5,180.7,0.0943,0,0.14246575342465753,0.06097537776855663,3060.0,179.6
3785,183.3,185.5,0.0946,0,0.14246575342465753,0.06260803119244214,3065.0,184.4
3786,188.1,190.3,0.0947,0,0.14246575342465753,0.06423802340337319,3070.0,189.2
3787,192.9,195.0,0.0941,0,0.14246575342465753,0.06586536306274857,3075.0,193.95
3788,197.8,200.0,0.0956,0,0.14246575342465753,0.06749005878975045,3080.0,198.9
3789,207.4,209.6,0.0944,0,0.14246575342465753,0.07073155271392141,3090.0,208.5
3790,217.3,219.5,0.097,0,0.14246575342465753,0.07396257329536783,3100.0,218.4
3791,223.1,234.5,0.107,0,0.14246575342465753,0.07718318799541,3110.0,228.8
3792,232.2,243.6,0.0954,0,0.14246575342465753,0.08039346362565838,3120.0,237.89999999999998
3793,237.9,249.3,0.1104,0,0.14246575342465753,0.08199474499263221,3125.0,243.60000000000002
3794,262.1,273.5,0.1053,0,0.14246575342465753,0.08996291464180897,3150.0,267.8
3795,287.3,298.7,0.1203,0,0.14246575342465753,0.09786809414892235,3175.0,293.0
3796,311.6,323.0,0.1081,0,0.14246575342465753,0.10571127160994814,3200.0,317.3
3797,361.4,372.7,0.1162,0,0.14246575342465753,0.1212154581459134,3250.0,367.04999999999995
3798,411.1,422.5,0.1189,1,0.14246575342465753,0.13648293027670183,3300.0,416.8
3799,510.4,521.7,0.0,0,0.14246575342465753,0.166335893426383,3400.0,516.05
3800,610.4,621.8,0.164,0,0.14246575342465753,0.19532343029963528,3500.0,616.0999999999999
3801,0.1,0.2,0.644,0,0.16164383561643836,-0.7950752737282416,1300.0,0.15000000000000002
3802,0.1,0.25,0.5951,0,0.16164383561643836,-0.7209673015745197,1400.0,0.175
3803,0.15,0.3,0.5535,385,0.16164383561643836,-0.6519744300875684,1500.0,0.22499999999999998
3804,0.25,0.4,0.5193,0,0.16164383561643836,-0.5874359089499972,1600.0,0.325
3805,0.35,0.45,0.4788,0,0.16164383561643836,-0.5268112871335623,1700.0,0.4
3806,0.4,0.55,0.4624,252,0.16164383561643836,-0.49782375026031,1750.0,0.47500000000000003
3807,0.45,0.6,0.4431,0,0.16164383561643836,-0.4696528732936137,1800.0,0.525
3808,0.5,0.7,0.4254,0,0.16164383561643836,-0.4422538991054992,1850.0,0.6
3809,0.6,0.75,0.4071,0,0.16164383561643836,-0.4155856520233379,1900.0,0.675
3810,0.7,0.85,0.39,0,0.16164383561643836,-0.3896101656200773,1950.0,0.7749999999999999
3811,0.8,0.95,0.3723,1,0.16164383561643836,-0.3642923576357874,2000.0,0.875
3812,0.95,1.1,0.3564,7,0.16164383561643836,-0.33959974504541585,2050.0,1.025
3813,1.15,1.3,0.3413,14,0.16164383561643836,-0.3155021934663554,2100.0,1.225
3814,1.35,1.5,0.3251,59,0.16164383561643836,-0.29197169605616125,2150.0,1.425
3815,1.5,1.65,0.3181,0,0.16164383561643836,-0.28041087365508527,2175.0,1.575
3816,1.65,1.8,0.3106,0,0.16164383561643836,-0.2689821778314625,2200.0,1.725
3817,1.8,2.0,0.3034,2,0.16164383561643836,-0.2576826225775291,2225.0,1.9
3818,2.0,2.15,0.2957,28,0.16164383561643836,-0.2465093219794039,2250.0,2.075
3819,2.2,2.4,0.2887,0,0.16164383561643836,-0.23545948579281892,2275.0,2.3
3820,2.45,2.65,0.2816,14,0.16164383561643836,-0.22453041526062864,2300.0,2.55
3821,2.75,2.9,0.2746,15,0.16164383561643836,-0.21371949915641303,2325.0,2.825
3822,3.0,3.3,0.2676,12,0.16164383561643836,-0.20302421003966506,2350.0,3.15
3823,3.1,3.4,0.2643,0,0.16164383561643836,-0.198777919158214,2360.0,3.25
3824,3.3,3.5,0.2616,0,0.16164383561643836,-0.1945495830486928,2370.0,3.4
3825,3.4,3.6,0.2605,0,0.16164383561643836,-0.19244210070912812,2375.0,3.5
3826,3.4,3.7,0.2588,0,0.16164383561643836,-0.19033905051234934,2380.0,3.55
3827,3.6,3.8,0.2559,0,0.16164383561643836,-0.18614617225231345,2390.0,3.7
3828,3.8,4.0,0.2535,761,0.16164383561643836,-0.1819708008418327,2400.0,3.9
3829,3.9,4.2,0.2504,0,0.16164383561643836,-0.17781279069316908,2410.0,4.05
3830,4.1,4.4,0.2478,0,0.16164383561643836,-0.1736719980271376,2420.0,4.25
3831,4.2,4.5,0.2465,0,0.16164383561643836,-0.17160801380628612,2425.0,4.35
3832,4.3,4.6,0.2451,0,0.16164383561643836,-0.16954828084327558,2430.0,4.449999999999999
3833,4.5,4.8,0.2422,0,0.16164383561643836,-0.16544149889062224,2440.0,4.65
3834,4.7,5.0,0.2393,11,0.16164383561643836,-0.16135151363909703,2450.0,4.85
3835,5.0,5.2,0.2367,92,0.16164383561643836,-0.15727818825146125,2460.0,5.1
3836,5.2,5.5,0.234,0,0.16164383561643836,-0.1532213875558468,2470.0,5.35
3837,5.3,5.6,0.2324,0,0.16164383561643836,-0.15119914217507902,2475.0,5.449999999999999
3838,5.5,5.7,0.2312,0,0.16164383561643836,-0.14918097801884186,2480.0,5.6
3839,5.7,6.0,0.2283,460,0.16164383561643836,-0.14515682771911648,2490.0,5.85
3840,6.0,6.3,0.2257,508,0.16164383561643836,-0.14114880632157759,2500.0,6.15
3841,6.2,6.5,0.2247,331,0.16164383561643836,-0.13915080365890456,2505.0,6.35
3842,6.3,6.6,0.2229,160,0.16164383561643836,-0.13715678505204018,2510.0,6.449999999999999
3843,6.5,6.8,0.2218,20,0.16164383561643836,-0.1351667346440302,2515.0,6.65
3844,6.7,7.0,0.2207,615,0.16164383561643836,-0.13318063667240068,2520.0,6.85
3845,6.8,7.1,0.2189,0,0.16164383561643836,-0.1311984754684095,2525.0,6.949999999999999
3846,7.0,7.3,0.2177,0,0.16164383561643836,-0.1292202354563038,2530.0,7.15
3847,7.2,7.5,0.2164,20,0.16164383561643836,-0.12724590115258622,2535.0,7.35
3848,7.4,7.7,0.2152,0,0.16164383561643836,-0.1252754571652875,2540.0,7.550000000000001
3849,7.5,7.9,0.2135,0,0.16164383561643836,-0.12330888819324655,2545.0,7.7
3850,7.7,8.1,0.2122,0,0.16164383561643836,-0.12134617902539786,2550.0,7.9
3851,7.9,8.3,0.2108,0,0.16164383561643836,-0.11938731454006492,2555.0,8.100000000000001
3852,8.1,8.5,0.2094,0,0.16164383561643836,-0.11743227970426158,2560.0,8.3
3853,8.3,8.7,0.208,0,0.16164383561643836,-0.11548105957299987,2565.0,8.5
3854,8.6,8.9,0.2068,22,0.16164383561643836,-0.11353363928860419,2570.0,8.75
3855,8.8,9.1,0.2053,0,0.16164383561643836,-0.11159000408003318,2575.0,8.95
3856,9.0,9.4,0.204,0,0.16164383561643836,-0.10965013926220661,2580.0,9.2
3857,9.2,9.6,0.2024,0,0.16164383561643836,-0.10771403023534024,2585.0,9.399999999999999
3858,9.5,9.9,0.2013,23,0.16164383561643836,-0.10578166248428633,2590.0,9.7
3859,9.7,10.1,0.1997,0,0.16164383561643836,-0.10385302157788065,2595.0,9.899999999999999
3860,10.0,10.4,0.1985,15002,0.16164383561643836,-0.10192809316829628,2600.0,10.2
3861,10.3,10.6,0.197,0,0.16164383561643836,-0.10000686299040243,2605.0,10.45
3862,10.5,10.9,0.1955,0,0.16164383561643836,-0.09808931686113065,2610.0,10.7
3863,10.8,11.2,0.1942,92,0.16164383561643836,-0.0961754406788465,2615.0,11.0
3864,11.1,11.5,0.1928,23,0.16164383561643836,-0.09426522042272713,2620.0,11.3
3865,11.4,11.8,0.1914,1217,0.16164383561643836,-0.09235864215214558,2625.0,11.600000000000001
3866,11.7,12.1,0.19,0,0.16164383561643836,-0.09045569200605948,2630.0,11.899999999999999
3867,12.0,12.4,0.1885,0,0.16164383561643836,-0.08855635620240704,2635.0,12.2
3868,12.4,12.7,0.1872,0,0.16164383561643836,-0.08666062103750792,2640.0,12.55
3869,12.7,13.1,0.1858,0,0.16164383561643836,-0.08476847288546992,2645.0,12.899999999999999
3870,13.1,13.4,0.1844,1,0.16164383561643836,-0.0828798981976018,2650.0,13.25
3871,13.4,13.8,0.183,4,0.16164383561643836,-0.08099488350183051,2655.0,13.600000000000001
3872,13.8,14.2,0.1817,0,0.16164383561643836,-0.07911341540212498,2660.0,14.0
3873,14.2,14.6,0.1803,0,0.16164383561643836,-0.07723548057792484,2665.0,14.399999999999999
3874,14.6,15.0,0.1789,0,0.16164383561643836,-0.07536106578357445,2670.0,14.8
3875,15.0,15.4,0.1775,125,0.16164383561643836,-0.07349015784776276,2675.0,15.2
3876,15.4,15.8,0.1759,4,0.16164383561643836,-0.07162274367296735,2680.0,15.600000000000001
3877,15.8,16.2,0.1744,0,0.16164383561643836,-0.06975881023490467,2685.0,16.0
3878,16.3,16.7,0.1731,0,0.16164383561643836,-0.06789834458198497,2690.0,16.5
3879,16.8,17.2,0.1718,0,0.16164383561643836,-0.06604133383477213,2695.0,17.0
3880,17.3,17.7,0.1705,125,0.16164383561643836,-0.06418776518544925,2700.0,17.5
3881,17.8,18.2,0.169,6,0.16164383561643836,-0.062337625897287814,2705.0,18.0
3882,18.3,18.7,0.1676,10,0.16164383561643836,-0.06049090330412315,2710.0,18.5
3883,18.8,19.2,0.166,0,0.16164383561643836,-0.058647584809833946,2715.0,19.0
3884,19.4,19.8,0.1647,0,0.16164383561643836,-0.05680765788782678,2720.0,19.6
3885,19.9,20.4,0.1632,495,0.16164383561643836,-0.054971110080525236,2725.0,20.15
3886,20.5,21.0,0.1618,0,0.16164383561643836,-0.0531379289988643,2730.0,20.75
3887,21.1,21.6,0.1604,0,0.16164383561643836,-0.05130810232178815,2735.0,21.35
3888,21.8,22.2,0.159,14517,0.16164383561643836,-0.04948161779575385,2740.0,22.0
3889,22.4,22.9,0.1575,0,0.16164383561643836,-0.04765846323423877,2745.0,22.65
3890,23.1,23.6,0.1561,246,0.16164383561643836,-0.045838626517252706,2750.0,23.35
3891,23.8,24.3,0.1547,1,0.16164383561643836,-0.04402209559085485,2755.0,24.05
3892,24.6,25.0,0.1533,331,0.16164383561643836,-0.04220885846667405,2760.0,24.8
3893,25.3,25.8,0.1518,300,0.16164383561643836,-0.04039890322143458,2765.0,25.55
3894,26.1,26.6,0.1504,0,0.16164383561643836,-0.038592217996485594,2770.0,26.35
3895,27.0,27.3,0.1489,660,0.16164383561643836,-0.0367887909973348,2775.0,27.15
3896,27.8,28.2,0.1475,2,0.16164383561643836,-0.03498861049318696,2780.0,28.0
3897,28.7,29.1,0.1461,1,0.16164383561643836,-0.03319166481648533,2785.0,28.9
3898,29.6,30.0,0.1446,1,0.16164383561643836,-0.03139794236245844,2790.0,29.8
3899,30.5,30.9,0.1431,0,0.16164383561643836,-0.02960743158867024,2795.0,30.7
3900,31.5,31.9,0.1417,2,0.16164383561643836,-0.027820121014574394,2800.0,31.7
3901,32.5,33.0,0.1403,0,0.16164383561643836,-0.026035999221073018,2805.0,32.75
3902,33.6,34.0,0.1388,200,0.16164383561643836,-0.02425505485007828,2810.0,33.8
3903,34.7,35.1,0.1374,6,0.16164383561643836,-0.022477276604078996,2815.0,34.900000000000006
3904,35.8,36.3,0.1359,6,0.16164383561643836,-0.020702653245710502,2820.0,36.05
3905,37.0,37.4,0.1344,10,0.16164383561643836,-0.018931173597328366,2825.0,37.2
3906,38.2,38.7,0.133,2,0.16164383561643836,-0.017162826540586398,2830.0,38.45
3907,39.5,40.0,0.1316,0,0.16164383561643836,-0.015397601016017283,2835.0,39.75
3908,40.8,41.3,0.1301,0,0.16164383561643836,-0.013635486022618026,2840.0,41.05
3909,42.2,42.7,0.1287,0,0.16164383561643836,-0.011876470617438477,2845.0,42.45
3910,43.7,44.1,0.1273,1,0.16164383561643836,-0.010120543915173473,2850.0,43.900000000000006
3911,45.2,45.6,0.1258,21,0.16164383561643836,-0.008367695087759114,2855.0,45.400000000000006
3912,46.7,47.2,0.1244,202,0.16164383561643836,-0.006617913363971453,2860.0,46.95
3913,48.4,48.8,0.123,0,0.16164383561643836,-0.00487118802902981,2865.0,48.599999999999994
3914,50.1,50.5,0.1216,4,0.16164383561643836,-0.0031275084242029776,2870.0,50.3
3915,51.8,52.3,0.1202,0,0.16164383561643836,-0.0013868639464188668,2875.0,52.05
3916,53.7,54.2,0.1189,37,0.16164383561643836,0.0003507559521219104,2880.0,53.95
3917,55.6,56.1,0.1175,249,0.16164383561643836,0.0020853617643302107,2885.0,55.85
3918,57.6,58.1,0.1162,9,0.16164383561643836,0.003816963928608097,2890.0,57.85
3919,59.7,60.2,0.1149,0,0.16164383561643836,0.005545572829225849,2895.0,59.95
3920,61.8,62.3,0.1134,100,0.16164383561643836,0.007271198796695605,2900.0,62.05
3921,64.1,64.6,0.1122,0,0.16164383561643836,0.00899385210814179,2905.0,64.35
3922,66.5,67.0,0.1111,0,0.16164383561643836,0.010713542987668584,2910.0,66.75
3923,68.9,69.4,0.1097,0,0.16164383561643836,0.012430281606723118,2915.0,69.15
3924,71.4,72.0,0.1086,37,0.16164383561643836,0.014144078084457773,2920.0,71.7
3925,74.1,74.6,0.1074,1,0.16164383561643836,0.01585494248808719,2925.0,74.35
3926,76.8,77.3,0.1062,23,0.16164383561643836,0.017562884833243288,2930.0,77.05
3927,79.7,80.2,0.1052,47,0.16164383561643836,0.0192679150843271,2935.0,79.95
3928,82.6,83.2,0.1041,0,0.16164383561643836,0.02097004315485755,2940.0,82.9
3929,85.7,86.2,0.1031,0,0.16164383561643836,0.022669278907817315,2945.0,85.95
3930,88.9,89.4,0.1022,0,0.16164383561643836,0.02436563215599572,2950.0,89.15
3931,92.2,92.7,0.1013,0,0.16164383561643836,0.026059112662328764,2955.0,92.45
3932,95.5,96.1,0.1004,0,0.16164383561643836,0.027749730140236226,2960.0,95.8
3933,98.6,100.3,0.1,0,0.16164383561643836,0.02943749425395619,2965.0,99.44999999999999
3934,102.1,103.9,0.0992,0,0.16164383561643836,0.031122414618875646,2970.0,103.0
3935,105.9,107.7,0.0988,0,0.16164383561643836,0.03280450080186045,2975.0,106.80000000000001
3936,109.5,111.4,0.0978,0,0.16164383561643836,0.03448376232158044,2980.0,110.45
3937,113.5,115.3,0.0975,0,0.16164383561643836,0.036160208648832744,2985.0,114.4
3938,117.3,119.3,0.0968,0,0.16164383561643836,0.03783384920686237,2990.0,118.3
3939,121.3,123.3,0.0962,0,0.16164383561643836,0.03950469337167996,2995.0,122.3
3940,125.6,127.5,0.0962,0,0.16164383561643836,0.04117275047237696,3000.0,126.55
3941,129.8,131.8,0.0961,0,0.16164383561643836,0.04283802979143815,3005.0,130.8
3942,134.0,136.0,0.0956,0,0.16164383561643836,0.04450054056505159,3010.0,135.0
3943,138.4,140.4,0.0957,0,0.16164383561643836,0.04616029198341618,3015.0,139.4
3944,142.6,144.7,0.095,0,0.16164383561643836,0.04781729319104567,3020.0,143.64999999999998
3945,147.0,149.1,0.0946,0,0.16164383561643836,0.04947155328707216,3025.0,148.05
3946,151.5,153.6,0.0946,0,0.16164383561643836,0.051123081325545126,3030.0,152.55
3947,156.2,158.2,0.0951,0,0.16164383561643836,0.05277188631572892,3035.0,157.2
3948,160.7,162.8,0.095,0,0.16164383561643836,0.05441797722239764,3040.0,161.75
3949,169.8,171.9,0.0941,0,0.16164383561643836,0.05770205242358753,3050.0,170.85000000000002
3950,179.4,181.6,0.0962,0,0.16164383561643836,0.06097537776855663,3060.0,180.5
3951,193.5,195.7,0.0956,0,0.16164383561643836,0.06586536306274857,3075.0,194.6
3952,217.7,219.9,0.0977,0,0.16164383561643836,0.07396257329536783,3100.0,218.8
3953,238.0,249.4,0.1065,0,0.16164383561643836,0.08199474499263221,3125.0,243.7
3954,262.8,274.2,0.1137,0,0.16164383561643836,0.08996291464180897,3150.0,268.5
3955,287.0,298.4,0.1095,0,0.16164383561643836,0.09786809414892235,3175.0,292.7
3956,311.7,323.1,0.1114,0,0.16164383561643836,0.10571127160994814,3200.0,317.4
3957,361.3,372.7,0.1172,0,0.16164383561643836,0.1212154581459134,3250.0,367.0
3958,410.8,422.2,0.0,0,0.16164383561643836,0.13648293027670183,3300.0,416.5
3959,510.4,521.8,0.0,0,0.16164383561643836,0.166335893426383,3400.0,516.0999999999999
3961,0.05,0.15,0.7382,1311,0.2,-1.0574395381957327,1000.0,0.1
3963,0.05,0.15,0.674,214,0.2,-0.9621293583914078,1100.0,0.1
3965,0.1,0.15,0.6547,40,0.2,-0.917677595820574,1150.0,0.125
3967,0.1,0.2,0.6357,220,0.2,-0.875117981401778,1200.0,0.15000000000000002
3969,0.1,0.2,0.6205,280,0.2,-0.8544986941990423,1225.0,0.15000000000000002
3971,0.1,0.25,0.6147,470,0.2,-0.8342959868815228,1250.0,0.175
3973,0.15,0.25,0.6076,172,0.2,-0.8144933595853432,1275.0,0.2
3975,0.15,0.25,0.5942,148,0.2,-0.7950752737282416,1300.0,0.2
3977,0.15,0.3,0.5865,220,0.2,-0.7760270787575471,1325.0,0.22499999999999998
3979,0.2,0.3,0.5788,7,0.2,-0.7573349457453945,1350.0,0.25
3981,0.2,0.3,0.5656,30,0.2,-0.738985807077198,1375.0,0.25
3983,0.2,0.35,0.557,221,0.2,-0.7209673015745197,1400.0,0.275
3985,0.25,0.35,0.5488,17,0.2,-0.7032677244751188,1425.0,0.3
3987,0.25,0.35,0.536,2,0.2,-0.6858759817632497,1450.0,0.3
3989,0.25,0.4,0.5273,158,0.2,-0.6687815484039495,1475.0,0.325
3991,0.3,0.4,0.5188,495,0.2,-0.6519744300875684,1500.0,0.35
3993,0.3,0.45,0.5098,50,0.2,-0.6354451281363578,1525.0,0.375
3995,0.35,0.45,0.5007,30,0.2,-0.6191846072645775,1550.0,0.4
3997,0.35,0.5,0.4915,127,0.2,-0.6031842659181363,1575.0,0.425
3999,0.4,0.5,0.4824,191,0.2,-0.5874359089499972,1600.0,0.45
4001,0.4,0.5,0.4707,49,0.2,-0.5719317224140319,1625.0,0.45
4003,0.45,0.55,0.4638,310,0.2,-0.5566642502832435,1650.0,0.5
4005,0.45,0.6,0.4547,117,0.2,-0.541626372918703,1675.0,0.525
4007,0.5,0.6,0.4454,271,0.2,-0.5268112871335623,1700.0,0.55
4009,0.55,0.65,0.438,123,0.2,-0.5122124877124096,1725.0,0.6000000000000001
4011,0.6,0.7,0.4303,329,0.2,-0.49782375026031,1750.0,0.6499999999999999
4013,0.6,0.75,0.4209,2477,0.2,-0.48363911526835357,1775.0,0.675
4015,0.65,0.8,0.413,2914,0.2,-0.4696528732936137,1800.0,0.7250000000000001
4017,0.7,0.8,0.4035,166,0.2,-0.45585955116127785,1825.0,0.75
4019,0.75,0.85,0.3953,154,0.2,-0.4422538991054992,1850.0,0.8
4021,0.8,0.95,0.3884,72,0.2,-0.42883087877335857,1875.0,0.875
4023,0.9,1.0,0.3811,664,0.2,-0.4155856520233379,1900.0,0.95
4025,0.95,1.05,0.3748,0,0.2,-0.40511435215604247,1920.0,1.0
4027,0.95,1.05,0.3726,476,0.2,-0.4025135704559851,1925.0,1.0
4029,0.95,1.1,0.3716,0,0.2,-0.39991953527893853,1930.0,1.025
4031,1.0,1.1,0.3683,0,0.2,-0.39475156512049586,1940.0,1.05
4033,1.05,1.15,0.3661,305,0.2,-0.3896101656200773,1950.0,1.1
4035,1.1,1.2,0.3637,25,0.2,-0.3844950649533069,1960.0,1.15
4037,1.1,1.2,0.3594,152,0.2,-0.37940599544583553,1970.0,1.15
4039,1.15,1.25,0.3591,86,0.2,-0.3768711398426475,1975.0,1.2
4041,1.15,1.25,0.357,0,0.2,-0.37434269348928884,1980.0,1.2
4043,1.2,1.3,0.3545,50,0.2,-0.3693048994593316,1990.0,1.25
4045,1.25,1.35,0.3519,279,0.2,-0.3642923576357874,2000.0,1.3
4047,1.25,1.4,0.3485,10,0.2,-0.35930481612474835,2010.0,1.325
4049,1.3,1.4,0.345,0,0.2,-0.3543420267826193,2020.0,1.35
4051,1.35,1.45,0.3445,117,0.2,-0.35186983763723023,2025.0,1.4
4053,1.35,1.45,0.3424,0,0.2,-0.34940374514203676,2030.0,1.4
4055,1.4,1.5,0.3397,0,0.2,-0.3444897303396076,2040.0,1.45
4057,1.45,1.55,0.3369,253,0.2,-0.33959974504541585,2050.0,1.5
4059,1.5,1.6,0.3341,71,0.2,-0.33473355539424304,2060.0,1.55
4061,1.55,1.65,0.3312,132,0.2,-0.32989093091845495,2070.0,1.6
4063,1.6,1.7,0.3304,196,0.2,-0.32747838451307104,2075.0,1.65
4065,1.6,1.7,0.3282,212,0.2,-0.3250716444825061,2080.0,1.65
4067,1.65,1.8,0.326,0,0.2,-0.320275472219013,2090.0,1.725
4069,1.75,1.85,0.3236,1103,0.2,-0.3155021934663554,2100.0,1.8
4071,1.8,1.9,0.3205,303,0.2,-0.3107515907077576,2110.0,1.85
4073,1.85,2.0,0.318,37,0.2,-0.30602344951181154,2120.0,1.925
4075,1.9,2.0,0.3164,371,0.2,-0.3036677358193525,2125.0,1.95
4077,1.95,2.05,0.3154,88,0.2,-0.30131755847439895,2130.0,2.0
4079,2.0,2.1,0.3122,87,0.2,-0.2966337091619725,2140.0,2.05
4081,2.1,2.2,0.3101,693,0.2,-0.29197169605616125,2150.0,2.1500000000000004
4083,2.15,2.3,0.3073,56,0.2,-0.2873313164996591,2160.0,2.2249999999999996
4085,2.25,2.35,0.3045,13,0.2,-0.28271237064336446,2170.0,2.3
4087,2.3,2.4,0.3034,276,0.2,-0.28041087365508527,2175.0,2.3499999999999996
4089,2.35,2.45,0.3022,272,0.2,-0.27811466139473506,2180.0,2.4000000000000004
4091,2.45,2.55,0.2997,31,0.2,-0.2735379943673232,2190.0,2.5
4093,2.45,2.6,0.298,13,0.2,-0.27125749166859797,2195.0,2.5250000000000004
4095,2.5,2.65,0.2967,479,0.2,-0.2689821778314625,2200.0,2.575
4097,2.55,2.7,0.2954,96,0.2,-0.2667120292969234,2205.0,2.625
4099,2.6,2.75,0.2941,14,0.2,-0.2644470226660713,2210.0,2.675
4101,2.65,2.8,0.2928,168,0.2,-0.26218713469863364,2215.0,2.7249999999999996
4103,2.7,2.85,0.2915,186,0.2,-0.25993234231154455,2220.0,2.7750000000000004
4105,2.75,2.9,0.2901,502,0.2,-0.2576826225775291,2225.0,2.825
4107,2.85,2.95,0.2891,36,0.2,-0.2554379527237053,2230.0,2.9000000000000004
4109,2.9,3.0,0.2877,137,0.2,-0.25319831013020055,2235.0,2.95
4111,2.95,3.1,0.2867,71,0.2,-0.25096367232878414,2240.0,3.0250000000000004
4113,3.0,3.2,0.2857,167,0.2,-0.248734017001515,2245.0,3.1
4115,3.0,3.2,0.2835,291,0.2,-0.2465093219794039,2250.0,3.1
4117,3.1,3.3,0.2828,52,0.2,-0.24428956524109102,2255.0,3.2
4119,3.2,3.3,0.2813,16,0.2,-0.2420747249115382,2260.0,3.25
4121,3.2,3.4,0.2798,50,0.2,-0.23986477926073527,2265.0,3.3
4123,3.3,3.5,0.279,320,0.2,-0.23765970670242131,2270.0,3.4
4125,3.4,3.5,0.2775,100,0.2,-0.23545948579281892,2275.0,3.45
4127,3.4,3.6,0.276,50,0.2,-0.2332640952293833,2280.0,3.5
4129,3.5,3.7,0.2751,60,0.2,-0.2310735138495647,2285.0,3.6
4131,3.6,3.8,0.2742,22,0.2,-0.22888772062958446,2290.0,3.7
4133,3.6,3.8,0.272,0,0.2,-0.22670669468322416,2295.0,3.7
4135,3.7,3.9,0.271,1583,0.2,-0.22453041526062864,2300.0,3.8
4137,3.8,4.0,0.27,67,0.2,-0.22235886174712086,2305.0,3.9
4139,3.9,4.1,0.269,650,0.2,-0.22019201366203053,2310.0,4.0
4141,4.0,4.1,0.2674,159,0.2,-0.21802985065753533,2315.0,4.05
4143,4.0,4.2,0.2658,60,0.2,-0.21587235251751405,2320.0,4.1
4145,4.1,4.3,0.2647,172,0.2,-0.21371949915641303,2325.0,4.199999999999999
4147,4.2,4.4,0.2636,36,0.2,-0.21157127061812347,2330.0,4.300000000000001
4149,4.3,4.5,0.2624,24,0.2,-0.20942764707487208,2335.0,4.4
4151,4.4,4.6,0.2613,44,0.2,-0.20728860882612268,2340.0,4.5
4153,4.5,4.7,0.2601,41,0.2,-0.20515413629748994,2345.0,4.6
4155,4.6,4.8,0.2589,195,0.2,-0.20302421003966506,2350.0,4.699999999999999
4157,4.7,4.9,0.2576,95,0.2,-0.2008988107273516,2355.0,4.800000000000001
4159,4.8,5.0,0.2564,47,0.2,-0.198777919158214,2360.0,4.9
4161,4.9,5.1,0.2551,32,0.2,-0.19666151625183645,2365.0,5.0
4163,5.0,5.2,0.2538,73,0.2,-0.1945495830486928,2370.0,5.1
4165,5.1,5.3,0.2525,604,0.2,-0.19244210070912812,2375.0,5.199999999999999
4167,5.2,5.4,0.2511,55,0.2,-0.19033905051234934,2380.0,5.300000000000001
4169,5.3,5.5,0.2498,12,0.2,-0.18824041385542817,2385.0,5.4
4171,5.5,5.7,0.2493,26,0.2,-0.18614617225231345,2390.0,5.6
4173,5.6,5.8,0.2479,23,0.2,-0.18405630733285408,2395.0,5.699999999999999
4175,5.7,5.9,0.2464,592,0.2,-0.1819708008418327,2400.0,5.800000000000001
4177,5.8,6.0,0.245,69,0.2,-0.17988963463800817,2405.0,5.9
4179,5.9,6.1,0.2435,33,0.2,-0.17781279069316908,2410.0,6.0
4181,6.1,6.3,0.2428,59,0.2,-0.17574025109119673,2415.0,6.199999999999999
4183,6.2,6.4,0.2413,40,0.2,-0.1736719980271376,2420.0,6.300000000000001
4185,6.3,6.5,0.2398,120,0.2,-0.17160801380628612,2425.0,6.4
4187,6.5,6.7,0.239,82,0.2,-0.16954828084327558,2430.0,6.6
4189,6.6,6.8,0.2374,78,0.2,-0.1674927816611796,2435.0,6.699999999999999
4191,6.8,7.0,0.2366,67,0.2,-0.16544149889062224,2440.0,6.9
4193,6.9,7.1,0.2349,65,0.2,-0.16339441526889728,2445.0,7.0
4195,7.1,7.3,0.234,455,0.2,-0.16135151363909703,2450.0,7.199999999999999
4197,7.2,7.4,0.2324,14,0.2,-0.15931277694924878,2455.0,7.300000000000001
4199,7.4,7.6,0.2314,62,0.2,-0.15727818825146125,2460.0,7.5
4201,7.6,7.8,0.2304,137,0.2,-0.1552477307010793,2465.0,7.699999999999999
4203,7.7,7.9,0.2287,107,0.2,-0.1532213875558468,2470.0,7.800000000000001
4205,7.9,8.1,0.2276,440,0.2,-0.15119914217507902,2475.0,8.0
4207,8.1,8.3,0.2265,126,0.2,-0.14918097801884186,2480.0,8.2
4209,8.3,8.5,0.2254,36,0.2,-0.14716687864714065,2485.0,8.4
4211,8.5,8.7,0.2242,101,0.2,-0.14515682771911648,2490.0,8.6
4213,8.7,8.9,0.223,100,0.2,-0.14315080899225063,2495.0,8.8
4215,8.8,9.1,0.2214,304,0.2,-0.14114880632157759,2500.0,8.95
4217,9.0,9.3,0.2202,67,0.2,-0.13915080365890456,2505.0,9.15
4219,9.3,9.5,0.2192,206,0.2,-0.13715678505204018,2510.0,9.4
4221,9.5,9.7,0.2178,230,0.2,-0.1351667346440302,2515.0,9.6
4223,9.7,9.9,0.2165,32,0.2,-0.13318063667240068,2520.0,9.8
4225,9.9,10.1,0.2151,359,0.2,-0.1311984754684095,2525.0,10.0
4227,10.1,10.4,0.214,138,0.2,-0.1292202354563038,2530.0,10.25
4229,10.4,10.6,0.2128,43,0.2,-0.12724590115258622,2535.0,10.5
4231,10.6,10.8,0.2113,19,0.2,-0.1252754571652875,2540.0,10.7
4233,10.9,11.1,0.2104,182,0.2,-0.12330888819324655,2545.0,11.0
4235,11.1,11.3,0.2088,319,0.2,-0.12134617902539786,2550.0,11.2
4237,11.4,11.6,0.2078,104,0.2,-0.11938731454006492,2555.0,11.5
4239,11.6,11.9,0.2064,55,0.2,-0.11743227970426158,2560.0,11.75
4241,11.9,12.1,0.2051,41,0.2,-0.11548105957299987,2565.0,12.0
4243,12.2,12.4,0.2039,115,0.2,-0.11353363928860419,2570.0,12.3
4245,12.5,12.7,0.2027,555,0.2,-0.11159000408003318,2575.0,12.6
4247,12.8,13.0,0.2014,218,0.2,-0.10965013926220661,2580.0,12.9
4249,13.1,13.3,0.2002,63,0.2,-0.10771403023534024,2585.0,13.2
4251,13.4,13.6,0.1988,46,0.2,-0.10578166248428633,2590.0,13.5
4253,13.7,13.9,0.1975,107,0.2,-0.10385302157788065,2595.0,13.8
4255,14.0,14.2,0.1961,1182,0.2,-0.10192809316829628,2600.0,14.1
4257,14.4,14.6,0.1951,149,0.2,-0.10000686299040243,2605.0,14.5
4259,14.7,14.9,0.1936,65,0.2,-0.09808931686113065,2610.0,14.8
4261,15.1,15.3,0.1926,121,0.2,-0.0961754406788465,2615.0,15.2
4263,15.4,15.7,0.1912,104,0.2,-0.09426522042272713,2620.0,15.55
4265,15.8,16.0,0.1898,4030,0.2,-0.09235864215214558,2625.0,15.9
4267,16.2,16.4,0.1886,1030,0.2,-0.09045569200605948,2630.0,16.299999999999997
4269,16.6,16.8,0.1874,118,0.2,-0.08855635620240704,2635.0,16.700000000000003
4271,17.0,17.2,0.1861,114,0.2,-0.08666062103750792,2640.0,17.1
4273,17.4,17.7,0.1849,71,0.2,-0.08476847288546992,2645.0,17.549999999999997
4275,17.9,18.1,0.1837,769,0.2,-0.0828798981976018,2650.0,18.0
4277,18.3,18.5,0.1822,168,0.2,-0.08099488350183051,2655.0,18.4
4279,18.8,19.0,0.1811,212,0.2,-0.07911341540212498,2660.0,18.9
4281,19.2,19.5,0.1797,143,0.2,-0.07723548057792484,2665.0,19.35
4283,19.7,20.0,0.1785,134,0.2,-0.07536106578357445,2670.0,19.85
4285,20.2,20.5,0.1772,396,0.2,-0.07349015784776276,2675.0,20.35
4287,20.7,21.0,0.1759,196,0.2,-0.07162274367296735,2680.0,20.85
4289,21.3,21.5,0.1747,104,0.2,-0.06975881023490467,2685.0,21.4
4291,21.8,22.1,0.1734,145,0.2,-0.06789834458198497,2690.0,21.950000000000003
4293,22.4,22.6,0.1721,108,0.2,-0.06604133383477213,2695.0,22.5
4295,22.9,23.2,0.1707,761,0.2,-0.06418776518544925,2700.0,23.049999999999997
4297,23.5,23.8,0.1695,200,0.2,-0.062337625897287814,2705.0,23.65
4299,24.1,24.4,0.1682,128,0.2,-0.06049090330412315,2710.0,24.25
4301,24.8,25.0,0.1669,106,0.2,-0.058647584809833946,2715.0,24.9
4303,25.4,25.7,0.1656,220,0.2,-0.05680765788782678,2720.0,25.549999999999997
4305,26.1,26.4,0.1644,810,0.2,-0.054971110080525236,2725.0,26.25
4307,26.7,27.0,0.1629,231,0.2,-0.0531379289988643,2730.0,26.85
4309,27.4,27.7,0.1616,321,0.2,-0.05130810232178815,2735.0,27.549999999999997
4311,28.2,28.5,0.1604,5310,0.2,-0.04948161779575385,2740.0,28.35
4313,28.9,29.2,0.159,226,0.2,-0.04765846323423877,2745.0,29.049999999999997
4315,29.7,30.0,0.1578,1816,0.2,-0.045838626517252706,2750.0,29.85
4317,30.5,30.8,0.1564,226,0.2,-0.04402209559085485,2755.0,30.65
4319,31.3,31.6,0.1551,272,0.2,-0.04220885846667405,2760.0,31.450000000000003
4321,32.2,32.4,0.1538,374,0.2,-0.04039890322143458,2765.0,32.3
4323,33.0,33.3,0.1524,264,0.2,-0.038592217996485594,2770.0,33.15
4325,33.9,34.2,0.1511,606,0.2,-0.0367887909973348,2775.0,34.05
4327,34.9,35.1,0.1498,303,0.2,-0.03498861049318696,2780.0,35.0
4329,35.8,36.1,0.1484,170,0.2,-0.03319166481648533,2785.0,35.95
4331,36.8,37.1,0.1471,198,0.2,-0.03139794236245844,2790.0,36.95
4333,37.8,38.1,0.1457,247,0.2,-0.02960743158867024,2795.0,37.95
4335,38.9,39.1,0.1444,705,0.2,-0.027820121014574394,2800.0,39.0
4337,39.9,40.2,0.143,399,0.2,-0.026035999221073018,2805.0,40.05
4339,41.1,41.4,0.1418,302,0.2,-0.02425505485007828,2810.0,41.25
4341,42.2,42.5,0.1403,98,0.2,-0.022477276604078996,2815.0,42.35
4343,43.4,43.7,0.139,61,0.2,-0.020702653245710502,2820.0,43.55
4345,44.7,45.0,0.1378,502,0.2,-0.018931173597328366,2825.0,44.85
4347,46.0,46.3,0.1365,241,0.2,-0.017162826540586398,2830.0,46.15
4349,47.3,47.6,0.1351,605,0.2,-0.015397601016017283,2835.0,47.45
4351,48.7,49.0,0.1338,187,0.2,-0.013635486022618026,2840.0,48.85
4353,50.1,50.4,0.1324,78,0.2,-0.011876470617438477,2845.0,50.25
4355,51.5,51.9,0.1311,292,0.2,-0.010120543915173473,2850.0,51.7
4357,53.1,53.4,0.1298,156,0.2,-0.008367695087759114,2855.0,53.25
4359,54.7,55.0,0.1285,276,0.2,-0.006617913363971453,2860.0,54.85
4361,56.3,56.6,0.1271,151,0.2,-0.00487118802902981,2865.0,56.45
4363,58.0,58.3,0.1258,255,0.2,-0.0031275084242029776,2870.0,58.15
4365,59.7,60.1,0.1245,215,0.2,-0.0013868639464188668,2875.0,59.900000000000006
4367,61.6,61.9,0.1233,77,0.2,0.0003507559521219104,2880.0,61.75
4369,63.4,63.8,0.122,168,0.2,0.0020853617643302107,2885.0,63.599999999999994
4371,65.4,65.7,0.1207,116,0.2,0.003816963928608097,2890.0,65.55000000000001
4373,67.4,67.8,0.1195,91,0.2,0.005545572829225849,2895.0,67.6
4375,69.5,69.9,0.1183,265,0.2,0.007271198796695605,2900.0,69.7
4377,71.7,72.0,0.117,69,0.2,0.00899385210814179,2905.0,71.85
4379,73.9,74.3,0.1158,27,0.2,0.010713542987668584,2910.0,74.1
4381,76.3,76.6,0.1147,32,0.2,0.012430281606723118,2915.0,76.44999999999999
4383,78.7,79.1,0.1136,50,0.2,0.014144078084457773,2920.0,78.9
4385,81.2,81.6,0.1125,49,0.2,0.01585494248808719,2925.0,81.4
4387,83.8,84.2,0.1114,28,0.2,0.017562884833243288,2930.0,84.0
4389,86.5,86.8,0.1102,12,0.2,0.0192679150843271,2935.0,86.65
4391,89.2,89.6,0.1091,12,0.2,0.02097004315485755,2940.0,89.4
4393,92.1,92.5,0.1082,3,0.2,0.022669278907817315,2945.0,92.3
4395,95.1,95.4,0.1072,9,0.2,0.02436563215599572,2950.0,95.25
4397,98.1,98.5,0.1063,9,0.2,0.026059112662328764,2955.0,98.3
4399,101.2,101.6,0.1053,1,0.2,0.027749730140236226,2960.0,101.4
4401,104.5,104.9,0.1046,2,0.2,0.02943749425395619,2965.0,104.7
4403,107.8,108.2,0.1037,2,0.2,0.031122414618875646,2970.0,108.0
4405,111.2,111.6,0.1028,5,0.2,0.03280450080186045,2975.0,111.4
4407,114.3,115.8,0.1024,11,0.2,0.03448376232158044,2980.0,115.05
4409,117.9,119.4,0.1018,1,0.2,0.036160208648832744,2985.0,118.65
4411,121.6,123.2,0.1013,0,0.2,0.03783384920686237,2990.0,122.4
4413,125.3,126.9,0.1005,0,0.2,0.03950469337167996,2995.0,126.1
4415,129.2,130.7,0.1,42,0.2,0.04117275047237696,3000.0,129.95
4417,133.1,134.6,0.0994,0,0.2,0.04283802979143815,3005.0,133.85
4419,137.0,138.8,0.0991,0,0.2,0.04450054056505159,3010.0,137.9
4421,141.2,142.9,0.0989,0,0.2,0.04616029198341618,3015.0,142.05
4423,145.3,147.1,0.0986,0,0.2,0.04781729319104567,3020.0,146.2
4425,149.5,151.3,0.0982,0,0.2,0.04947155328707216,3025.0,150.4
4427,153.8,155.6,0.0981,0,0.2,0.051123081325545126,3030.0,154.7
4429,158.1,159.9,0.0978,0,0.2,0.05277188631572892,3035.0,159.0
4431,162.4,164.3,0.0976,0,0.2,0.05441797722239764,3040.0,163.35000000000002
4433,166.7,168.6,0.0969,0,0.2,0.05606136296612764,3045.0,167.64999999999998
4435,171.4,173.0,0.0972,0,0.2,0.05770205242358753,3050.0,172.2
4437,175.9,177.6,0.0973,0,0.2,0.059340054427825896,3055.0,176.75
4439,180.4,182.3,0.0975,0,0.2,0.06097537776855663,3060.0,181.35000000000002
4441,185.0,186.9,0.0976,0,0.2,0.06260803119244214,3065.0,185.95
4443,189.6,191.6,0.0979,0,0.2,0.06423802340337319,3070.0,190.6
4445,194.2,196.2,0.0977,0,0.2,0.06586536306274857,3075.0,195.2
4447,198.8,200.9,0.0977,0,0.2,0.06749005878975045,3080.0,199.85000000000002
4449,203.5,205.6,0.0979,0,0.2,0.06911211916161847,3085.0,204.55
4451,208.1,210.1,0.0969,0,0.2,0.07073155271392141,3090.0,209.1
4453,212.9,214.9,0.0974,0,0.2,0.07234836794082672,3095.0,213.9
4455,217.9,219.6,0.0983,5,0.2,0.07396257329536783,3100.0,218.75
4457,222.5,224.7,0.0991,0,0.2,0.07557417718970934,3105.0,223.6
4459,227.3,229.5,0.0994,0,0.2,0.07718318799541,3110.0,228.4
4461,233.2,243.2,0.1015,1,0.2,0.08039346362565838,3120.0,238.2
4463,238.1,249.1,0.1066,1,0.2,0.08199474499263221,3125.0,243.6
4465,242.5,253.7,0.1043,0,0.2,0.08359346635632921,3130.0,248.1
4467,252.2,263.3,0.1047,0,0.2,0.08678326172442932,3140.0,257.75
4469,261.6,272.8,0.1024,0,0.2,0.08996291464180897,3150.0,267.20000000000005
4471,271.7,282.8,0.1066,0,0.2,0.09313248940308798,3160.0,277.25
4473,281.1,292.3,0.1028,0,0.2,0.09629204969345664,3170.0,286.70000000000005
4475,285.9,297.3,0.103,0,0.2,0.09786809414892235,3175.0,291.6
4477,291.0,302.3,0.1057,0,0.2,0.09944165859635283,3180.0,296.65
4479,310.6,322.0,0.1068,0,0.2,0.10571127160994814,3200.0,316.3
4481,335.3,346.7,0.1094,0,0.2,0.1134934120520032,3225.0,341.0
4483,360.1,371.4,0.1122,0,0.2,0.1212154581459134,3250.0,365.75
4485,384.8,396.2,0.1137,0,0.2,0.12887833089148262,3275.0,390.5
4487,409.6,421.0,0.1157,0,0.2,0.13648293027670183,3300.0,415.3
4489,459.2,470.6,0.1134,0,0.2,0.15152080764124234,3350.0,464.9
4491,508.9,520.3,0.1082,0,0.2,0.166335893426383,3400.0,514.5999999999999
4493,608.3,619.7,0.0,0,0.2,0.19532343029963528,3500.0,614.0
4495,707.9,719.3,0.0,1,0.2,0.22349430726633163,3600.0,713.5999999999999
4497,806.9,818.3,0.0,0,0.2,0.25089328145444606,3700.0,812.5999999999999
4499,906.6,918.0,0.0,0,0.2,0.27756152853660737,3800.0,912.3
4501,1005.9,1017.2,0.0,0,0.2,0.30353701493986807,3900.0,1011.55
4503,1105.3,1116.7,0.0,0,0.2,0.32885482292415796,4000.0,1111.0
4505,1205.0,1216.4,0.0,107,0.2,0.35354743551452944,4100.0,1210.7
4506,0.05,0.15,0.7044,1994,0.2191780821917808,-1.0574395381957327,1000.0,0.1
4507,0.05,0.2,0.6545,3,0.2191780821917808,-0.9621293583914078,1100.0,0.125
4508,0.1,0.2,0.6075,10,0.2191780821917808,-0.875117981401778,1200.0,0.15000000000000002
4509,0.15,0.2,0.5871,135,0.2191780821917808,-0.8342959868815228,1250.0,0.175
4510,0.15,0.3,0.5739,84,0.2191780821917808,-0.7950752737282416,1300.0,0.22499999999999998
4511,0.2,0.35,0.5577,271,0.2191780821917808,-0.7573349457453945,1350.0,0.275
4512,0.2,0.35,0.545,96,0.2191780821917808,-0.738985807077198,1375.0,0.275
4513,0.25,0.35,0.5369,225,0.2191780821917808,-0.7209673015745197,1400.0,0.3
4514,0.25,0.4,0.5284,118,0.2191780821917808,-0.7032677244751188,1425.0,0.325
4515,0.3,0.4,0.5198,38,0.2191780821917808,-0.6858759817632497,1450.0,0.35
4516,0.3,0.45,0.5111,230,0.2191780821917808,-0.6687815484039495,1475.0,0.375
4517,0.35,0.45,0.5022,11231,0.2191780821917808,-0.6519744300875684,1500.0,0.4
4518,0.35,0.5,0.4932,34,0.2191780821917808,-0.6354451281363578,1525.0,0.425
4519,0.4,0.5,0.4842,10,0.2191780821917808,-0.6191846072645775,1550.0,0.45
4520,0.4,0.55,0.475,73,0.2191780821917808,-0.6031842659181363,1575.0,0.47500000000000003
4521,0.45,0.55,0.466,50,0.2191780821917808,-0.5874359089499972,1600.0,0.5
4522,0.45,0.6,0.4569,142,0.2191780821917808,-0.5719317224140319,1625.0,0.525
4523,0.5,0.6,0.4479,96,0.2191780821917808,-0.5566642502832435,1650.0,0.55
4524,0.55,0.65,0.4406,24,0.2191780821917808,-0.541626372918703,1675.0,0.6000000000000001
4525,0.55,0.7,0.4315,646,0.2191780821917808,-0.5268112871335623,1700.0,0.625
4526,0.65,0.75,0.4256,715,0.2191780821917808,-0.5122124877124096,1725.0,0.7
4527,0.65,0.75,0.4146,232,0.2191780821917808,-0.49782375026031,1750.0,0.7
4528,0.7,0.8,0.4069,37,0.2191780821917808,-0.48363911526835357,1775.0,0.75
4529,0.75,0.9,0.4005,2514,0.2191780821917808,-0.4696528732936137,1800.0,0.825
4530,0.8,0.95,0.3924,230,0.2191780821917808,-0.45585955116127785,1825.0,0.875
4531,0.85,1.0,0.3842,234,0.2191780821917808,-0.4422538991054992,1850.0,0.925
4532,0.95,1.05,0.3771,278,0.2191780821917808,-0.42883087877335857,1875.0,1.0
4533,1.0,1.15,0.3698,5287,0.2191780821917808,-0.4155856520233379,1900.0,1.075
4534,1.1,1.2,0.3623,495,0.2191780821917808,-0.4025135704559851,1925.0,1.15
4535,1.15,1.3,0.3588,205,0.2191780821917808,-0.39475156512049586,1940.0,1.225
4536,1.2,1.3,0.3555,424,0.2191780821917808,-0.3896101656200773,1950.0,1.25
4537,1.25,1.35,0.3531,153,0.2191780821917808,-0.3844950649533069,1960.0,1.3
4538,1.3,1.4,0.3506,30,0.2191780821917808,-0.37940599544583553,1970.0,1.35
4539,1.3,1.45,0.3493,793,0.2191780821917808,-0.3768711398426475,1975.0,1.375
4540,1.35,1.45,0.348,1,0.2191780821917808,-0.37434269348928884,1980.0,1.4
4541,1.4,1.5,0.3454,10,0.2191780821917808,-0.3693048994593316,1990.0,1.45
4542,1.45,1.55,0.3428,6202,0.2191780821917808,-0.3642923576357874,2000.0,1.5
4543,1.5,1.6,0.34,22,0.2191780821917808,-0.35930481612474835,2010.0,1.55
4544,1.55,1.65,0.3373,1,0.2191780821917808,-0.3543420267826193,2020.0,1.6
4545,1.55,1.7,0.3359,78,0.2191780821917808,-0.35186983763723023,2025.0,1.625
4546,1.6,1.7,0.3345,0,0.2191780821917808,-0.34940374514203676,2030.0,1.65
4547,1.65,1.8,0.3323,17,0.2191780821917808,-0.3444897303396076,2040.0,1.725
4548,1.7,1.85,0.3294,229,0.2191780821917808,-0.33959974504541585,2050.0,1.775
4549,1.75,1.9,0.3265,5,0.2191780821917808,-0.33473355539424304,2060.0,1.825
4550,1.85,1.95,0.3242,11,0.2191780821917808,-0.32989093091845495,2070.0,1.9
4551,1.85,2.0,0.3227,113,0.2191780821917808,-0.32747838451307104,2075.0,1.925
4552,1.9,2.05,0.3217,3,0.2191780821917808,-0.3250716444825061,2080.0,1.9749999999999999
4553,1.95,2.1,0.3187,3,0.2191780821917808,-0.320275472219013,2090.0,2.025
4554,2.05,2.2,0.3167,2537,0.2191780821917808,-0.3155021934663554,2100.0,2.125
4555,2.1,2.25,0.3135,13,0.2191780821917808,-0.3107515907077576,2110.0,2.175
4556,2.2,2.35,0.3114,0,0.2191780821917808,-0.30602344951181154,2120.0,2.2750000000000004
4557,2.25,2.4,0.3103,116,0.2191780821917808,-0.3036677358193525,2125.0,2.325
4558,2.3,2.45,0.3092,11,0.2191780821917808,-0.30131755847439895,2130.0,2.375
4559,2.4,2.5,0.3064,70,0.2191780821917808,-0.2966337091619725,2140.0,2.45
4560,2.45,2.6,0.3036,3096,0.2191780821917808,-0.29197169605616125,2150.0,2.5250000000000004
4561,2.5,2.65,0.3024,0,0.2191780821917808,-0.28964881464002157,2155.0,2.575
4562,2.55,2.7,0.3012,54,0.2191780821917808,-0.2873313164996591,2160.0,2.625
4563,2.6,2.75,0.3,81,0.2191780821917808,-0.2850191767412794,2165.0,2.675
4564,2.65,2.8,0.2987,71,0.2191780821917808,-0.28271237064336446,2170.0,2.7249999999999996
4565,2.7,2.85,0.2974,511,0.2191780821917808,-0.28041087365508527,2175.0,2.7750000000000004
4566,2.75,2.9,0.2962,8,0.2191780821917808,-0.27811466139473506,2180.0,2.825
4567,2.85,3.0,0.2957,292,0.2191780821917808,-0.27582370964817926,2185.0,2.925
4568,2.9,3.1,0.2948,5,0.2191780821917808,-0.2735379943673232,2190.0,3.0
4569,2.95,3.1,0.293,81,0.2191780821917808,-0.27125749166859797,2195.0,3.0250000000000004
4570,3.0,3.2,0.2921,6407,0.2191780821917808,-0.2689821778314625,2200.0,3.1
4571,3.0,3.2,0.29,91,0.2191780821917808,-0.2667120292969234,2205.0,3.1
4572,3.1,3.3,0.2893,3,0.2191780821917808,-0.2644470226660713,2210.0,3.2
4573,3.1,3.4,0.2879,5,0.2191780821917808,-0.26218713469863364,2215.0,3.25
4574,3.2,3.4,0.2865,1,0.2191780821917808,-0.25993234231154455,2220.0,3.3
4575,3.3,3.5,0.2858,1096,0.2191780821917808,-0.2576826225775291,2225.0,3.4
4576,3.3,3.5,0.2837,10,0.2191780821917808,-0.2554379527237053,2230.0,3.4
4577,3.4,3.6,0.2829,37,0.2191780821917808,-0.25319831013020055,2235.0,3.5
4578,3.5,3.7,0.2821,1,0.2191780821917808,-0.25096367232878414,2240.0,3.6
4579,3.5,3.7,0.28,37,0.2191780821917808,-0.248734017001515,2245.0,3.6
4580,3.6,3.8,0.2791,1827,0.2191780821917808,-0.2465093219794039,2250.0,3.7
4581,3.7,3.9,0.2782,6,0.2191780821917808,-0.24428956524109102,2255.0,3.8
4582,3.8,3.9,0.2767,15716,0.2191780821917808,-0.2420747249115382,2260.0,3.8499999999999996
4583,3.8,4.0,0.2752,191,0.2191780821917808,-0.23986477926073527,2265.0,3.9
4584,3.9,4.1,0.2743,46,0.2191780821917808,-0.23765970670242131,2270.0,4.0
4585,4.0,4.2,0.2733,2505,0.2191780821917808,-0.23545948579281892,2275.0,4.1
4586,4.1,4.3,0.2723,24,0.2191780821917808,-0.2332640952293833,2280.0,4.199999999999999
4587,4.2,4.4,0.2713,50,0.2191780821917808,-0.2310735138495647,2285.0,4.300000000000001
4588,4.2,4.5,0.2697,3,0.2191780821917808,-0.22888772062958446,2290.0,4.35
4589,4.3,4.6,0.2686,1,0.2191780821917808,-0.22670669468322416,2295.0,4.449999999999999
4590,4.4,4.6,0.267,3085,0.2191780821917808,-0.22453041526062864,2300.0,4.5
4591,4.5,4.7,0.2659,201,0.2191780821917808,-0.22235886174712086,2305.0,4.6
4592,4.6,4.8,0.2648,23,0.2191780821917808,-0.22019201366203053,2310.0,4.699999999999999
4593,4.7,4.9,0.2636,13,0.2191780821917808,-0.21802985065753533,2315.0,4.800000000000001
4594,4.8,5.0,0.2624,207,0.2191780821917808,-0.21587235251751405,2320.0,4.9
4595,4.9,5.1,0.2613,121,0.2191780821917808,-0.21371949915641303,2325.0,5.0
4596,5.0,5.2,0.26,19,0.2191780821917808,-0.21157127061812347,2330.0,5.1
4597,5.1,5.3,0.2588,7,0.2191780821917808,-0.20942764707487208,2335.0,5.199999999999999
4598,5.2,5.5,0.258,13,0.2191780821917808,-0.20728860882612268,2340.0,5.35
4599,5.3,5.6,0.2567,56,0.2191780821917808,-0.20515413629748994,2345.0,5.449999999999999
4600,5.5,5.7,0.2559,4337,0.2191780821917808,-0.20302421003966506,2350.0,5.6
4601,5.6,5.8,0.2546,27,0.2191780821917808,-0.2008988107273516,2355.0,5.699999999999999
4602,5.7,5.9,0.2532,361,0.2191780821917808,-0.198777919158214,2360.0,5.800000000000001
4603,5.8,6.0,0.2519,78,0.2191780821917808,-0.19666151625183645,2365.0,5.9
4604,5.9,6.2,0.2509,0,0.2191780821917808,-0.1945495830486928,2370.0,6.050000000000001
4605,6.1,6.3,0.2499,5776,0.2191780821917808,-0.19244210070912812,2375.0,6.199999999999999
4606,6.2,6.4,0.2485,5,0.2191780821917808,-0.19033905051234934,2380.0,6.300000000000001
4607,6.3,6.6,0.2475,13,0.2191780821917808,-0.18824041385542817,2385.0,6.449999999999999
4608,6.5,6.7,0.2464,8,0.2191780821917808,-0.18614617225231345,2390.0,6.6
4609,6.6,6.8,0.2449,130,0.2191780821917808,-0.18405630733285408,2395.0,6.699999999999999
4610,6.7,7.0,0.2438,10509,0.2191780821917808,-0.1819708008418327,2400.0,6.85
4611,6.9,7.1,0.2427,6,0.2191780821917808,-0.17988963463800817,2405.0,7.0
4612,7.0,7.3,0.2415,8,0.2191780821917808,-0.17781279069316908,2410.0,7.15
4613,7.2,7.4,0.2403,31,0.2191780821917808,-0.17574025109119673,2415.0,7.300000000000001
4614,7.3,7.6,0.2391,806,0.2191780821917808,-0.1736719980271376,2420.0,7.449999999999999
4615,7.5,7.8,0.2382,262,0.2191780821917808,-0.17160801380628612,2425.0,7.65
4616,7.6,7.9,0.2366,58,0.2191780821917808,-0.16954828084327558,2430.0,7.75
4617,7.8,8.1,0.2356,41,0.2191780821917808,-0.1674927816611796,2435.0,7.949999999999999
4618,8.0,8.3,0.2346,410,0.2191780821917808,-0.16544149889062224,2440.0,8.15
4619,8.2,8.4,0.2333,111,0.2191780821917808,-0.16339441526889728,2445.0,8.3
4620,8.3,8.6,0.2319,9016,0.2191780821917808,-0.16135151363909703,2450.0,8.45
4621,8.5,8.8,0.2309,82,0.2191780821917808,-0.15931277694924878,2455.0,8.65
4622,8.7,9.0,0.2298,20,0.2191780821917808,-0.15727818825146125,2460.0,8.85
4623,8.9,9.2,0.2286,27,0.2191780821917808,-0.1552477307010793,2465.0,9.05
4624,9.1,9.4,0.2275,14,0.2191780821917808,-0.1532213875558468,2470.0,9.25
4625,9.3,9.6,0.2263,2876,0.2191780821917808,-0.15119914217507902,2475.0,9.45
4626,9.5,9.8,0.2251,78,0.2191780821917808,-0.14918097801884186,2480.0,9.65
4627,9.7,10.0,0.2238,20,0.2191780821917808,-0.14716687864714065,2485.0,9.85
4628,9.9,10.2,0.2226,102,0.2191780821917808,-0.14515682771911648,2490.0,10.05
4629,10.1,10.4,0.2213,208,0.2191780821917808,-0.14315080899225063,2495.0,10.25
4630,10.4,10.6,0.2202,4273,0.2191780821917808,-0.14114880632157759,2500.0,10.5
4631,10.6,10.9,0.2191,46,0.2191780821917808,-0.13915080365890456,2505.0,10.75
4632,10.8,11.1,0.2177,61,0.2191780821917808,-0.13715678505204018,2510.0,10.95
4633,11.1,11.3,0.2166,58,0.2191780821917808,-0.1351667346440302,2515.0,11.2
4634,11.3,11.6,0.2154,239,0.2191780821917808,-0.13318063667240068,2520.0,11.45
4635,11.6,11.8,0.2142,343,0.2191780821917808,-0.1311984754684095,2525.0,11.7
4636,11.8,12.1,0.213,34,0.2191780821917808,-0.1292202354563038,2530.0,11.95
4637,12.1,12.4,0.2119,38,0.2191780821917808,-0.12724590115258622,2535.0,12.25
4638,12.3,12.6,0.2104,99,0.2191780821917808,-0.1252754571652875,2540.0,12.45
4639,12.6,12.9,0.2093,461,0.2191780821917808,-0.12330888819324655,2545.0,12.75
4640,12.9,13.2,0.2082,2480,0.2191780821917808,-0.12134617902539786,2550.0,13.05
4641,13.2,13.5,0.207,120,0.2191780821917808,-0.11938731454006492,2555.0,13.35
4642,13.5,13.8,0.2058,176,0.2191780821917808,-0.11743227970426158,2560.0,13.65
4643,13.8,14.1,0.2046,71,0.2191780821917808,-0.11548105957299987,2565.0,13.95
4644,14.1,14.4,0.2033,106,0.2191780821917808,-0.11353363928860419,2570.0,14.25
4645,14.4,14.7,0.202,584,0.2191780821917808,-0.11159000408003318,2575.0,14.55
4646,14.7,15.0,0.2007,256,0.2191780821917808,-0.10965013926220661,2580.0,14.85
4647,15.1,15.4,0.1997,550,0.2191780821917808,-0.10771403023534024,2585.0,15.25
4648,15.4,15.7,0.1983,91,0.2191780821917808,-0.10578166248428633,2590.0,15.55
4649,15.8,16.1,0.1973,143,0.2191780821917808,-0.10385302157788065,2595.0,15.950000000000001
4650,16.1,16.4,0.1958,9570,0.2191780821917808,-0.10192809316829628,2600.0,16.25
4651,16.5,16.8,0.1947,38,0.2191780821917808,-0.10000686299040243,2605.0,16.65
4652,16.9,17.2,0.1936,133,0.2191780821917808,-0.09808931686113065,2610.0,17.049999999999997
4653,17.3,17.6,0.1924,2,0.2191780821917808,-0.0961754406788465,2615.0,17.450000000000003
4654,17.7,18.0,0.1912,85,0.2191780821917808,-0.09426522042272713,2620.0,17.85
4655,18.1,18.4,0.1899,2056,0.2191780821917808,-0.09235864215214558,2625.0,18.25
4656,18.5,18.8,0.1886,69,0.2191780821917808,-0.09045569200605948,2630.0,18.65
4657,19.0,19.3,0.1876,62,0.2191780821917808,-0.08855635620240704,2635.0,19.15
4658,19.4,19.7,0.1862,175,0.2191780821917808,-0.08666062103750792,2640.0,19.549999999999997
4659,19.9,20.2,0.1851,34,0.2191780821917808,-0.08476847288546992,2645.0,20.049999999999997
4660,20.4,20.7,0.184,2288,0.2191780821917808,-0.0828798981976018,2650.0,20.549999999999997
4661,20.8,21.2,0.1826,65,0.2191780821917808,-0.08099488350183051,2655.0,21.0
4662,21.3,21.7,0.1814,258,0.2191780821917808,-0.07911341540212498,2660.0,21.5
4663,21.8,22.2,0.1802,87,0.2191780821917808,-0.07723548057792484,2665.0,22.0
4664,22.4,22.7,0.179,99,0.2191780821917808,-0.07536106578357445,2670.0,22.549999999999997
4665,22.9,23.2,0.1777,2480,0.2191780821917808,-0.07349015784776276,2675.0,23.049999999999997
4666,23.4,23.8,0.1764,3103,0.2191780821917808,-0.07162274367296735,2680.0,23.6
4667,24.0,24.4,0.1753,15763,0.2191780821917808,-0.06975881023490467,2685.0,24.2
4668,24.6,25.0,0.1741,162,0.2191780821917808,-0.06789834458198497,2690.0,24.8
4669,25.2,25.6,0.1728,184,0.2191780821917808,-0.06604133383477213,2695.0,25.4
4670,25.8,26.2,0.1715,9528,0.2191780821917808,-0.06418776518544925,2700.0,26.0
4671,26.4,26.8,0.1702,231,0.2191780821917808,-0.062337625897287814,2705.0,26.6
4672,27.1,27.5,0.1691,913,0.2191780821917808,-0.06049090330412315,2710.0,27.3
4673,27.7,28.1,0.1677,251,0.2191780821917808,-0.058647584809833946,2715.0,27.9
4674,28.4,28.8,0.1664,390,0.2191780821917808,-0.05680765788782678,2720.0,28.6
4675,29.1,29.5,0.1652,5014,0.2191780821917808,-0.054971110080525236,2725.0,29.3
4676,29.8,30.2,0.1639,212,0.2191780821917808,-0.0531379289988643,2730.0,30.0
4677,30.6,31.0,0.1627,223,0.2191780821917808,-0.05130810232178815,2735.0,30.8
4678,31.3,31.7,0.1613,155,0.2191780821917808,-0.04948161779575385,2740.0,31.5
4679,32.1,32.5,0.1601,150,0.2191780821917808,-0.04765846323423877,2745.0,32.3
4680,32.9,33.3,0.1588,1277,0.2191780821917808,-0.045838626517252706,2750.0,33.099999999999994
4681,33.8,34.1,0.1575,164,0.2191780821917808,-0.04402209559085485,2755.0,33.95
4682,34.6,35.0,0.1563,120,0.2191780821917808,-0.04220885846667405,2760.0,34.8
4683,35.5,35.9,0.155,22,0.2191780821917808,-0.04039890322143458,2765.0,35.7
4684,36.4,36.8,0.1537,320,0.2191780821917808,-0.038592217996485594,2770.0,36.599999999999994
4685,37.3,37.7,0.1524,1114,0.2191780821917808,-0.0367887909973348,2775.0,37.5
4686,38.3,38.7,0.1512,442,0.2191780821917808,-0.03498861049318696,2780.0,38.5
4687,39.3,39.7,0.1499,164,0.2191780821917808,-0.03319166481648533,2785.0,39.5
4688,40.3,40.7,0.1486,577,0.2191780821917808,-0.03139794236245844,2790.0,40.5
4689,41.3,41.7,0.1472,182,0.2191780821917808,-0.02960743158867024,2795.0,41.5
4690,42.4,42.8,0.1459,3512,0.2191780821917808,-0.027820121014574394,2800.0,42.599999999999994
4691,43.5,43.9,0.1446,163,0.2191780821917808,-0.026035999221073018,2805.0,43.7
4692,44.7,45.0,0.1433,165,0.2191780821917808,-0.02425505485007828,2810.0,44.85
4693,45.8,46.2,0.1419,221,0.2191780821917808,-0.022477276604078996,2815.0,46.0
4694,47.0,47.4,0.1406,31,0.2191780821917808,-0.020702653245710502,2820.0,47.2
4695,48.3,48.7,0.1393,2148,0.2191780821917808,-0.018931173597328366,2825.0,48.5
4696,49.6,50.0,0.138,8,0.2191780821917808,-0.017162826540586398,2830.0,49.8
4697,50.9,51.3,0.1367,61,0.2191780821917808,-0.015397601016017283,2835.0,51.099999999999994
4698,52.3,52.7,0.1354,46,0.2191780821917808,-0.013635486022618026,2840.0,52.5
4699,53.7,54.2,0.1341,133,0.2191780821917808,-0.011876470617438477,2845.0,53.95
4700,55.2,55.6,0.1328,1641,0.2191780821917808,-0.010120543915173473,2850.0,55.400000000000006
4701,56.7,57.1,0.1315,326,0.2191780821917808,-0.008367695087759114,2855.0,56.900000000000006
4702,58.3,58.7,0.1302,14,0.2191780821917808,-0.006617913363971453,2860.0,58.5
4703,59.9,60.3,0.1289,133,0.2191780821917808,-0.00487118802902981,2865.0,60.099999999999994
4704,61.6,62.0,0.1276,141,0.2191780821917808,-0.0031275084242029776,2870.0,61.8
4705,63.3,63.8,0.1264,1702,0.2191780821917808,-0.0013868639464188668,2875.0,63.55
4706,65.1,65.6,0.1251,148,0.2191780821917808,0.0003507559521219104,2880.0,65.35
4707,67.0,67.4,0.1239,20,0.2191780821917808,0.0020853617643302107,2885.0,67.2
4708,68.9,69.3,0.1226,21,0.2191780821917808,0.003816963928608097,2890.0,69.1
4709,70.9,71.3,0.1214,10,0.2191780821917808,0.005545572829225849,2895.0,71.1
4710,72.9,73.4,0.1201,2538,0.2191780821917808,0.007271198796695605,2900.0,73.15
4711,75.0,75.5,0.1189,1,0.2191780821917808,0.00899385210814179,2905.0,75.25
4712,77.2,77.7,0.1177,6,0.2191780821917808,0.010713542987668584,2910.0,77.45
4713,79.5,80.0,0.1165,2,0.2191780821917808,0.012430281606723118,2915.0,79.75
4714,81.8,82.3,0.1153,3,0.2191780821917808,0.014144078084457773,2920.0,82.05
4715,84.3,84.7,0.1142,326,0.2191780821917808,0.01585494248808719,2925.0,84.5
4716,86.8,87.2,0.113,2,0.2191780821917808,0.017562884833243288,2930.0,87.0
4717,89.4,89.8,0.1119,1,0.2191780821917808,0.0192679150843271,2935.0,89.6
4718,92.0,92.5,0.1108,0,0.2191780821917808,0.02097004315485755,2940.0,92.25
4719,94.8,95.3,0.1098,1,0.2191780821917808,0.022669278907817315,2945.0,95.05
4720,97.6,98.1,0.1087,49,0.2191780821917808,0.02436563215599572,2950.0,97.85
4721,100.6,101.1,0.1078,2,0.2191780821917808,0.026059112662328764,2955.0,100.85
4722,103.6,104.1,0.1068,1,0.2191780821917808,0.027749730140236226,2960.0,103.85
4723,106.7,107.2,0.1058,9,0.2191780821917808,0.02943749425395619,2965.0,106.95
4724,110.0,110.5,0.1051,0,0.2191780821917808,0.031122414618875646,2970.0,110.25
4725,113.3,113.8,0.1043,60,0.2191780821917808,0.03280450080186045,2975.0,113.55
4726,116.7,117.2,0.1035,0,0.2191780821917808,0.03448376232158044,2980.0,116.95
4727,119.6,121.2,0.1027,0,0.2191780821917808,0.036160208648832744,2985.0,120.4
4728,123.2,124.8,0.102,0,0.2191780821917808,0.03783384920686237,2990.0,124.0
4729,126.8,128.3,0.1011,0,0.2191780821917808,0.03950469337167996,2995.0,127.55000000000001
4730,130.5,132.3,0.1008,37,0.2191780821917808,0.04117275047237696,3000.0,131.4
4731,134.3,136.1,0.1002,0,0.2191780821917808,0.04283802979143815,3005.0,135.2
4732,138.2,140.1,0.0998,0,0.2191780821917808,0.04450054056505159,3010.0,139.14999999999998
4733,142.1,144.1,0.0993,0,0.2191780821917808,0.04616029198341618,3015.0,143.1
4734,146.1,148.1,0.0987,0,0.2191780821917808,0.04781729319104567,3020.0,147.1
4735,150.2,152.2,0.0983,4,0.2191780821917808,0.04947155328707216,3025.0,151.2
4736,154.4,156.4,0.098,0,0.2191780821917808,0.051123081325545126,3030.0,155.4
4737,158.6,160.7,0.0978,0,0.2191780821917808,0.05277188631572892,3035.0,159.64999999999998
4738,162.9,165.0,0.0976,0,0.2191780821917808,0.05441797722239764,3040.0,163.95
4739,167.3,169.3,0.0974,0,0.2191780821917808,0.05606136296612764,3045.0,168.3
4740,171.6,173.8,0.0973,0,0.2191780821917808,0.05770205242358753,3050.0,172.7
4741,176.0,178.3,0.0972,0,0.2191780821917808,0.059340054427825896,3055.0,177.15
4742,180.5,182.8,0.0972,0,0.2191780821917808,0.06097537776855663,3060.0,181.65
4743,185.0,187.2,0.0969,0,0.2191780821917808,0.06260803119244214,3065.0,186.1
4744,189.6,191.8,0.0971,0,0.2191780821917808,0.06423802340337319,3070.0,190.7
4745,194.2,196.4,0.0972,0,0.2191780821917808,0.06586536306274857,3075.0,195.3
4746,198.8,201.0,0.0971,0,0.2191780821917808,0.06749005878975045,3080.0,199.9
4747,208.1,210.5,0.0977,0,0.2191780821917808,0.07073155271392141,3090.0,209.3
4748,217.5,219.8,0.0976,9,0.2191780821917808,0.07396257329536783,3100.0,218.65
4749,226.9,229.3,0.0977,0,0.2191780821917808,0.07718318799541,3110.0,228.10000000000002
4750,236.5,238.9,0.0984,0,0.2191780821917808,0.08039346362565838,3120.0,237.7
4751,241.4,243.8,0.0994,1,0.2191780821917808,0.08199474499263221,3125.0,242.60000000000002
4752,261.7,272.8,0.1054,0,0.2191780821917808,0.08996291464180897,3150.0,267.25
4753,285.5,296.9,0.103,0,0.2191780821917808,0.09786809414892235,3175.0,291.2
4754,310.3,321.6,0.1083,0,0.2191780821917808,0.10571127160994814,3200.0,315.95000000000005
4755,359.3,370.7,0.1075,0,0.2191780821917808,0.1212154581459134,3250.0,365.0
4756,409.0,420.4,0.1183,0,0.2191780821917808,0.13648293027670183,3300.0,414.7
4757,458.6,470.0,0.1242,0,0.2191780821917808,0.15152080764124234,3350.0,464.3
4758,507.9,519.2,0.0,5,0.2191780821917808,0.166335893426383,3400.0,513.55
4759,607.4,618.8,0.0,2,0.2191780821917808,0.19532343029963528,3500.0,613.0999999999999
4760,706.8,718.2,0.0,0,0.2191780821917808,0.22349430726633163,3600.0,712.5
4761,806.2,817.6,0.0,0,0.2191780821917808,0.25089328145444606,3700.0,811.9000000000001
4762,906.1,917.5,0.2044,0,0.2191780821917808,0.27756152853660737,3800.0,911.8
4763,1005.5,1016.9,0.2129,0,0.2191780821917808,0.30353701493986807,3900.0,1011.2
4765,0.1,0.2,0.6484,0,0.27671232876712326,-1.0574395381957327,1000.0,0.15000000000000002
4767,0.05,0.25,0.5919,0,0.27671232876712326,-0.9621293583914078,1100.0,0.15
4769,0.1,0.3,0.5539,0,0.27671232876712326,-0.875117981401778,1200.0,0.2
4771,0.2,0.4,0.5245,0,0.27671232876712326,-0.7950752737282416,1300.0,0.30000000000000004
4773,0.25,0.4,0.4931,0,0.27671232876712326,-0.738985807077198,1375.0,0.325
4775,0.3,0.45,0.4886,50,0.27671232876712326,-0.7209673015745197,1400.0,0.375
4777,0.3,0.5,0.4803,0,0.27671232876712326,-0.7032677244751188,1425.0,0.4
4779,0.35,0.55,0.4745,0,0.27671232876712326,-0.6858759817632497,1450.0,0.45
4781,0.35,0.55,0.4635,0,0.27671232876712326,-0.6687815484039495,1475.0,0.45
4783,0.4,0.6,0.4574,0,0.27671232876712326,-0.6519744300875684,1500.0,0.5
4785,0.4,0.65,0.4488,0,0.27671232876712326,-0.6354451281363578,1525.0,0.525
4787,0.45,0.65,0.4403,0,0.27671232876712326,-0.6191846072645775,1550.0,0.55
4789,0.5,0.7,0.4337,0,0.27671232876712326,-0.6031842659181363,1575.0,0.6
4791,0.55,0.75,0.4268,0,0.27671232876712326,-0.5874359089499972,1600.0,0.65
4793,0.6,0.8,0.4197,8,0.27671232876712326,-0.5719317224140319,1625.0,0.7
4795,0.65,0.85,0.4125,4,0.27671232876712326,-0.5566642502832435,1650.0,0.75
4797,0.7,0.9,0.4051,3,0.27671232876712326,-0.541626372918703,1675.0,0.8
4799,0.75,0.95,0.3977,0,0.27671232876712326,-0.5268112871335623,1700.0,0.85
4801,0.8,1.0,0.3901,0,0.27671232876712326,-0.5122124877124096,1725.0,0.9
4803,0.85,1.1,0.3837,91,0.27671232876712326,-0.49782375026031,1750.0,0.9750000000000001
4805,0.95,1.15,0.3769,2,0.27671232876712326,-0.48363911526835357,1775.0,1.0499999999999998
4807,1.05,1.25,0.3711,0,0.27671232876712326,-0.4696528732936137,1800.0,1.15
4809,1.15,1.3,0.364,13,0.27671232876712326,-0.45585955116127785,1825.0,1.225
4811,1.25,1.4,0.3576,0,0.27671232876712326,-0.4422538991054992,1850.0,1.325
4813,1.35,1.55,0.3519,21,0.27671232876712326,-0.42883087877335857,1875.0,1.4500000000000002
4815,1.45,1.65,0.3451,28,0.27671232876712326,-0.4155856520233379,1900.0,1.5499999999999998
4817,1.6,1.8,0.3395,17,0.27671232876712326,-0.4025135704559851,1925.0,1.7000000000000002
4819,1.75,1.95,0.3335,11,0.27671232876712326,-0.3896101656200773,1950.0,1.85
4821,1.9,2.1,0.3292,0,0.27671232876712326,-0.37940599544583553,1970.0,2.0
4823,1.95,2.15,0.3284,7,0.27671232876712326,-0.3768711398426475,1975.0,2.05
4825,1.95,2.15,0.3265,0,0.27671232876712326,-0.37434269348928884,1980.0,2.05
4827,2.05,2.25,0.3247,105,0.27671232876712326,-0.3693048994593316,1990.0,2.15
4829,2.1,2.3,0.3219,0,0.27671232876712326,-0.3642923576357874,2000.0,2.2
4831,2.2,2.4,0.32,0,0.27671232876712326,-0.35930481612474835,2010.0,2.3
4833,2.3,2.5,0.3181,0,0.27671232876712326,-0.3543420267826193,2020.0,2.4
4835,2.35,2.55,0.317,14,0.27671232876712326,-0.35186983763723023,2025.0,2.45
4837,2.4,2.6,0.316,10,0.27671232876712326,-0.34940374514203676,2030.0,2.5
4839,2.5,2.65,0.3135,0,0.27671232876712326,-0.3444897303396076,2040.0,2.575
4841,2.6,2.75,0.3114,1,0.27671232876712326,-0.33959974504541585,2050.0,2.675
4843,2.7,2.85,0.3092,0,0.27671232876712326,-0.33473355539424304,2060.0,2.7750000000000004
4845,2.8,2.95,0.3069,0,0.27671232876712326,-0.32989093091845495,2070.0,2.875
4847,2.8,3.0,0.3054,4,0.27671232876712326,-0.32747838451307104,2075.0,2.9
4849,2.9,3.1,0.305,0,0.27671232876712326,-0.3250716444825061,2080.0,3.0
4851,3.0,3.2,0.3026,0,0.27671232876712326,-0.320275472219013,2090.0,3.1
4853,3.1,3.3,0.3002,3,0.27671232876712326,-0.3155021934663554,2100.0,3.2
4855,3.2,3.4,0.2977,0,0.27671232876712326,-0.3107515907077576,2110.0,3.3
4857,3.3,3.6,0.2959,0,0.27671232876712326,-0.30602344951181154,2120.0,3.45
4859,3.4,3.6,0.2946,5,0.27671232876712326,-0.3036677358193525,2125.0,3.5
4861,3.4,3.7,0.2934,0,0.27671232876712326,-0.30131755847439895,2130.0,3.55
4863,3.6,3.8,0.2914,0,0.27671232876712326,-0.2966337091619725,2140.0,3.7
4865,3.7,4.0,0.2894,51,0.27671232876712326,-0.29197169605616125,2150.0,3.85
4867,3.9,4.1,0.2872,7,0.27671232876712326,-0.2873313164996591,2160.0,4.0
4869,4.0,4.2,0.2845,0,0.27671232876712326,-0.28271237064336446,2170.0,4.1
4871,4.1,4.3,0.2837,30,0.27671232876712326,-0.28041087365508527,2175.0,4.199999999999999
4873,4.2,4.4,0.2828,0,0.27671232876712326,-0.27811466139473506,2180.0,4.300000000000001
4875,4.3,4.6,0.2805,6,0.27671232876712326,-0.2735379943673232,2190.0,4.449999999999999
4877,4.5,4.7,0.2782,22,0.27671232876712326,-0.2689821778314625,2200.0,4.6
4879,4.6,4.9,0.2758,0,0.27671232876712326,-0.2644470226660713,2210.0,4.75
4881,4.8,5.1,0.2738,0,0.27671232876712326,-0.25993234231154455,2220.0,4.949999999999999
4883,4.9,5.2,0.2728,14,0.27671232876712326,-0.2576826225775291,2225.0,5.050000000000001
4885,5.0,5.3,0.2718,0,0.27671232876712326,-0.2554379527237053,2230.0,5.15
4887,5.2,5.5,0.2697,0,0.27671232876712326,-0.25096367232878414,2240.0,5.35
4889,5.3,5.6,0.2686,0,0.27671232876712326,-0.248734017001515,2245.0,5.449999999999999
4891,5.4,5.7,0.2675,11,0.27671232876712326,-0.2465093219794039,2250.0,5.550000000000001
4893,5.5,5.8,0.2664,41,0.27671232876712326,-0.24428956524109102,2255.0,5.65
4895,5.6,5.9,0.2652,41,0.27671232876712326,-0.2420747249115382,2260.0,5.75
4897,5.7,6.0,0.2641,7,0.27671232876712326,-0.23986477926073527,2265.0,5.85
4899,5.9,6.1,0.2633,0,0.27671232876712326,-0.23765970670242131,2270.0,6.0
4901,6.0,6.2,0.2621,2,0.27671232876712326,-0.23545948579281892,2275.0,6.1
4903,6.1,6.4,0.2613,1,0.27671232876712326,-0.2332640952293833,2280.0,6.25
4905,6.2,6.5,0.2601,0,0.27671232876712326,-0.2310735138495647,2285.0,6.35
4907,6.3,6.6,0.2589,25,0.27671232876712326,-0.22888772062958446,2290.0,6.449999999999999
4909,6.4,6.7,0.2576,7,0.27671232876712326,-0.22670669468322416,2295.0,6.550000000000001
4911,6.6,6.8,0.2568,757,0.27671232876712326,-0.22453041526062864,2300.0,6.699999999999999
4913,6.7,7.0,0.2558,0,0.27671232876712326,-0.22235886174712086,2305.0,6.85
4915,6.8,7.1,0.2546,0,0.27671232876712326,-0.22019201366203053,2310.0,6.949999999999999
4917,7.0,7.2,0.2536,0,0.27671232876712326,-0.21802985065753533,2315.0,7.1
4919,7.1,7.4,0.2526,0,0.27671232876712326,-0.21587235251751405,2320.0,7.25
4921,7.2,7.5,0.2513,72,0.27671232876712326,-0.21371949915641303,2325.0,7.35
4923,7.4,7.7,0.2506,0,0.27671232876712326,-0.21157127061812347,2330.0,7.550000000000001
4925,7.5,7.8,0.2493,0,0.27671232876712326,-0.20942764707487208,2335.0,7.65
4927,7.7,8.0,0.2485,2,0.27671232876712326,-0.20728860882612268,2340.0,7.85
4929,7.8,8.1,0.2471,0,0.27671232876712326,-0.20515413629748994,2345.0,7.949999999999999
4931,8.0,8.3,0.2463,43,0.27671232876712326,-0.20302421003966506,2350.0,8.15
4933,8.1,8.4,0.2449,1,0.27671232876712326,-0.2008988107273516,2355.0,8.25
4935,8.3,8.6,0.2441,0,0.27671232876712326,-0.198777919158214,2360.0,8.45
4937,8.5,8.8,0.2432,0,0.27671232876712326,-0.19666151625183645,2365.0,8.65
4939,8.6,8.9,0.2418,0,0.27671232876712326,-0.1945495830486928,2370.0,8.75
4941,8.8,9.1,0.2409,100,0.27671232876712326,-0.19244210070912812,2375.0,8.95
4943,9.0,9.3,0.24,36,0.27671232876712326,-0.19033905051234934,2380.0,9.15
4945,9.2,9.5,0.239,5,0.27671232876712326,-0.18824041385542817,2385.0,9.35
4947,9.4,9.7,0.2381,30,0.27671232876712326,-0.18614617225231345,2390.0,9.55
4949,9.4,9.8,0.2362,0,0.27671232876712326,-0.18405630733285408,2395.0,9.600000000000001
4951,9.7,10.0,0.2355,107,0.27671232876712326,-0.1819708008418327,2400.0,9.85
4953,9.9,10.2,0.2345,0,0.27671232876712326,-0.17988963463800817,2405.0,10.05
4955,10.1,10.4,0.2334,9,0.27671232876712326,-0.17781279069316908,2410.0,10.25
4957,10.3,10.6,0.2324,9,0.27671232876712326,-0.17574025109119673,2415.0,10.45
4959,10.5,10.8,0.2313,0,0.27671232876712326,-0.1736719980271376,2420.0,10.65
4961,10.7,11.1,0.2304,6,0.27671232876712326,-0.17160801380628612,2425.0,10.899999999999999
4963,11.0,11.3,0.2295,10,0.27671232876712326,-0.16954828084327558,2430.0,11.15
4965,11.2,11.5,0.2283,0,0.27671232876712326,-0.1674927816611796,2435.0,11.35
4967,11.4,11.7,0.2272,10,0.27671232876712326,-0.16544149889062224,2440.0,11.55
4969,11.6,12.0,0.2262,16,0.27671232876712326,-0.16339441526889728,2445.0,11.8
4971,11.9,12.2,0.2252,2314,0.27671232876712326,-0.16135151363909703,2450.0,12.05
4973,12.1,12.4,0.224,11,0.27671232876712326,-0.15931277694924878,2455.0,12.25
4975,12.4,12.7,0.2231,0,0.27671232876712326,-0.15727818825146125,2460.0,12.55
4977,12.6,12.9,0.2219,0,0.27671232876712326,-0.1552477307010793,2465.0,12.75
4979,12.9,13.2,0.221,60,0.27671232876712326,-0.1532213875558468,2470.0,13.05
4981,13.1,13.5,0.2199,114,0.27671232876712326,-0.15119914217507902,2475.0,13.3
4983,13.4,13.7,0.2187,34,0.27671232876712326,-0.14918097801884186,2480.0,13.55
4985,13.7,14.0,0.2178,13,0.27671232876712326,-0.14716687864714065,2485.0,13.85
4987,13.9,14.3,0.2166,22,0.27671232876712326,-0.14515682771911648,2490.0,14.100000000000001
4989,14.2,14.6,0.2156,5,0.27671232876712326,-0.14315080899225063,2495.0,14.399999999999999
4991,14.5,14.9,0.2146,143,0.27671232876712326,-0.14114880632157759,2500.0,14.7
4993,14.8,15.2,0.2135,6,0.27671232876712326,-0.13915080365890456,2505.0,15.0
4995,15.1,15.5,0.2124,5,0.27671232876712326,-0.13715678505204018,2510.0,15.3
4997,15.4,15.8,0.2113,5,0.27671232876712326,-0.1351667346440302,2515.0,15.600000000000001
4999,15.7,16.1,0.2102,8,0.27671232876712326,-0.13318063667240068,2520.0,15.9
5001,16.1,16.4,0.2092,275,0.27671232876712326,-0.1311984754684095,2525.0,16.25
5003,16.4,16.8,0.2082,0,0.27671232876712326,-0.1292202354563038,2530.0,16.6
5005,16.7,17.1,0.207,0,0.27671232876712326,-0.12724590115258622,2535.0,16.9
5007,17.1,17.4,0.206,6,0.27671232876712326,-0.1252754571652875,2540.0,17.25
5009,17.4,17.8,0.2049,18,0.27671232876712326,-0.12330888819324655,2545.0,17.6
5011,17.8,18.2,0.2039,30,0.27671232876712326,-0.12134617902539786,2550.0,18.0
5013,18.2,18.5,0.2028,9,0.27671232876712326,-0.11938731454006492,2555.0,18.35
5015,18.5,18.9,0.2016,7,0.27671232876712326,-0.11743227970426158,2560.0,18.7
5017,18.9,19.3,0.2006,26,0.27671232876712326,-0.11548105957299987,2565.0,19.1
5019,19.3,19.7,0.1996,0,0.27671232876712326,-0.11353363928860419,2570.0,19.5
5021,19.7,20.1,0.1985,52,0.27671232876712326,-0.11159000408003318,2575.0,19.9
5023,20.1,20.5,0.1973,0,0.27671232876712326,-0.10965013926220661,2580.0,20.3
5025,20.6,20.9,0.1964,2,0.27671232876712326,-0.10771403023534024,2585.0,20.75
5027,21.0,21.4,0.1953,30,0.27671232876712326,-0.10578166248428633,2590.0,21.2
5029,21.4,21.8,0.1941,0,0.27671232876712326,-0.10385302157788065,2595.0,21.6
5031,21.9,22.3,0.1932,46,0.27671232876712326,-0.10192809316829628,2600.0,22.1
5033,22.3,22.7,0.1919,0,0.27671232876712326,-0.10000686299040243,2605.0,22.5
5035,22.8,23.2,0.1909,0,0.27671232876712326,-0.09808931686113065,2610.0,23.0
5037,23.3,23.7,0.1899,0,0.27671232876712326,-0.0961754406788465,2615.0,23.5
5039,23.8,24.2,0.1888,0,0.27671232876712326,-0.09426522042272713,2620.0,24.0
5041,24.3,24.7,0.1877,73,0.27671232876712326,-0.09235864215214558,2625.0,24.5
5043,24.8,25.2,0.1866,1,0.27671232876712326,-0.09045569200605948,2630.0,25.0
5045,25.3,25.7,0.1854,10,0.27671232876712326,-0.08855635620240704,2635.0,25.5
5047,25.8,26.2,0.1842,20,0.27671232876712326,-0.08666062103750792,2640.0,26.0
5049,26.4,26.8,0.1832,1,0.27671232876712326,-0.08476847288546992,2645.0,26.6
5051,26.9,27.4,0.1821,134,0.27671232876712326,-0.0828798981976018,2650.0,27.15
5053,27.5,27.9,0.1809,5,0.27671232876712326,-0.08099488350183051,2655.0,27.7
5055,28.1,28.5,0.1799,52,0.27671232876712326,-0.07911341540212498,2660.0,28.3
5057,28.7,29.1,0.1787,3,0.27671232876712326,-0.07723548057792484,2665.0,28.9
5059,29.3,29.7,0.1776,14,0.27671232876712326,-0.07536106578357445,2670.0,29.5
5061,29.9,30.4,0.1765,168,0.27671232876712326,-0.07349015784776276,2675.0,30.15
5063,30.6,31.0,0.1754,19,0.27671232876712326,-0.07162274367296735,2680.0,30.8
5065,31.2,31.7,0.1743,12,0.27671232876712326,-0.06975881023490467,2685.0,31.45
5067,31.9,32.4,0.1732,4,0.27671232876712326,-0.06789834458198497,2690.0,32.15
5069,32.6,33.1,0.1721,1,0.27671232876712326,-0.06604133383477213,2695.0,32.85
5071,33.3,33.8,0.171,160,0.27671232876712326,-0.06418776518544925,2700.0,33.55
5073,34.0,34.5,0.1698,16,0.27671232876712326,-0.062337625897287814,2705.0,34.25
5075,34.8,35.3,0.1688,41,0.27671232876712326,-0.06049090330412315,2710.0,35.05
5077,35.5,36.0,0.1675,20,0.27671232876712326,-0.058647584809833946,2715.0,35.75
5079,36.3,36.8,0.1664,118,0.27671232876712326,-0.05680765788782678,2720.0,36.55
5081,37.1,37.6,0.1653,393,0.27671232876712326,-0.054971110080525236,2725.0,37.35
5083,37.9,38.4,0.1641,0,0.27671232876712326,-0.0531379289988643,2730.0,38.15
5085,38.7,39.2,0.1629,44,0.27671232876712326,-0.05130810232178815,2735.0,38.95
5087,39.6,40.1,0.1619,8,0.27671232876712326,-0.04948161779575385,2740.0,39.85
5089,40.4,40.9,0.1606,0,0.27671232876712326,-0.04765846323423877,2745.0,40.65
5091,41.3,41.8,0.1594,429,0.27671232876712326,-0.045838626517252706,2750.0,41.55
5093,42.2,42.8,0.1583,3,0.27671232876712326,-0.04402209559085485,2755.0,42.5
5095,43.1,43.7,0.1571,0,0.27671232876712326,-0.04220885846667405,2760.0,43.400000000000006
5097,44.1,44.7,0.156,1,0.27671232876712326,-0.04039890322143458,2765.0,44.400000000000006
5099,45.1,45.7,0.1548,45,0.27671232876712326,-0.038592217996485594,2770.0,45.400000000000006
5101,46.1,46.7,0.1537,157,0.27671232876712326,-0.0367887909973348,2775.0,46.400000000000006
5103,47.1,47.7,0.1524,0,0.27671232876712326,-0.03498861049318696,2780.0,47.400000000000006
5105,48.2,48.8,0.1513,7,0.27671232876712326,-0.03319166481648533,2785.0,48.5
5107,49.3,49.9,0.1501,0,0.27671232876712326,-0.03139794236245844,2790.0,49.599999999999994
5109,50.4,51.0,0.1489,7,0.27671232876712326,-0.02960743158867024,2795.0,50.7
5111,51.5,52.1,0.1477,199,0.27671232876712326,-0.027820121014574394,2800.0,51.8
5113,52.7,53.3,0.1465,6,0.27671232876712326,-0.026035999221073018,2805.0,53.0
5115,53.9,54.5,0.1453,5,0.27671232876712326,-0.02425505485007828,2810.0,54.2
5117,55.1,55.8,0.1442,0,0.27671232876712326,-0.022477276604078996,2815.0,55.45
5119,56.4,57.0,0.1429,13,0.27671232876712326,-0.020702653245710502,2820.0,56.7
5121,57.7,58.3,0.1417,26,0.27671232876712326,-0.018931173597328366,2825.0,58.0
5123,59.0,59.7,0.1405,7,0.27671232876712326,-0.017162826540586398,2830.0,59.35
5125,60.4,61.1,0.1394,127,0.27671232876712326,-0.015397601016017283,2835.0,60.75
5127,61.8,62.5,0.1382,0,0.27671232876712326,-0.013635486022618026,2840.0,62.15
5129,63.2,63.9,0.1369,0,0.27671232876712326,-0.011876470617438477,2845.0,63.55
5131,64.6,65.4,0.1356,11,0.27671232876712326,-0.010120543915173473,2850.0,65.0
5133,66.2,67.0,0.1345,2,0.27671232876712326,-0.008367695087759114,2855.0,66.6
5135,67.8,68.6,0.1334,0,0.27671232876712326,-0.006617913363971453,2860.0,68.19999999999999
5137,69.4,70.2,0.1322,0,0.27671232876712326,-0.00487118802902981,2865.0,69.80000000000001
5139,71.1,71.9,0.131,51,0.27671232876712326,-0.0031275084242029776,2870.0,71.5
5141,72.8,73.5,0.1297,26,0.27671232876712326,-0.0013868639464188668,2875.0,73.15
5143,74.6,75.4,0.1287,7,0.27671232876712326,0.0003507559521219104,2880.0,75.0
5145,76.4,77.2,0.1275,20,0.27671232876712326,0.0020853617643302107,2885.0,76.80000000000001
5147,78.2,79.1,0.1263,23,0.27671232876712326,0.003816963928608097,2890.0,78.65
5149,80.1,81.1,0.1251,0,0.27671232876712326,0.005545572829225849,2895.0,80.6
5151,82.0,83.1,0.1239,48,0.27671232876712326,0.007271198796695605,2900.0,82.55
5153,84.1,85.1,0.1228,0,0.27671232876712326,0.00899385210814179,2905.0,84.6
5155,86.2,87.2,0.1216,0,0.27671232876712326,0.010713542987668584,2910.0,86.7
5157,88.4,89.4,0.1206,0,0.27671232876712326,0.012430281606723118,2915.0,88.9
5159,90.6,91.6,0.1194,1,0.27671232876712326,0.014144078084457773,2920.0,91.1
5161,92.9,93.9,0.1183,3,0.27671232876712326,0.01585494248808719,2925.0,93.4
5163,95.2,96.3,0.1172,3,0.27671232876712326,0.017562884833243288,2930.0,95.75
5165,97.7,98.8,0.1162,2,0.27671232876712326,0.0192679150843271,2935.0,98.25
5167,100.2,101.3,0.1152,0,0.27671232876712326,0.02097004315485755,2940.0,100.75
5169,102.7,103.9,0.1141,0,0.27671232876712326,0.022669278907817315,2945.0,103.30000000000001
5171,105.4,106.6,0.1131,2,0.27671232876712326,0.02436563215599572,2950.0,106.0
5173,108.1,109.3,0.1121,3,0.27671232876712326,0.026059112662328764,2955.0,108.69999999999999
5175,110.9,112.2,0.1112,0,0.27671232876712326,0.027749730140236226,2960.0,111.55000000000001
5177,113.7,115.1,0.1102,0,0.27671232876712326,0.02943749425395619,2965.0,114.4
5179,116.7,118.0,0.1092,0,0.27671232876712326,0.031122414618875646,2970.0,117.35
5181,119.7,121.1,0.1083,4,0.27671232876712326,0.03280450080186045,2975.0,120.4
5183,122.8,124.3,0.1075,0,0.27671232876712326,0.03448376232158044,2980.0,123.55
5185,126.0,127.5,0.1067,0,0.27671232876712326,0.036160208648832744,2985.0,126.75
5187,129.3,130.8,0.1059,0,0.27671232876712326,0.03783384920686237,2990.0,130.05
5189,132.6,134.2,0.1051,0,0.27671232876712326,0.03950469337167996,2995.0,133.39999999999998
5191,136.0,137.6,0.1043,0,0.27671232876712326,0.04117275047237696,3000.0,136.8
5193,139.5,141.1,0.1035,0,0.27671232876712326,0.04283802979143815,3005.0,140.3
5195,143.1,144.7,0.1028,0,0.27671232876712326,0.04450054056505159,3010.0,143.89999999999998
5197,146.8,148.5,0.1024,0,0.27671232876712326,0.04616029198341618,3015.0,147.65
5199,150.4,152.2,0.1016,0,0.27671232876712326,0.04781729319104567,3020.0,151.3
5201,154.3,156.0,0.1011,19,0.27671232876712326,0.04947155328707216,3025.0,155.15
5203,158.1,159.9,0.1005,0,0.27671232876712326,0.051123081325545126,3030.0,159.0
5205,162.1,163.8,0.1,0,0.27671232876712326,0.05277188631572892,3035.0,162.95
5207,166.0,167.9,0.0995,0,0.27671232876712326,0.05441797722239764,3040.0,166.95
5209,170.0,171.9,0.0989,0,0.27671232876712326,0.05606136296612764,3045.0,170.95
5211,174.3,176.1,0.0988,19,0.27671232876712326,0.05770205242358753,3050.0,175.2
5213,178.4,180.3,0.0984,0,0.27671232876712326,0.059340054427825896,3055.0,179.35000000000002
5215,182.6,184.5,0.0979,0,0.27671232876712326,0.06097537776855663,3060.0,183.55
5217,186.9,188.9,0.0978,0,0.27671232876712326,0.06260803119244214,3065.0,187.9
5219,191.3,193.2,0.0976,0,0.27671232876712326,0.06423802340337319,3070.0,192.25
5221,195.6,197.6,0.0973,0,0.27671232876712326,0.06586536306274857,3075.0,196.6
5223,200.1,202.0,0.0972,0,0.27671232876712326,0.06749005878975045,3080.0,201.05
5225,204.5,206.5,0.097,0,0.27671232876712326,0.06911211916161847,3085.0,205.5
5227,209.0,211.0,0.0969,0,0.27671232876712326,0.07073155271392141,3090.0,210.0
5229,213.5,215.6,0.0968,0,0.27671232876712326,0.07234836794082672,3095.0,214.55
5231,218.0,220.1,0.0965,0,0.27671232876712326,0.07396257329536783,3100.0,219.05
5233,222.6,224.6,0.0963,0,0.27671232876712326,0.07557417718970934,3105.0,223.6
5235,227.3,229.4,0.0968,0,0.27671232876712326,0.07718318799541,3110.0,228.35000000000002
5237,236.5,238.6,0.0963,0,0.27671232876712326,0.08039346362565838,3120.0,237.55
5239,241.2,243.3,0.0963,0,0.27671232876712326,0.08199474499263221,3125.0,242.25
5241,245.9,248.0,0.0963,0,0.27671232876712326,0.08359346635632921,3130.0,246.95
5243,255.4,257.4,0.0963,0,0.27671232876712326,0.08678326172442932,3140.0,256.4
5245,264.8,267.0,0.0962,1,0.27671232876712326,0.08996291464180897,3150.0,265.9
5247,274.5,276.7,0.0972,0,0.27671232876712326,0.09313248940308798,3160.0,275.6
5249,284.1,286.3,0.0972,0,0.27671232876712326,0.09629204969345664,3170.0,285.20000000000005
5251,288.9,291.1,0.097,0,0.27671232876712326,0.09786809414892235,3175.0,290.0
5253,293.8,296.1,0.0982,0,0.27671232876712326,0.09944165859635283,3180.0,294.95000000000005
5255,313.1,315.3,0.0966,1,0.27671232876712326,0.10571127160994814,3200.0,314.20000000000005
5257,333.2,344.6,0.1008,0,0.27671232876712326,0.1134934120520032,3225.0,338.9
5259,358.1,369.4,0.107,0,0.27671232876712326,0.1212154581459134,3250.0,363.75
5261,406.8,418.1,0.0902,0,0.27671232876712326,0.13648293027670183,3300.0,412.45000000000005
5263,506.0,517.4,0.0963,0,0.27671232876712326,0.166335893426383,3400.0,511.7
5265,605.2,616.6,0.0,0,0.27671232876712326,0.19532343029963528,3500.0,610.9000000000001
5267,704.3,715.7,0.0,0,0.27671232876712326,0.22349430726633163,3600.0,710.0
5269,803.6,815.0,0.0,0,0.27671232876712326,0.25089328145444606,3700.0,809.3
5271,0.05,0.25,0.6133,385,0.3095890410958904,-1.0574395381957327,1000.0,0.15
5272,0.1,0.3,0.5739,0,0.3095890410958904,-0.9621293583914078,1100.0,0.2
5273,0.15,0.35,0.5346,0,0.3095890410958904,-0.875117981401778,1200.0,0.25
5274,0.2,0.45,0.5,10,0.3095890410958904,-0.7950752737282416,1300.0,0.325
5275,0.3,0.55,0.4679,9,0.3095890410958904,-0.7209673015745197,1400.0,0.42500000000000004
5276,0.45,0.65,0.4372,302,0.3095890410958904,-0.6519744300875684,1500.0,0.55
5277,0.6,0.85,0.4087,5,0.3095890410958904,-0.5874359089499972,1600.0,0.725
5278,0.75,0.95,0.3959,58,0.3095890410958904,-0.5566642502832435,1650.0,0.85
5279,0.85,1.1,0.3824,0,0.3095890410958904,-0.5268112871335623,1700.0,0.9750000000000001
5280,1.05,1.25,0.3703,54,0.3095890410958904,-0.49782375026031,1750.0,1.15
5281,1.25,1.4,0.3574,2489,0.3095890410958904,-0.4696528732936137,1800.0,1.325
5282,1.45,1.65,0.3453,275,0.3095890410958904,-0.4422538991054992,1850.0,1.5499999999999998
5283,1.75,1.95,0.3344,1271,0.3095890410958904,-0.4155856520233379,1900.0,1.85
5284,2.1,2.3,0.3234,393,0.3095890410958904,-0.3896101656200773,1950.0,2.2
5285,2.5,2.75,0.3126,663,0.3095890410958904,-0.3642923576357874,2000.0,2.625
5286,2.75,3.0,0.3074,220,0.3095890410958904,-0.35186983763723023,2025.0,2.875
5287,3.0,3.3,0.3022,139,0.3095890410958904,-0.33959974504541585,2050.0,3.15
5288,3.3,3.6,0.2971,404,0.3095890410958904,-0.32747838451307104,2075.0,3.45
5289,3.7,4.0,0.2928,218,0.3095890410958904,-0.3155021934663554,2100.0,3.85
5290,4.0,4.3,0.2869,162,0.3095890410958904,-0.3036677358193525,2125.0,4.15
5291,4.4,4.7,0.2819,71,0.3095890410958904,-0.29197169605616125,2150.0,4.550000000000001
5292,4.9,5.2,0.2774,1893,0.3095890410958904,-0.28041087365508527,2175.0,5.050000000000001
5293,5.4,5.6,0.2721,192,0.3095890410958904,-0.2689821778314625,2200.0,5.5
5294,5.9,6.2,0.2672,861,0.3095890410958904,-0.2576826225775291,2225.0,6.050000000000001
5295,6.5,6.8,0.2623,347,0.3095890410958904,-0.2465093219794039,2250.0,6.65
5296,7.1,7.4,0.2569,1606,0.3095890410958904,-0.23545948579281892,2275.0,7.25
5297,7.8,8.1,0.2519,1803,0.3095890410958904,-0.22453041526062864,2300.0,7.949999999999999
5298,8.5,8.9,0.2467,167,0.3095890410958904,-0.21371949915641303,2325.0,8.7
5299,9.4,9.8,0.242,250,0.3095890410958904,-0.20302421003966506,2350.0,9.600000000000001
5300,10.3,10.7,0.2367,712,0.3095890410958904,-0.19244210070912812,2375.0,10.5
5301,11.4,11.8,0.232,1138,0.3095890410958904,-0.1819708008418327,2400.0,11.600000000000001
5302,12.5,13.0,0.227,497,0.3095890410958904,-0.17160801380628612,2425.0,12.75
5303,13.3,13.7,0.224,22,0.3095890410958904,-0.16544149889062224,2440.0,13.5
5304,13.8,14.2,0.2219,3281,0.3095890410958904,-0.16135151363909703,2450.0,14.0
5305,14.4,14.8,0.2201,17,0.3095890410958904,-0.15727818825146125,2460.0,14.600000000000001
5306,14.9,15.4,0.218,96,0.3095890410958904,-0.1532213875558468,2470.0,15.15
5307,15.2,15.6,0.2169,5521,0.3095890410958904,-0.15119914217507902,2475.0,15.399999999999999
5308,15.5,15.9,0.2159,10,0.3095890410958904,-0.14918097801884186,2480.0,15.7
5309,16.1,16.6,0.214,89,0.3095890410958904,-0.14515682771911648,2490.0,16.35
5310,16.8,17.3,0.2122,3789,0.3095890410958904,-0.14114880632157759,2500.0,17.05
5311,17.5,17.9,0.2101,221,0.3095890410958904,-0.13715678505204018,2510.0,17.7
5312,18.1,18.6,0.2079,34,0.3095890410958904,-0.13318063667240068,2520.0,18.35
5313,18.5,19.0,0.207,721,0.3095890410958904,-0.1311984754684095,2525.0,18.75
5314,18.9,19.4,0.2061,200,0.3095890410958904,-0.1292202354563038,2530.0,19.15
5315,19.6,20.1,0.2039,4,0.3095890410958904,-0.1252754571652875,2540.0,19.85
5316,20.4,20.9,0.2019,529,0.3095890410958904,-0.12134617902539786,2550.0,20.65
5317,21.2,21.8,0.2,357,0.3095890410958904,-0.11743227970426158,2560.0,21.5
5318,22.1,22.6,0.1979,94,0.3095890410958904,-0.11353363928860419,2570.0,22.35
5319,22.5,23.1,0.1969,275,0.3095890410958904,-0.11159000408003318,2575.0,22.8
5320,23.0,23.5,0.1959,0,0.3095890410958904,-0.10965013926220661,2580.0,23.25
5321,23.9,24.4,0.1937,17,0.3095890410958904,-0.10578166248428633,2590.0,24.15
5322,24.9,25.4,0.1918,506,0.3095890410958904,-0.10192809316829628,2600.0,25.15
5323,25.9,26.4,0.1897,18,0.3095890410958904,-0.09808931686113065,2610.0,26.15
5324,26.9,27.5,0.1876,31,0.3095890410958904,-0.09426522042272713,2620.0,27.2
5325,27.4,28.0,0.1865,110,0.3095890410958904,-0.09235864215214558,2625.0,27.7
5326,28.0,28.6,0.1855,126,0.3095890410958904,-0.09045569200605948,2630.0,28.3
5327,29.1,29.7,0.1833,57,0.3095890410958904,-0.08666062103750792,2640.0,29.4
5328,30.3,30.9,0.1813,747,0.3095890410958904,-0.0828798981976018,2650.0,30.6
5329,31.6,32.2,0.1793,429,0.3095890410958904,-0.07911341540212498,2660.0,31.900000000000002
5330,32.9,33.5,0.1772,5,0.3095890410958904,-0.07536106578357445,2670.0,33.2
5331,33.6,34.2,0.1762,867,0.3095890410958904,-0.07349015784776276,2675.0,33.900000000000006
5332,34.3,34.9,0.1751,272,0.3095890410958904,-0.07162274367296735,2680.0,34.599999999999994
5333,35.7,36.3,0.173,153,0.3095890410958904,-0.06789834458198497,2690.0,36.0
5334,37.1,37.8,0.1708,2445,0.3095890410958904,-0.06418776518544925,2700.0,37.45
5335,38.7,39.4,0.1687,18,0.3095890410958904,-0.06049090330412315,2710.0,39.05
5336,40.3,41.0,0.1665,112,0.3095890410958904,-0.05680765788782678,2720.0,40.65
5337,41.1,41.8,0.1654,164,0.3095890410958904,-0.054971110080525236,2725.0,41.45
5338,42.0,42.7,0.1644,15,0.3095890410958904,-0.0531379289988643,2730.0,42.35
5339,43.7,44.5,0.1622,99,0.3095890410958904,-0.04948161779575385,2740.0,44.1
5340,45.5,46.3,0.1599,1644,0.3095890410958904,-0.045838626517252706,2750.0,45.9
5341,47.5,48.2,0.1577,233,0.3095890410958904,-0.04220885846667405,2760.0,47.85
5342,49.5,50.3,0.1556,8,0.3095890410958904,-0.038592217996485594,2770.0,49.9
5343,50.6,51.4,0.1546,181,0.3095890410958904,-0.0367887909973348,2775.0,51.0
5344,51.7,52.4,0.1534,46,0.3095890410958904,-0.03498861049318696,2780.0,52.05
5345,53.9,54.7,0.1512,1,0.3095890410958904,-0.03139794236245844,2790.0,54.3
5346,56.2,56.9,0.1489,695,0.3095890410958904,-0.027820121014574394,2800.0,56.55
5347,58.6,59.4,0.1466,22,0.3095890410958904,-0.02425505485007828,2810.0,59.0
5348,61.1,61.9,0.1443,18,0.3095890410958904,-0.020702653245710502,2820.0,61.5
5349,62.4,63.3,0.1432,240,0.3095890410958904,-0.018931173597328366,2825.0,62.849999999999994
5350,63.8,64.7,0.1421,61,0.3095890410958904,-0.017162826540586398,2830.0,64.25
5351,66.6,67.5,0.1398,25,0.3095890410958904,-0.013635486022618026,2840.0,67.05
5352,69.5,70.4,0.1375,314,0.3095890410958904,-0.010120543915173473,2850.0,69.95
5353,72.6,73.5,0.1352,96,0.3095890410958904,-0.006617913363971453,2860.0,73.05
5354,75.9,76.9,0.133,29,0.3095890410958904,-0.0031275084242029776,2870.0,76.4
5355,77.6,78.6,0.1319,11,0.3095890410958904,-0.0013868639464188668,2875.0,78.1
5356,79.3,80.3,0.1307,41,0.3095890410958904,0.0003507559521219104,2880.0,79.8
5357,82.9,84.0,0.1284,5,0.3095890410958904,0.003816963928608097,2890.0,83.45
5358,86.8,87.9,0.1263,43,0.3095890410958904,0.007271198796695605,2900.0,87.35
5359,90.8,91.9,0.124,0,0.3095890410958904,0.010713542987668584,2910.0,91.35
5360,95.0,96.2,0.1218,0,0.3095890410958904,0.014144078084457773,2920.0,95.6
5361,97.3,98.5,0.1208,2,0.3095890410958904,0.01585494248808719,2925.0,97.9
5362,99.5,100.8,0.1197,0,0.3095890410958904,0.017562884833243288,2930.0,100.15
5363,104.3,105.6,0.1176,0,0.3095890410958904,0.02097004315485755,2940.0,104.94999999999999
5364,109.3,110.7,0.1156,0,0.3095890410958904,0.02436563215599572,2950.0,110.0
5365,114.5,115.9,0.1134,0,0.3095890410958904,0.027749730140236226,2960.0,115.2
5366,120.1,121.6,0.1116,0,0.3095890410958904,0.031122414618875646,2970.0,120.85
5367,123.0,124.6,0.1108,1,0.3095890410958904,0.03280450080186045,2975.0,123.8
5368,126.1,127.5,0.1099,0,0.3095890410958904,0.03448376232158044,2980.0,126.8
5369,132.3,133.8,0.1083,0,0.3095890410958904,0.03783384920686237,2990.0,133.05
5370,138.7,140.3,0.1066,1,0.3095890410958904,0.04117275047237696,3000.0,139.5
5371,156.0,157.8,0.1029,0,0.3095890410958904,0.04947155328707216,3025.0,156.9
5372,175.2,177.2,0.1003,0,0.3095890410958904,0.05770205242358753,3050.0,176.2
5373,195.9,198.0,0.0985,0,0.3095890410958904,0.06586536306274857,3075.0,196.95
5374,217.9,219.9,0.0976,0,0.3095890410958904,0.07396257329536783,3100.0,218.9
5375,240.6,242.7,0.0972,0,0.3095890410958904,0.08199474499263221,3125.0,241.64999999999998
5376,264.0,266.1,0.0974,0,0.3095890410958904,0.08996291464180897,3150.0,265.05
5377,287.8,290.0,0.0983,0,0.3095890410958904,0.09786809414892235,3175.0,288.9
5378,311.8,314.0,0.0984,0,0.3095890410958904,0.10571127160994814,3200.0,312.9
5379,356.6,368.0,0.1082,0,0.3095890410958904,0.1212154581459134,3250.0,362.3
5380,405.1,416.5,0.1029,0,0.3095890410958904,0.13648293027670183,3300.0,410.8
5381,504.0,515.4,0.1105,0,0.3095890410958904,0.166335893426383,3400.0,509.7
5382,603.0,614.4,0.0,0,0.3095890410958904,0.19532343029963528,3500.0,608.7
5384,0.15,0.25,0.5876,720,0.35342465753424657,-1.0574395381957327,1000.0,0.2
5386,0.1,0.3,0.5366,0,0.35342465753424657,-0.9621293583914078,1100.0,0.2
5388,0.2,0.4,0.5083,0,0.35342465753424657,-0.875117981401778,1200.0,0.30000000000000004
5390,0.25,0.5,0.4741,7,0.35342465753424657,-0.7950752737282416,1300.0,0.375
5392,0.35,0.6,0.4529,40,0.35342465753424657,-0.738985807077198,1375.0,0.475
5394,0.4,0.6,0.4449,60,0.35342465753424657,-0.7209673015745197,1400.0,0.5
5396,0.45,0.65,0.4389,5,0.35342465753424657,-0.7032677244751188,1425.0,0.55
5398,0.45,0.7,0.4308,7,0.35342465753424657,-0.6858759817632497,1450.0,0.575
5400,0.5,0.75,0.4244,33,0.35342465753424657,-0.6687815484039495,1475.0,0.625
5402,0.55,0.8,0.4179,538,0.35342465753424657,-0.6519744300875684,1500.0,0.675
5404,0.6,0.85,0.4111,0,0.35342465753424657,-0.6354451281363578,1525.0,0.725
5406,0.65,0.9,0.4044,0,0.35342465753424657,-0.6191846072645775,1550.0,0.775
5408,0.75,0.95,0.3988,10,0.35342465753424657,-0.6031842659181363,1575.0,0.85
5410,0.8,1.05,0.3928,20,0.35342465753424657,-0.5874359089499972,1600.0,0.925
5412,0.85,1.1,0.3857,30,0.35342465753424657,-0.5719317224140319,1625.0,0.9750000000000001
5414,0.95,1.2,0.3805,505,0.35342465753424657,-0.5566642502832435,1650.0,1.075
5416,1.05,1.25,0.3741,0,0.35342465753424657,-0.541626372918703,1675.0,1.15
5418,1.15,1.35,0.3684,35,0.35342465753424657,-0.5268112871335623,1700.0,1.25
5420,1.25,1.45,0.3625,38,0.35342465753424657,-0.5122124877124096,1725.0,1.35
5422,1.35,1.6,0.3572,15,0.35342465753424657,-0.49782375026031,1750.0,1.475
5424,1.45,1.7,0.3509,13,0.35342465753424657,-0.48363911526835357,1775.0,1.575
5426,1.6,1.85,0.3458,100,0.35342465753424657,-0.4696528732936137,1800.0,1.725
5428,1.75,2.0,0.3403,13,0.35342465753424657,-0.45585955116127785,1825.0,1.875
5430,1.9,2.15,0.3347,36,0.35342465753424657,-0.4422538991054992,1850.0,2.025
5432,2.1,2.35,0.3299,25,0.35342465753424657,-0.42883087877335857,1875.0,2.225
5434,2.3,2.55,0.3247,10,0.35342465753424657,-0.4155856520233379,1900.0,2.425
5436,2.5,2.75,0.3193,8,0.35342465753424657,-0.4025135704559851,1925.0,2.625
5438,2.75,3.0,0.3144,206,0.35342465753424657,-0.3896101656200773,1950.0,2.875
5440,3.0,3.3,0.3096,5,0.35342465753424657,-0.3768711398426475,1975.0,3.15
5442,3.3,3.6,0.3048,208,0.35342465753424657,-0.3642923576357874,2000.0,3.45
5444,3.6,3.9,0.2997,3,0.35342465753424657,-0.35186983763723023,2025.0,3.75
5446,3.9,4.2,0.2942,13,0.35342465753424657,-0.33959974504541585,2050.0,4.05
5448,4.3,4.6,0.2897,4,0.35342465753424657,-0.32747838451307104,2075.0,4.449999999999999
5450,4.7,5.0,0.2847,17,0.35342465753424657,-0.3155021934663554,2100.0,4.85
5452,5.2,5.5,0.2804,171,0.35342465753424657,-0.3036677358193525,2125.0,5.35
5454,5.7,6.0,0.2756,73,0.35342465753424657,-0.29197169605616125,2150.0,5.85
5456,6.2,6.5,0.2705,33,0.35342465753424657,-0.28041087365508527,2175.0,6.35
5458,6.8,7.2,0.2662,18,0.35342465753424657,-0.2689821778314625,2200.0,7.0
5460,7.5,7.8,0.2615,16,0.35342465753424657,-0.2576826225775291,2225.0,7.65
5462,8.2,8.5,0.2567,42,0.35342465753424657,-0.2465093219794039,2250.0,8.35
5464,9.0,9.3,0.2521,99,0.35342465753424657,-0.23545948579281892,2275.0,9.15
5466,9.8,10.2,0.2473,20,0.35342465753424657,-0.22453041526062864,2300.0,10.0
5468,10.8,11.1,0.2427,32,0.35342465753424657,-0.21371949915641303,2325.0,10.95
5470,11.8,12.2,0.2381,266,0.35342465753424657,-0.20302421003966506,2350.0,12.0
5472,12.9,13.3,0.2333,80,0.35342465753424657,-0.19244210070912812,2375.0,13.100000000000001
5474,14.2,14.6,0.2288,124,0.35342465753424657,-0.1819708008418327,2400.0,14.399999999999999
5476,15.5,15.9,0.2239,13,0.35342465753424657,-0.17160801380628612,2425.0,15.7
5478,17.0,17.4,0.2192,348,0.35342465753424657,-0.16135151363909703,2450.0,17.2
5480,18.6,19.0,0.2144,213,0.35342465753424657,-0.15119914217507902,2475.0,18.8
5482,20.5,20.9,0.2099,2344,0.35342465753424657,-0.14114880632157759,2500.0,20.7
5484,22.5,22.9,0.2052,16,0.35342465753424657,-0.1311984754684095,2525.0,22.7
5486,24.6,25.1,0.2004,102,0.35342465753424657,-0.12134617902539786,2550.0,24.85
5488,27.0,27.5,0.1956,68,0.35342465753424657,-0.11159000408003318,2575.0,27.25
5490,29.7,30.1,0.1908,157,0.35342465753424657,-0.10192809316829628,2600.0,29.9
5492,32.5,33.0,0.1858,41,0.35342465753424657,-0.09235864215214558,2625.0,32.75
5494,35.7,36.3,0.1809,248,0.35342465753424657,-0.0828798981976018,2650.0,36.0
5496,39.3,39.8,0.176,68,0.35342465753424657,-0.07349015784776276,2675.0,39.55
5498,43.2,43.8,0.1711,43,0.35342465753424657,-0.06418776518544925,2700.0,43.5
5500,47.5,48.1,0.166,150,0.35342465753424657,-0.054971110080525236,2725.0,47.8
5502,52.3,52.9,0.1609,226,0.35342465753424657,-0.045838626517252706,2750.0,52.599999999999994
5504,57.5,58.2,0.1556,58,0.35342465753424657,-0.0367887909973348,2775.0,57.85
5506,63.4,64.2,0.1504,164,0.35342465753424657,-0.027820121014574394,2800.0,63.8
5508,69.9,70.7,0.145,32,0.35342465753424657,-0.018931173597328366,2825.0,70.30000000000001
5510,77.1,78.0,0.1396,33,0.35342465753424657,-0.010120543915173473,2850.0,77.55
5512,85.3,86.2,0.1342,89,0.35342465753424657,-0.0013868639464188668,2875.0,85.75
5514,94.5,95.4,0.1288,37,0.35342465753424657,0.007271198796695605,2900.0,94.95
5516,104.8,105.9,0.1235,7,0.35342465753424657,0.01585494248808719,2925.0,105.35
5518,116.5,117.8,0.1184,49,0.35342465753424657,0.02436563215599572,2950.0,117.15
5520,129.9,131.2,0.1138,0,0.35342465753424657,0.03280450080186045,2975.0,130.55
5522,145.0,146.3,0.1096,0,0.35342465753424657,0.04117275047237696,3000.0,145.65
5524,161.6,163.0,0.1057,0,0.35342465753424657,0.04947155328707216,3025.0,162.3
5526,179.9,181.5,0.1026,0,0.35342465753424657,0.05770205242358753,3050.0,180.7
5528,199.8,201.5,0.1003,0,0.35342465753424657,0.06586536306274857,3075.0,200.65
5530,220.9,222.9,0.0988,0,0.35342465753424657,0.07396257329536783,3100.0,221.9
5532,243.1,245.2,0.0981,0,0.35342465753424657,0.08199474499263221,3125.0,244.14999999999998
5534,265.7,268.1,0.097,0,0.35342465753424657,0.08996291464180897,3150.0,266.9
5536,288.8,291.5,0.0958,0,0.35342465753424657,0.09786809414892235,3175.0,290.15
5538,310.7,318.4,0.0996,0,0.35342465753424657,0.10571127160994814,3200.0,314.54999999999995
5540,330.5,345.3,0.0941,0,0.35342465753424657,0.1134934120520032,3225.0,337.9
5542,354.7,369.5,0.0924,0,0.35342465753424657,0.1212154581459134,3250.0,362.1
5544,403.6,418.3,0.0847,0,0.35342465753424657,0.13648293027670183,3300.0,410.95000000000005
5546,502.1,516.7,0.0,0,0.35342465753424657,0.166335893426383,3400.0,509.40000000000003
5548,600.9,615.5,0.0,0,0.35342465753424657,0.19532343029963528,3500.0,608.2
5550,699.8,714.4,0.0,0,0.35342465753424657,0.22349430726633163,3600.0,707.0999999999999
5552,798.8,813.4,0.0,0,0.35342465753424657,0.25089328145444606,3700.0,806.0999999999999
5554,0.15,0.3,0.5646,165,0.3917808219178082,-1.0574395381957327,1000.0,0.22499999999999998
5555,0.2,0.35,0.5248,0,0.3917808219178082,-0.9621293583914078,1100.0,0.275
5556,0.25,0.45,0.4902,2,0.3917808219178082,-0.875117981401778,1200.0,0.35
5557,0.35,0.55,0.4586,60,0.3917808219178082,-0.7950752737282416,1300.0,0.45
5558,0.45,0.65,0.427,1,0.3917808219178082,-0.7209673015745197,1400.0,0.55
5559,0.65,0.8,0.4003,449,0.3917808219178082,-0.6519744300875684,1500.0,0.7250000000000001
5560,0.95,1.1,0.3778,25,0.3917808219178082,-0.5874359089499972,1600.0,1.025
5561,1.1,1.3,0.3664,0,0.3917808219178082,-0.5566642502832435,1650.0,1.2000000000000002
5562,1.35,1.55,0.3566,16,0.3917808219178082,-0.5268112871335623,1700.0,1.4500000000000002
5563,1.6,1.8,0.3457,0,0.3917808219178082,-0.49782375026031,1750.0,1.7000000000000002
5564,1.9,2.1,0.3352,236,0.3917808219178082,-0.4696528732936137,1800.0,2.0
5565,2.3,2.5,0.3257,20,0.3917808219178082,-0.4422538991054992,1850.0,2.4
5566,2.75,3.0,0.3164,578,0.3917808219178082,-0.4155856520233379,1900.0,2.875
5567,3.3,3.6,0.3072,211,0.3917808219178082,-0.3896101656200773,1950.0,3.45
5568,4.0,4.3,0.2984,362,0.3917808219178082,-0.3642923576357874,2000.0,4.15
5569,4.8,5.1,0.2893,429,0.3917808219178082,-0.33959974504541585,2050.0,4.949999999999999
5570,5.3,5.5,0.2847,9,0.3917808219178082,-0.32747838451307104,2075.0,5.4
5571,5.8,6.0,0.2802,82,0.3917808219178082,-0.3155021934663554,2100.0,5.9
5572,6.3,6.6,0.2758,32,0.3917808219178082,-0.3036677358193525,2125.0,6.449999999999999
5573,6.9,7.2,0.2714,35,0.3917808219178082,-0.29197169605616125,2150.0,7.050000000000001
5574,7.5,7.8,0.2666,840,0.3917808219178082,-0.28041087365508527,2175.0,7.65
5575,8.2,8.5,0.2622,109,0.3917808219178082,-0.2689821778314625,2200.0,8.35
5576,9.0,9.3,0.2579,79,0.3917808219178082,-0.2576826225775291,2225.0,9.15
5577,9.7,10.1,0.253,46,0.3917808219178082,-0.2465093219794039,2250.0,9.899999999999999
5578,10.6,11.0,0.2486,28,0.3917808219178082,-0.23545948579281892,2275.0,10.8
5579,11.6,12.0,0.2442,404,0.3917808219178082,-0.22453041526062864,2300.0,11.8
5580,12.7,13.1,0.2399,13,0.3917808219178082,-0.21371949915641303,2325.0,12.899999999999999
5581,13.8,14.3,0.2353,2,0.3917808219178082,-0.20302421003966506,2350.0,14.05
5582,15.1,15.6,0.231,521,0.3917808219178082,-0.19244210070912812,2375.0,15.35
5583,16.5,17.0,0.2265,189,0.3917808219178082,-0.1819708008418327,2400.0,16.75
5584,18.0,18.5,0.2219,173,0.3917808219178082,-0.17160801380628612,2425.0,18.25
5585,19.6,20.1,0.2173,166,0.3917808219178082,-0.16135151363909703,2450.0,19.85
5586,21.4,22.0,0.2129,789,0.3917808219178082,-0.15119914217507902,2475.0,21.7
5587,22.6,23.1,0.2101,716,0.3917808219178082,-0.14515682771911648,2490.0,22.85
5588,23.4,24.0,0.2084,614,0.3917808219178082,-0.14114880632157759,2500.0,23.7
5589,24.2,24.8,0.2065,15,0.3917808219178082,-0.13715678505204018,2510.0,24.5
5590,25.1,25.7,0.2047,5,0.3917808219178082,-0.13318063667240068,2520.0,25.4
5591,25.6,26.1,0.2038,291,0.3917808219178082,-0.1311984754684095,2525.0,25.85
5592,26.0,26.6,0.2029,88,0.3917808219178082,-0.1292202354563038,2530.0,26.3
5593,27.0,27.6,0.2012,18,0.3917808219178082,-0.1252754571652875,2540.0,27.3
5594,28.0,28.5,0.1993,76,0.3917808219178082,-0.12134617902539786,2550.0,28.25
5595,29.0,29.5,0.1974,0,0.3917808219178082,-0.11743227970426158,2560.0,29.25
5596,30.0,30.6,0.1956,6,0.3917808219178082,-0.11353363928860419,2570.0,30.3
5597,30.6,31.1,0.1947,23,0.3917808219178082,-0.11159000408003318,2575.0,30.85
5598,31.1,31.7,0.1938,6,0.3917808219178082,-0.10965013926220661,2580.0,31.4
5599,32.2,32.8,0.1919,356,0.3917808219178082,-0.10578166248428633,2590.0,32.5
5600,33.4,34.0,0.1901,24,0.3917808219178082,-0.10192809316829628,2600.0,33.7
5601,34.6,35.2,0.1882,361,0.3917808219178082,-0.09808931686113065,2610.0,34.900000000000006
5602,35.8,36.5,0.1864,144,0.3917808219178082,-0.09426522042272713,2620.0,36.15
5603,36.4,37.1,0.1853,255,0.3917808219178082,-0.09235864215214558,2625.0,36.75
5604,37.1,37.8,0.1845,0,0.3917808219178082,-0.09045569200605948,2630.0,37.45
5605,38.5,39.1,0.1826,17,0.3917808219178082,-0.08666062103750792,2640.0,38.8
5606,39.9,40.5,0.1807,54,0.3917808219178082,-0.0828798981976018,2650.0,40.2
5607,41.3,42.0,0.1788,3,0.3917808219178082,-0.07911341540212498,2660.0,41.65
5608,42.9,43.5,0.177,1,0.3917808219178082,-0.07536106578357445,2670.0,43.2
5609,43.6,44.3,0.176,15,0.3917808219178082,-0.07349015784776276,2675.0,43.95
5610,44.4,45.1,0.175,2,0.3917808219178082,-0.07162274367296735,2680.0,44.75
5611,46.1,46.7,0.1732,0,0.3917808219178082,-0.06789834458198497,2690.0,46.400000000000006
5612,47.8,48.4,0.1713,8,0.3917808219178082,-0.06418776518544925,2700.0,48.099999999999994
5613,49.5,50.2,0.1693,0,0.3917808219178082,-0.06049090330412315,2710.0,49.85
5614,51.3,52.0,0.1674,13,0.3917808219178082,-0.05680765788782678,2720.0,51.65
5615,52.3,52.9,0.1664,21,0.3917808219178082,-0.054971110080525236,2725.0,52.599999999999994
5616,53.2,53.9,0.1654,2,0.3917808219178082,-0.0531379289988643,2730.0,53.55
5617,55.2,55.9,0.1635,20,0.3917808219178082,-0.04948161779575385,2740.0,55.55
5618,57.2,58.0,0.1616,22,0.3917808219178082,-0.045838626517252706,2750.0,57.6
5619,59.4,60.1,0.1596,25,0.3917808219178082,-0.04220885846667405,2760.0,59.75
5620,61.6,62.3,0.1576,11,0.3917808219178082,-0.038592217996485594,2770.0,61.95
5621,62.7,63.4,0.1566,8,0.3917808219178082,-0.0367887909973348,2775.0,63.05
5622,63.8,64.6,0.1556,6,0.3917808219178082,-0.03498861049318696,2780.0,64.19999999999999
5623,66.2,66.9,0.1535,0,0.3917808219178082,-0.03139794236245844,2790.0,66.55000000000001
5624,68.7,69.5,0.1516,226,0.3917808219178082,-0.027820121014574394,2800.0,69.1
5625,71.2,72.1,0.1495,0,0.3917808219178082,-0.02425505485007828,2810.0,71.65
5626,73.9,74.7,0.1474,6,0.3917808219178082,-0.020702653245710502,2820.0,74.30000000000001
5627,75.3,76.2,0.1465,354,0.3917808219178082,-0.018931173597328366,2825.0,75.75
5628,76.7,77.6,0.1454,0,0.3917808219178082,-0.017162826540586398,2830.0,77.15
5629,79.6,80.5,0.1434,9,0.3917808219178082,-0.013635486022618026,2840.0,80.05
5630,82.6,83.5,0.1412,154,0.3917808219178082,-0.010120543915173473,2850.0,83.05
5631,85.8,86.7,0.1392,17,0.3917808219178082,-0.006617913363971453,2860.0,86.25
5632,89.1,90.0,0.1371,6,0.3917808219178082,-0.0031275084242029776,2870.0,89.55
5633,90.7,91.7,0.136,251,0.3917808219178082,-0.0013868639464188668,2875.0,91.2
5634,92.5,93.5,0.1351,0,0.3917808219178082,0.0003507559521219104,2880.0,93.0
5635,96.0,97.1,0.1329,0,0.3917808219178082,0.003816963928608097,2890.0,96.55
5636,99.9,100.9,0.1309,3,0.3917808219178082,0.007271198796695605,2900.0,100.4
5637,103.7,104.8,0.1287,0,0.3917808219178082,0.010713542987668584,2910.0,104.25
5638,107.9,109.0,0.1268,0,0.3917808219178082,0.014144078084457773,2920.0,108.45
5639,110.0,111.2,0.1258,0,0.3917808219178082,0.01585494248808719,2925.0,110.6
5640,112.2,113.4,0.1248,2,0.3917808219178082,0.017562884833243288,2930.0,112.80000000000001
5641,116.7,118.0,0.1228,5,0.3917808219178082,0.02097004315485755,2940.0,117.35
5642,121.5,122.8,0.1209,1,0.3917808219178082,0.02436563215599572,2950.0,122.15
5643,126.4,127.7,0.1189,0,0.3917808219178082,0.027749730140236226,2960.0,127.05000000000001
5644,131.7,133.0,0.1172,0,0.3917808219178082,0.031122414618875646,2970.0,132.35
5645,134.4,135.8,0.1163,0,0.3917808219178082,0.03280450080186045,2975.0,135.10000000000002
5646,137.2,138.6,0.1155,0,0.3917808219178082,0.03448376232158044,2980.0,137.89999999999998
5647,142.8,144.3,0.1136,0,0.3917808219178082,0.03783384920686237,2990.0,143.55
5648,148.8,150.3,0.112,0,0.3917808219178082,0.04117275047237696,3000.0,149.55
5649,164.9,166.5,0.1083,0,0.3917808219178082,0.04947155328707216,3025.0,165.7
5650,182.6,184.4,0.1052,0,0.3917808219178082,0.05770205242358753,3050.0,183.5
5651,201.8,203.7,0.1028,0,0.3917808219178082,0.06586536306274857,3075.0,202.75
5652,222.3,224.3,0.101,0,0.3917808219178082,0.07396257329536783,3100.0,223.3
5653,243.7,245.8,0.0993,0,0.3917808219178082,0.08199474499263221,3125.0,244.75
5654,266.2,268.3,0.0988,21,0.3917808219178082,0.08996291464180897,3150.0,267.25
5655,288.9,291.6,0.0983,0,0.3917808219178082,0.09786809414892235,3175.0,290.25
5656,312.3,315.0,0.0977,1,0.3917808219178082,0.10571127160994814,3200.0,313.65
5657,359.5,364.6,0.1019,0,0.3917808219178082,0.1212154581459134,3250.0,362.05
5658,407.9,413.0,0.1019,0,0.3917808219178082,0.13648293027670183,3300.0,410.45
5659,502.6,515.3,0.1122,20,0.3917808219178082,0.166335893426383,3400.0,508.95
5660,601.3,613.9,0.1184,0,0.3917808219178082,0.19532343029963528,3500.0,607.5999999999999
5758,0.15,0.35,0.5166,0,0.4767123287671233,-1.0574395381957327,1000.0,0.25
5759,0.2,0.4,0.4797,5,0.4767123287671233,-0.9621293583914078,1100.0,0.30000000000000004
5760,0.3,0.55,0.453,12,0.4767123287671233,-0.875117981401778,1200.0,0.42500000000000004
5761,0.45,0.65,0.4246,13,0.4767123287671233,-0.7950752737282416,1300.0,0.55
5762,0.55,0.75,0.4126,15,0.4767123287671233,-0.7573349457453945,1350.0,0.65
5763,0.65,0.85,0.4002,5,0.4767123287671233,-0.7209673015745197,1400.0,0.75
5764,0.75,0.95,0.3872,0,0.4767123287671233,-0.6858759817632497,1450.0,0.85
5765,0.85,1.0,0.3819,0,0.4767123287671233,-0.6687815484039495,1475.0,0.925
5766,0.9,1.1,0.3763,1144,0.4767123287671233,-0.6519744300875684,1500.0,1.0
5767,1.0,1.15,0.3706,2,0.4767123287671233,-0.6354451281363578,1525.0,1.075
5768,1.1,1.25,0.3656,501,0.4767123287671233,-0.6191846072645775,1550.0,1.175
5769,1.2,1.35,0.3604,3,0.4767123287671233,-0.6031842659181363,1575.0,1.275
5770,1.3,1.5,0.3558,269,0.4767123287671233,-0.5874359089499972,1600.0,1.4
5771,1.45,1.6,0.3509,5,0.4767123287671233,-0.5719317224140319,1625.0,1.525
5772,1.6,1.75,0.3464,660,0.4767123287671233,-0.5566642502832435,1650.0,1.675
5773,1.75,1.9,0.3417,553,0.4767123287671233,-0.541626372918703,1675.0,1.825
5774,1.9,2.05,0.3367,441,0.4767123287671233,-0.5268112871335623,1700.0,1.9749999999999999
5775,2.05,2.25,0.332,70,0.4767123287671233,-0.5122124877124096,1725.0,2.15
5776,2.25,2.4,0.3271,524,0.4767123287671233,-0.49782375026031,1750.0,2.325
5777,2.45,2.65,0.3229,67,0.4767123287671233,-0.48363911526835357,1775.0,2.55
5778,2.7,2.85,0.3183,578,0.4767123287671233,-0.4696528732936137,1800.0,2.7750000000000004
5779,2.95,3.2,0.3147,155,0.4767123287671233,-0.45585955116127785,1825.0,3.075
5780,3.2,3.5,0.3103,161,0.4767123287671233,-0.4422538991054992,1850.0,3.35
5781,3.5,3.8,0.306,275,0.4767123287671233,-0.42883087877335857,1875.0,3.65
5782,3.8,4.1,0.3014,351,0.4767123287671233,-0.4155856520233379,1900.0,3.9499999999999997
5783,4.2,4.5,0.2976,682,0.4767123287671233,-0.4025135704559851,1925.0,4.35
5784,4.6,4.9,0.2935,934,0.4767123287671233,-0.3896101656200773,1950.0,4.75
5785,5.0,5.3,0.2891,507,0.4767123287671233,-0.3768711398426475,1975.0,5.15
5786,5.5,5.8,0.2853,2095,0.4767123287671233,-0.3642923576357874,2000.0,5.65
5787,6.0,6.4,0.2816,133,0.4767123287671233,-0.35186983763723023,2025.0,6.2
5788,6.6,6.9,0.2775,101,0.4767123287671233,-0.33959974504541585,2050.0,6.75
5789,7.2,7.5,0.2734,86,0.4767123287671233,-0.32747838451307104,2075.0,7.35
5790,7.8,8.2,0.2693,1269,0.4767123287671233,-0.3155021934663554,2100.0,8.0
5791,8.5,8.9,0.2653,59,0.4767123287671233,-0.3036677358193525,2125.0,8.7
5792,9.3,9.7,0.2614,251,0.4767123287671233,-0.29197169605616125,2150.0,9.5
5793,10.1,10.5,0.2572,134,0.4767123287671233,-0.28041087365508527,2175.0,10.3
5794,11.0,11.4,0.2532,497,0.4767123287671233,-0.2689821778314625,2200.0,11.2
5795,11.9,12.4,0.2491,38,0.4767123287671233,-0.2576826225775291,2225.0,12.15
5796,12.5,13.0,0.2466,0,0.4767123287671233,-0.25096367232878414,2240.0,12.75
5797,13.0,13.5,0.2453,2773,0.4767123287671233,-0.2465093219794039,2250.0,13.25
5798,13.4,13.9,0.2435,169,0.4767123287671233,-0.2420747249115382,2260.0,13.65
5799,13.9,14.3,0.2419,0,0.4767123287671233,-0.23765970670242131,2270.0,14.100000000000001
5800,14.1,14.6,0.2411,227,0.4767123287671233,-0.23545948579281892,2275.0,14.35
5801,14.3,14.8,0.2402,0,0.4767123287671233,-0.2332640952293833,2280.0,14.55
5802,14.8,15.3,0.2386,91,0.4767123287671233,-0.22888772062958446,2290.0,15.05
5803,15.3,15.8,0.237,1112,0.4767123287671233,-0.22453041526062864,2300.0,15.55
5804,15.8,16.3,0.2353,15,0.4767123287671233,-0.22019201366203053,2310.0,16.05
5805,16.4,16.9,0.2339,0,0.4767123287671233,-0.21587235251751405,2320.0,16.65
5806,16.6,17.1,0.2328,160,0.4767123287671233,-0.21371949915641303,2325.0,16.85
5807,16.9,17.4,0.2321,0,0.4767123287671233,-0.21157127061812347,2330.0,17.15
5808,17.5,18.0,0.2306,0,0.4767123287671233,-0.20728860882612268,2340.0,17.75
5809,18.1,18.6,0.229,31,0.4767123287671233,-0.20302421003966506,2350.0,18.35
5810,18.7,19.2,0.2273,0,0.4767123287671233,-0.198777919158214,2360.0,18.95
5811,19.3,19.8,0.2256,0,0.4767123287671233,-0.1945495830486928,2370.0,19.55
5812,19.6,20.1,0.2247,110,0.4767123287671233,-0.19244210070912812,2375.0,19.85
5813,19.9,20.5,0.224,0,0.4767123287671233,-0.19033905051234934,2380.0,20.2
5814,20.6,21.1,0.2223,0,0.4767123287671233,-0.18614617225231345,2390.0,20.85
5815,21.3,21.8,0.2207,2885,0.4767123287671233,-0.1819708008418327,2400.0,21.55
5816,22.0,22.5,0.219,29,0.4767123287671233,-0.17781279069316908,2410.0,22.25
5817,22.7,23.3,0.2174,0,0.4767123287671233,-0.1736719980271376,2420.0,23.0
5818,23.1,23.6,0.2165,706,0.4767123287671233,-0.17160801380628612,2425.0,23.35
5819,23.5,24.0,0.2158,0,0.4767123287671233,-0.16954828084327558,2430.0,23.75
5820,24.2,24.8,0.214,0,0.4767123287671233,-0.16544149889062224,2440.0,24.5
5821,25.0,25.6,0.2124,4260,0.4767123287671233,-0.16135151363909703,2450.0,25.3
5822,25.9,26.4,0.2108,0,0.4767123287671233,-0.15727818825146125,2460.0,26.15
5823,26.7,27.3,0.2091,0,0.4767123287671233,-0.1532213875558468,2470.0,27.0
5824,27.2,27.7,0.2083,372,0.4767123287671233,-0.15119914217507902,2475.0,27.45
5825,27.6,28.2,0.2074,0,0.4767123287671233,-0.14918097801884186,2480.0,27.9
5826,28.5,29.1,0.2057,0,0.4767123287671233,-0.14515682771911648,2490.0,28.8
5827,29.0,29.6,0.205,0,0.4767123287671233,-0.14315080899225063,2495.0,29.3
5828,29.5,30.1,0.2042,566,0.4767123287671233,-0.14114880632157759,2500.0,29.8
5829,29.9,30.5,0.2032,6,0.4767123287671233,-0.13915080365890456,2505.0,30.2
5830,30.4,31.0,0.2024,0,0.4767123287671233,-0.13715678505204018,2510.0,30.7
5831,30.9,31.5,0.2015,0,0.4767123287671233,-0.1351667346440302,2515.0,31.2
5832,31.4,32.0,0.2007,0,0.4767123287671233,-0.13318063667240068,2520.0,31.7
5833,32.0,32.6,0.2,883,0.4767123287671233,-0.1311984754684095,2525.0,32.3
5834,32.5,33.1,0.1991,0,0.4767123287671233,-0.1292202354563038,2530.0,32.8
5835,33.0,33.6,0.1982,0,0.4767123287671233,-0.12724590115258622,2535.0,33.3
5836,33.6,34.2,0.1975,5,0.4767123287671233,-0.1252754571652875,2540.0,33.900000000000006
5837,34.1,34.7,0.1965,23,0.4767123287671233,-0.12330888819324655,2545.0,34.400000000000006
5838,34.7,35.3,0.1958,277,0.4767123287671233,-0.12134617902539786,2550.0,35.0
5839,35.3,35.9,0.195,0,0.4767123287671233,-0.11938731454006492,2555.0,35.599999999999994
5840,35.9,36.4,0.1941,0,0.4767123287671233,-0.11743227970426158,2560.0,36.15
5841,36.5,37.1,0.1934,0,0.4767123287671233,-0.11548105957299987,2565.0,36.8
5842,37.1,37.7,0.1925,2,0.4767123287671233,-0.11353363928860419,2570.0,37.400000000000006
5843,37.7,38.2,0.1916,105,0.4767123287671233,-0.11159000408003318,2575.0,37.95
5844,38.3,38.9,0.1908,0,0.4767123287671233,-0.10965013926220661,2580.0,38.599999999999994
5845,38.9,39.5,0.1899,0,0.4767123287671233,-0.10771403023534024,2585.0,39.2
5846,39.6,40.2,0.1891,0,0.4767123287671233,-0.10578166248428633,2590.0,39.900000000000006
5847,40.2,40.8,0.1882,5,0.4767123287671233,-0.10385302157788065,2595.0,40.5
5848,40.9,41.5,0.1874,1672,0.4767123287671233,-0.10192809316829628,2600.0,41.2
5849,41.6,42.2,0.1866,0,0.4767123287671233,-0.10000686299040243,2605.0,41.900000000000006
5850,42.2,42.9,0.1857,0,0.4767123287671233,-0.09808931686113065,2610.0,42.55
5851,42.9,43.6,0.1849,0,0.4767123287671233,-0.0961754406788465,2615.0,43.25
5852,43.7,44.3,0.1841,0,0.4767123287671233,-0.09426522042272713,2620.0,44.0
5853,44.4,45.0,0.1832,1967,0.4767123287671233,-0.09235864215214558,2625.0,44.7
5854,45.1,45.7,0.1823,0,0.4767123287671233,-0.09045569200605948,2630.0,45.400000000000006
5855,45.9,46.5,0.1815,0,0.4767123287671233,-0.08855635620240704,2635.0,46.2
5856,46.6,47.2,0.1805,0,0.4767123287671233,-0.08666062103750792,2640.0,46.900000000000006
5857,47.4,48.0,0.1797,0,0.4767123287671233,-0.08476847288546992,2645.0,47.7
5858,48.2,48.8,0.1789,2022,0.4767123287671233,-0.0828798981976018,2650.0,48.5
5859,49.0,49.6,0.178,0,0.4767123287671233,-0.08099488350183051,2655.0,49.3
5860,49.8,50.4,0.1772,0,0.4767123287671233,-0.07911341540212498,2660.0,50.099999999999994
5861,50.6,51.2,0.1763,0,0.4767123287671233,-0.07723548057792484,2665.0,50.900000000000006
5862,51.4,52.1,0.1754,31,0.4767123287671233,-0.07536106578357445,2670.0,51.75
5863,52.3,52.9,0.1746,158,0.4767123287671233,-0.07349015784776276,2675.0,52.599999999999994
5864,53.1,53.8,0.1737,66,0.4767123287671233,-0.07162274367296735,2680.0,53.45
5865,54.0,54.7,0.1728,0,0.4767123287671233,-0.06975881023490467,2685.0,54.35
5866,54.9,55.6,0.172,7,0.4767123287671233,-0.06789834458198497,2690.0,55.25
5867,55.8,56.5,0.1711,0,0.4767123287671233,-0.06604133383477213,2695.0,56.15
5868,56.7,57.5,0.1702,1188,0.4767123287671233,-0.06418776518544925,2700.0,57.1
5869,57.7,58.4,0.1694,0,0.4767123287671233,-0.062337625897287814,2705.0,58.05
5870,58.6,59.4,0.1685,45,0.4767123287671233,-0.06049090330412315,2710.0,59.0
5871,59.6,60.4,0.1676,0,0.4767123287671233,-0.058647584809833946,2715.0,60.0
5872,60.6,61.3,0.1667,20,0.4767123287671233,-0.05680765788782678,2720.0,60.95
5873,61.6,62.4,0.1659,1607,0.4767123287671233,-0.054971110080525236,2725.0,62.0
5874,62.6,63.4,0.1649,207,0.4767123287671233,-0.0531379289988643,2730.0,63.0
5875,63.7,64.4,0.164,0,0.4767123287671233,-0.05130810232178815,2735.0,64.05000000000001
5876,64.7,65.5,0.1631,89,0.4767123287671233,-0.04948161779575385,2740.0,65.1
5877,65.8,66.6,0.1623,0,0.4767123287671233,-0.04765846323423877,2745.0,66.19999999999999
5878,66.9,67.6,0.1613,1128,0.4767123287671233,-0.045838626517252706,2750.0,67.25
5879,68.0,68.8,0.1605,0,0.4767123287671233,-0.04402209559085485,2755.0,68.4
5880,69.1,69.9,0.1595,61,0.4767123287671233,-0.04220885846667405,2760.0,69.5
5881,70.2,71.1,0.1586,0,0.4767123287671233,-0.04039890322143458,2765.0,70.65
5882,71.4,72.2,0.1577,470,0.4767123287671233,-0.038592217996485594,2770.0,71.80000000000001
5883,72.5,73.4,0.1567,166,0.4767123287671233,-0.0367887909973348,2775.0,72.95
5884,73.7,74.6,0.1558,20,0.4767123287671233,-0.03498861049318696,2780.0,74.15
5885,75.0,75.8,0.1549,0,0.4767123287671233,-0.03319166481648533,2785.0,75.4
5886,76.2,77.1,0.1539,25,0.4767123287671233,-0.03139794236245844,2790.0,76.65
5887,77.5,78.4,0.1531,0,0.4767123287671233,-0.02960743158867024,2795.0,77.95
5888,78.8,79.7,0.1521,873,0.4767123287671233,-0.027820121014574394,2800.0,79.25
5889,80.1,81.0,0.1512,0,0.4767123287671233,-0.026035999221073018,2805.0,80.55
5890,81.5,82.4,0.1503,67,0.4767123287671233,-0.02425505485007828,2810.0,81.95
5891,82.8,83.7,0.1493,0,0.4767123287671233,-0.022477276604078996,2815.0,83.25
5892,84.2,85.1,0.1484,0,0.4767123287671233,-0.020702653245710502,2820.0,84.65
5893,85.6,86.5,0.1474,101,0.4767123287671233,-0.018931173597328366,2825.0,86.05
5894,87.1,88.0,0.1465,3,0.4767123287671233,-0.017162826540586398,2830.0,87.55
5895,88.6,89.4,0.1456,0,0.4767123287671233,-0.015397601016017283,2835.0,89.0
5896,90.0,90.9,0.1446,30,0.4767123287671233,-0.013635486022618026,2840.0,90.45
5897,91.5,92.5,0.1436,0,0.4767123287671233,-0.011876470617438477,2845.0,92.0
5898,93.0,94.0,0.1426,224,0.4767123287671233,-0.010120543915173473,2850.0,93.5
5899,94.7,95.6,0.1418,0,0.4767123287671233,-0.008367695087759114,2855.0,95.15
5900,96.3,97.2,0.1408,11,0.4767123287671233,-0.006617913363971453,2860.0,96.75
5901,97.9,98.9,0.1399,0,0.4767123287671233,-0.00487118802902981,2865.0,98.4
5902,99.6,100.5,0.1389,2,0.4767123287671233,-0.0031275084242029776,2870.0,100.05
5903,101.2,102.2,0.1379,46,0.4767123287671233,-0.0013868639464188668,2875.0,101.7
5904,103.0,104.0,0.137,20,0.4767123287671233,0.0003507559521219104,2880.0,103.5
5905,104.8,105.9,0.1361,0,0.4767123287671233,0.0020853617643302107,2885.0,105.35
5906,106.5,107.6,0.135,1,0.4767123287671233,0.003816963928608097,2890.0,107.05
5907,108.4,109.5,0.1342,0,0.4767123287671233,0.005545572829225849,2895.0,108.95
5908,110.3,111.4,0.1332,44,0.4767123287671233,0.007271198796695605,2900.0,110.85
5909,112.2,113.2,0.1322,0,0.4767123287671233,0.00899385210814179,2905.0,112.7
5910,114.2,115.3,0.1314,2,0.4767123287671233,0.010713542987668584,2910.0,114.75
5911,116.1,117.3,0.1304,0,0.4767123287671233,0.012430281606723118,2915.0,116.69999999999999
5912,118.2,119.4,0.1295,8,0.4767123287671233,0.014144078084457773,2920.0,118.80000000000001
5913,120.2,121.3,0.1284,6,0.4767123287671233,0.01585494248808719,2925.0,120.75
5914,122.3,123.6,0.1275,2,0.4767123287671233,0.017562884833243288,2930.0,122.94999999999999
5915,124.5,125.8,0.1267,0,0.4767123287671233,0.0192679150843271,2935.0,125.15
5916,126.8,128.0,0.1258,0,0.4767123287671233,0.02097004315485755,2940.0,127.4
5917,129.1,130.3,0.1249,0,0.4767123287671233,0.022669278907817315,2945.0,129.7
5918,131.4,132.6,0.124,48,0.4767123287671233,0.02436563215599572,2950.0,132.0
5919,133.6,134.8,0.1229,0,0.4767123287671233,0.026059112662328764,2955.0,134.2
5920,136.1,137.4,0.1222,0,0.4767123287671233,0.027749730140236226,2960.0,136.75
5921,138.5,139.9,0.1213,0,0.4767123287671233,0.02943749425395619,2965.0,139.2
5922,141.1,142.4,0.1204,0,0.4767123287671233,0.031122414618875646,2970.0,141.75
5923,143.7,145.0,0.1196,2,0.4767123287671233,0.03280450080186045,2975.0,144.35
5924,146.1,147.6,0.1186,0,0.4767123287671233,0.03448376232158044,2980.0,146.85
5925,148.9,150.3,0.1179,0,0.4767123287671233,0.036160208648832744,2985.0,149.60000000000002
5926,151.7,153.1,0.1171,0,0.4767123287671233,0.03783384920686237,2990.0,152.39999999999998
5927,154.3,155.7,0.116,0,0.4767123287671233,0.03950469337167996,2995.0,155.0
5928,157.1,158.5,0.1152,2,0.4767123287671233,0.04117275047237696,3000.0,157.8
5929,160.1,161.6,0.1146,0,0.4767123287671233,0.04283802979143815,3005.0,160.85
5930,163.1,164.5,0.1138,4,0.4767123287671233,0.04450054056505159,3010.0,163.8
5931,166.0,167.5,0.1129,0,0.4767123287671233,0.04616029198341618,3015.0,166.75
5932,169.0,170.6,0.1122,0,0.4767123287671233,0.04781729319104567,3020.0,169.8
5933,172.3,173.8,0.1116,0,0.4767123287671233,0.04947155328707216,3025.0,173.05
5934,175.4,177.1,0.1109,0,0.4767123287671233,0.051123081325545126,3030.0,176.25
5935,178.7,180.4,0.1103,0,0.4767123287671233,0.05277188631572892,3035.0,179.55
5936,181.9,183.5,0.1094,10,0.4767123287671233,0.05441797722239764,3040.0,182.7
5937,185.4,187.1,0.109,0,0.4767123287671233,0.05606136296612764,3045.0,186.25
5938,188.8,190.5,0.1083,4,0.4767123287671233,0.05770205242358753,3050.0,189.65
5939,192.3,194.0,0.1077,0,0.4767123287671233,0.059340054427825896,3055.0,193.15
5940,195.8,197.6,0.1071,0,0.4767123287671233,0.06097537776855663,3060.0,196.7
5941,199.4,201.2,0.1066,0,0.4767123287671233,0.06260803119244214,3065.0,200.3
5942,203.0,204.9,0.106,0,0.4767123287671233,0.06423802340337319,3070.0,203.95
5943,206.8,208.6,0.1056,0,0.4767123287671233,0.06586536306274857,3075.0,207.7
5944,210.5,212.4,0.105,0,0.4767123287671233,0.06749005878975045,3080.0,211.45
5945,218.2,220.1,0.1041,0,0.4767123287671233,0.07073155271392141,3090.0,219.14999999999998
5946,226.1,228.0,0.1033,7,0.4767123287671233,0.07396257329536783,3100.0,227.05
5947,234.2,236.1,0.1026,0,0.4767123287671233,0.07718318799541,3110.0,235.14999999999998
5948,242.4,244.4,0.102,0,0.4767123287671233,0.08039346362565838,3120.0,243.4
5949,246.6,248.6,0.1017,0,0.4767123287671233,0.08199474499263221,3125.0,247.6
5950,267.6,270.1,0.0999,0,0.4767123287671233,0.08996291464180897,3150.0,268.85
5951,289.9,292.4,0.0993,2,0.4767123287671233,0.09786809414892235,3175.0,291.15
5952,312.4,315.3,0.0983,11,0.4767123287671233,0.10571127160994814,3200.0,313.85
5953,335.7,338.7,0.0983,0,0.4767123287671233,0.1134934120520032,3225.0,337.2
5954,359.4,362.4,0.0987,0,0.4767123287671233,0.1212154581459134,3250.0,360.9
5955,377.5,391.8,0.098,0,0.4767123287671233,0.12887833089148262,3275.0,384.65
5956,402.3,415.8,0.1006,40,0.4767123287671233,0.13648293027670183,3300.0,409.05
5957,449.6,464.3,0.0934,1,0.4767123287671233,0.15152080764124234,3350.0,456.95000000000005
5958,499.5,513.1,0.1003,23,0.4767123287671233,0.166335893426383,3400.0,506.3
5959,597.8,611.3,0.0946,1,0.4767123287671233,0.19532343029963528,3500.0,604.55
5960,695.8,709.7,0.0,0,0.4767123287671233,0.22349430726633163,3600.0,702.75
5961,794.3,808.3,0.0,0,0.4767123287671233,0.25089328145444606,3700.0,801.3
5962,893.6,906.9,0.0,0,0.4767123287671233,0.27756152853660737,3800.0,900.25
5963,991.7,1005.6,0.0,0,0.4767123287671233,0.30353701493986807,3900.0,998.6500000000001
5964,1090.3,1104.2,0.0,0,0.4767123287671233,0.32885482292415796,4000.0,1097.25
5965,1189.6,1202.9,0.0,0,0.4767123287671233,0.35354743551452944,4100.0,1196.25
5966,1287.8,1301.7,0.0,0,0.4767123287671233,0.37764498709358996,4200.0,1294.75
6080,0.3,0.55,0.4396,234,0.7287671232876712,-1.0574395381957327,1000.0,0.42500000000000004
6081,0.4,0.7,0.412,243,0.7287671232876712,-0.9621293583914078,1100.0,0.55
6082,0.45,0.75,0.3974,23,0.7287671232876712,-0.917677595820574,1150.0,0.6
6083,0.6,0.85,0.3876,10,0.7287671232876712,-0.875117981401778,1200.0,0.725
6084,0.6,0.9,0.3804,10,0.7287671232876712,-0.8544986941990423,1225.0,0.75
6085,0.65,0.95,0.3744,0,0.7287671232876712,-0.8342959868815228,1250.0,0.8
6086,0.75,1.0,0.3696,277,0.7287671232876712,-0.8144933595853432,1275.0,0.875
6087,0.8,1.1,0.3648,255,0.7287671232876712,-0.7950752737282416,1300.0,0.9500000000000001
6088,0.9,1.2,0.3606,1,0.7287671232876712,-0.7760270787575471,1325.0,1.05
6089,1.0,1.25,0.3552,484,0.7287671232876712,-0.7573349457453945,1350.0,1.125
6090,1.1,1.4,0.3515,2,0.7287671232876712,-0.738985807077198,1375.0,1.25
6091,1.2,1.5,0.3468,291,0.7287671232876712,-0.7209673015745197,1400.0,1.35
6092,1.35,1.6,0.3425,0,0.7287671232876712,-0.7032677244751188,1425.0,1.475
6093,1.5,1.75,0.3387,284,0.7287671232876712,-0.6858759817632497,1450.0,1.625
6094,1.65,1.9,0.3346,0,0.7287671232876712,-0.6687815484039495,1475.0,1.775
6095,1.8,2.1,0.3309,417,0.7287671232876712,-0.6519744300875684,1500.0,1.9500000000000002
6096,1.95,2.25,0.3263,280,0.7287671232876712,-0.6354451281363578,1525.0,2.1
6097,2.15,2.45,0.3226,654,0.7287671232876712,-0.6191846072645775,1550.0,2.3
6098,2.4,2.65,0.319,190,0.7287671232876712,-0.6031842659181363,1575.0,2.525
6099,2.6,2.9,0.3152,550,0.7287671232876712,-0.5874359089499972,1600.0,2.75
6100,2.85,3.2,0.3118,229,0.7287671232876712,-0.5719317224140319,1625.0,3.0250000000000004
6101,3.1,3.5,0.3082,250,0.7287671232876712,-0.5566642502832435,1650.0,3.3
6102,3.4,3.8,0.3046,49,0.7287671232876712,-0.541626372918703,1675.0,3.5999999999999996
6103,3.7,4.1,0.3008,640,0.7287671232876712,-0.5268112871335623,1700.0,3.9
6104,4.1,4.5,0.2978,40,0.7287671232876712,-0.5122124877124096,1725.0,4.3
6105,4.5,5.0,0.295,178,0.7287671232876712,-0.49782375026031,1750.0,4.75
6106,4.9,5.4,0.2914,284,0.7287671232876712,-0.48363911526835357,1775.0,5.15
6107,5.3,5.8,0.2875,686,0.7287671232876712,-0.4696528732936137,1800.0,5.55
6108,5.8,6.3,0.2843,5,0.7287671232876712,-0.45585955116127785,1825.0,6.05
6109,6.4,6.8,0.2811,787,0.7287671232876712,-0.4422538991054992,1850.0,6.6
6110,6.9,7.4,0.2777,260,0.7287671232876712,-0.42883087877335857,1875.0,7.15
6111,7.5,8.1,0.2747,355,0.7287671232876712,-0.4155856520233379,1900.0,7.8
6112,8.2,8.8,0.2716,150,0.7287671232876712,-0.4025135704559851,1925.0,8.5
6113,8.9,9.5,0.2683,425,0.7287671232876712,-0.3896101656200773,1950.0,9.2
6114,9.7,10.2,0.2649,21,0.7287671232876712,-0.3768711398426475,1975.0,9.95
6115,10.5,11.1,0.2618,33,0.7287671232876712,-0.3642923576357874,2000.0,10.8
6116,11.4,11.9,0.2584,19,0.7287671232876712,-0.35186983763723023,2025.0,11.65
6117,12.3,12.9,0.2552,30,0.7287671232876712,-0.33959974504541585,2050.0,12.600000000000001
6118,13.3,13.9,0.2519,623,0.7287671232876712,-0.32747838451307104,2075.0,13.600000000000001
6119,14.4,15.0,0.2487,1091,0.7287671232876712,-0.3155021934663554,2100.0,14.7
6120,15.6,16.2,0.2456,603,0.7287671232876712,-0.3036677358193525,2125.0,15.899999999999999
6121,16.8,17.4,0.2422,375,0.7287671232876712,-0.29197169605616125,2150.0,17.1
6122,18.1,18.7,0.2389,75,0.7287671232876712,-0.28041087365508527,2175.0,18.4
6123,19.5,20.1,0.2356,138,0.7287671232876712,-0.2689821778314625,2200.0,19.8
6124,21.1,21.7,0.2326,12,0.7287671232876712,-0.2576826225775291,2225.0,21.4
6125,22.7,23.3,0.2293,539,0.7287671232876712,-0.2465093219794039,2250.0,23.0
6126,24.4,25.0,0.226,652,0.7287671232876712,-0.23545948579281892,2275.0,24.7
6127,26.3,26.9,0.2228,1150,0.7287671232876712,-0.22453041526062864,2300.0,26.6
6128,28.2,28.8,0.2194,29,0.7287671232876712,-0.21371949915641303,2325.0,28.5
6129,30.3,30.9,0.2161,527,0.7287671232876712,-0.20302421003966506,2350.0,30.6
6130,32.5,33.2,0.2128,241,0.7287671232876712,-0.19244210070912812,2375.0,32.85
6131,34.9,35.6,0.2095,512,0.7287671232876712,-0.1819708008418327,2400.0,35.25
6132,37.5,38.2,0.2062,607,0.7287671232876712,-0.17160801380628612,2425.0,37.85
6133,40.2,40.9,0.2028,959,0.7287671232876712,-0.16135151363909703,2450.0,40.55
6134,43.2,43.9,0.1996,2227,0.7287671232876712,-0.15119914217507902,2475.0,43.55
6135,46.2,47.0,0.1962,5029,0.7287671232876712,-0.14114880632157759,2500.0,46.6
6136,49.5,50.3,0.1928,103,0.7287671232876712,-0.1311984754684095,2525.0,49.9
6137,53.0,53.8,0.1893,5346,0.7287671232876712,-0.12134617902539786,2550.0,53.4
6138,56.8,57.6,0.1859,723,0.7287671232876712,-0.11159000408003318,2575.0,57.2
6139,60.9,61.7,0.1826,1324,0.7287671232876712,-0.10192809316829628,2600.0,61.3
6140,65.2,66.0,0.1791,393,0.7287671232876712,-0.09235864215214558,2625.0,65.6
6141,69.8,70.6,0.1756,1266,0.7287671232876712,-0.0828798981976018,2650.0,70.19999999999999
6142,74.7,75.5,0.1721,561,0.7287671232876712,-0.07349015784776276,2675.0,75.1
6143,79.8,80.7,0.1684,681,0.7287671232876712,-0.06418776518544925,2700.0,80.25
6144,85.4,86.3,0.1649,348,0.7287671232876712,-0.054971110080525236,2725.0,85.85
6145,91.3,92.1,0.1611,6767,0.7287671232876712,-0.045838626517252706,2750.0,91.69999999999999
6146,97.6,98.5,0.1574,68,0.7287671232876712,-0.0367887909973348,2775.0,98.05
6147,104.3,105.2,0.1536,1310,0.7287671232876712,-0.027820121014574394,2800.0,104.75
6148,111.5,112.5,0.1498,1608,0.7287671232876712,-0.018931173597328366,2825.0,112.0
6149,119.1,120.2,0.1459,1753,0.7287671232876712,-0.010120543915173473,2850.0,119.65
6150,127.4,128.5,0.142,102,0.7287671232876712,-0.0013868639464188668,2875.0,127.95
6151,136.4,137.5,0.1382,30,0.7287671232876712,0.007271198796695605,2900.0,136.95
6152,146.0,147.2,0.1343,46,0.7287671232876712,0.01585494248808719,2925.0,146.6
6153,156.5,157.8,0.1306,35,0.7287671232876712,0.02436563215599572,2950.0,157.15
6154,167.9,169.3,0.127,0,0.7287671232876712,0.03280450080186045,2975.0,168.60000000000002
6155,180.1,181.6,0.1234,52,0.7287671232876712,0.04117275047237696,3000.0,180.85
6156,193.5,195.0,0.1201,1170,0.7287671232876712,0.04947155328707216,3025.0,194.25
6157,207.8,209.5,0.1169,0,0.7287671232876712,0.05770205242358753,3050.0,208.65
6158,223.4,225.1,0.114,0,0.7287671232876712,0.06586536306274857,3075.0,224.25
6159,240.0,241.9,0.1114,0,0.7287671232876712,0.07396257329536783,3100.0,240.95
6160,257.8,259.7,0.1091,0,0.7287671232876712,0.08199474499263221,3125.0,258.75
6161,276.5,278.5,0.107,0,0.7287671232876712,0.08996291464180897,3150.0,277.5
6162,295.5,298.3,0.1048,0,0.7287671232876712,0.09786809414892235,3175.0,296.9
6163,316.1,319.0,0.1035,1,0.7287671232876712,0.10571127160994814,3200.0,317.55
6164,359.5,362.5,0.102,0,0.7287671232876712,0.1212154581459134,3250.0,361.0
6165,405.1,408.1,0.102,0,0.7287671232876712,0.13648293027670183,3300.0,406.6
6166,492.4,507.2,0.0975,0,0.7287671232876712,0.166335893426383,3400.0,499.79999999999995
6167,588.7,603.4,0.0917,0,0.7287671232876712,0.19532343029963528,3500.0,596.05
6168,685.8,700.6,0.0,1,0.7287671232876712,0.22349430726633163,3600.0,693.2
6359,1.15,1.3,0.3551,40,0.9780821917808219,-0.875117981401778,1200.0,1.225
6360,1.6,1.85,0.3383,156,0.9780821917808219,-0.7950752737282416,1300.0,1.725
6361,1.95,2.2,0.331,317,0.9780821917808219,-0.7573349457453945,1350.0,2.075
6362,2.4,2.6,0.3242,0,0.9780821917808219,-0.7209673015745197,1400.0,2.5
6363,2.65,2.85,0.321,0,0.9780821917808219,-0.7032677244751188,1425.0,2.75
6364,2.9,3.2,0.3183,0,0.9780821917808219,-0.6858759817632497,1450.0,3.05
6365,3.1,3.4,0.3139,0,0.9780821917808219,-0.6687815484039495,1475.0,3.25
6366,3.5,3.8,0.3119,0,0.9780821917808219,-0.6519744300875684,1500.0,3.65
6367,3.8,4.1,0.3083,0,0.9780821917808219,-0.6354451281363578,1525.0,3.9499999999999997
6368,4.2,4.5,0.3056,0,0.9780821917808219,-0.6191846072645775,1550.0,4.35
6369,4.5,4.8,0.3016,0,0.9780821917808219,-0.6031842659181363,1575.0,4.65
6370,4.9,5.3,0.2989,5,0.9780821917808219,-0.5874359089499972,1600.0,5.1
6371,5.4,5.7,0.2959,0,0.9780821917808219,-0.5719317224140319,1625.0,5.550000000000001
6372,5.8,6.2,0.2926,0,0.9780821917808219,-0.5566642502832435,1650.0,6.0
6373,6.3,6.7,0.2895,0,0.9780821917808219,-0.541626372918703,1675.0,6.5
6374,6.9,7.3,0.2869,8,0.9780821917808219,-0.5268112871335623,1700.0,7.1
6375,7.5,7.9,0.284,0,0.9780821917808219,-0.5122124877124096,1725.0,7.7
6376,8.1,8.5,0.2808,15,0.9780821917808219,-0.49782375026031,1750.0,8.3
6377,8.8,9.2,0.278,10,0.9780821917808219,-0.48363911526835357,1775.0,9.0
6378,9.5,9.9,0.2749,0,0.9780821917808219,-0.4696528732936137,1800.0,9.7
6379,10.2,10.7,0.2719,10,0.9780821917808219,-0.45585955116127785,1825.0,10.45
6380,11.1,11.5,0.2692,0,0.9780821917808219,-0.4422538991054992,1850.0,11.3
6381,11.9,12.4,0.2661,0,0.9780821917808219,-0.42883087877335857,1875.0,12.15
6382,12.8,13.3,0.2631,0,0.9780821917808219,-0.4155856520233379,1900.0,13.05
6383,13.8,14.3,0.2603,0,0.9780821917808219,-0.4025135704559851,1925.0,14.05
6384,14.8,15.5,0.2576,0,0.9780821917808219,-0.3896101656200773,1950.0,15.15
6385,16.0,16.7,0.255,0,0.9780821917808219,-0.3768711398426475,1975.0,16.35
6386,17.2,17.8,0.2519,0,0.9780821917808219,-0.3642923576357874,2000.0,17.5
6387,18.4,19.1,0.249,0,0.9780821917808219,-0.35186983763723023,2025.0,18.75
6388,19.8,20.6,0.2464,10,0.9780821917808219,-0.33959974504541585,2050.0,20.200000000000003
6389,21.2,21.9,0.2433,0,0.9780821917808219,-0.32747838451307104,2075.0,21.549999999999997
6390,22.8,23.4,0.2406,1,0.9780821917808219,-0.3155021934663554,2100.0,23.1
6391,24.4,25.2,0.2379,0,0.9780821917808219,-0.3036677358193525,2125.0,24.799999999999997
6392,26.1,26.9,0.235,8,0.9780821917808219,-0.29197169605616125,2150.0,26.5
6393,27.9,28.7,0.2321,8,0.9780821917808219,-0.28041087365508527,2175.0,28.299999999999997
6394,29.8,30.6,0.2292,15,0.9780821917808219,-0.2689821778314625,2200.0,30.200000000000003
6395,31.8,32.6,0.2263,0,0.9780821917808219,-0.2576826225775291,2225.0,32.2
6396,34.0,34.8,0.2235,0,0.9780821917808219,-0.2465093219794039,2250.0,34.4
6397,36.3,37.0,0.2206,0,0.9780821917808219,-0.23545948579281892,2275.0,36.65
6398,38.7,39.5,0.2178,0,0.9780821917808219,-0.22453041526062864,2300.0,39.1
6399,41.2,42.0,0.2148,0,0.9780821917808219,-0.21371949915641303,2325.0,41.6
6400,43.9,44.8,0.2121,0,0.9780821917808219,-0.20302421003966506,2350.0,44.349999999999994
6401,46.8,47.7,0.2092,0,0.9780821917808219,-0.19244210070912812,2375.0,47.25
6402,49.8,50.7,0.2063,0,0.9780821917808219,-0.1819708008418327,2400.0,50.25
6403,53.0,53.9,0.2034,10,0.9780821917808219,-0.17160801380628612,2425.0,53.45
6404,56.3,57.3,0.2005,0,0.9780821917808219,-0.16135151363909703,2450.0,56.8
6405,59.9,60.8,0.1976,7,0.9780821917808219,-0.15119914217507902,2475.0,60.349999999999994
6406,63.6,64.7,0.1947,20,0.9780821917808219,-0.14114880632157759,2500.0,64.15
6407,67.6,68.6,0.1917,124,0.9780821917808219,-0.1311984754684095,2525.0,68.1
6408,71.8,72.8,0.1888,20,0.9780821917808219,-0.12134617902539786,2550.0,72.3
6409,76.2,77.1,0.1857,176,0.9780821917808219,-0.11159000408003318,2575.0,76.65
6410,80.8,81.8,0.1827,31,0.9780821917808219,-0.10192809316829628,2600.0,81.3
6411,85.7,86.6,0.1796,22,0.9780821917808219,-0.09235864215214558,2625.0,86.15
6412,90.8,91.8,0.1765,33,0.9780821917808219,-0.0828798981976018,2650.0,91.3
6413,96.2,97.2,0.1734,62,0.9780821917808219,-0.07349015784776276,2675.0,96.7
6414,101.9,103.0,0.1703,115,0.9780821917808219,-0.06418776518544925,2700.0,102.45
6415,107.9,109.0,0.1671,8,0.9780821917808219,-0.054971110080525236,2725.0,108.45
6416,114.2,115.3,0.1638,0,0.9780821917808219,-0.045838626517252706,2750.0,114.75
6417,120.9,122.1,0.1606,0,0.9780821917808219,-0.0367887909973348,2775.0,121.5
6418,127.9,129.1,0.1572,40,0.9780821917808219,-0.027820121014574394,2800.0,128.5
6419,135.3,136.6,0.1539,6,0.9780821917808219,-0.018931173597328366,2825.0,135.95
6420,143.2,144.5,0.1505,130,0.9780821917808219,-0.010120543915173473,2850.0,143.85
6421,151.5,152.8,0.1471,18,0.9780821917808219,-0.0013868639464188668,2875.0,152.15
6422,160.4,161.8,0.1438,4,0.9780821917808219,0.007271198796695605,2900.0,161.10000000000002
6423,169.9,171.4,0.1405,0,0.9780821917808219,0.01585494248808719,2925.0,170.65
6424,180.0,181.5,0.1372,0,0.9780821917808219,0.02436563215599572,2950.0,180.75
6425,190.7,192.3,0.1339,0,0.9780821917808219,0.03280450080186045,2975.0,191.5
6426,202.2,203.9,0.1307,4,0.9780821917808219,0.04117275047237696,3000.0,203.05
6427,214.5,216.3,0.1276,0,0.9780821917808219,0.04947155328707216,3025.0,215.4
6428,227.7,229.5,0.1247,4,0.9780821917808219,0.05770205242358753,3050.0,228.6
6429,241.7,243.7,0.1219,0,0.9780821917808219,0.06586536306274857,3075.0,242.7
6430,256.6,258.7,0.1193,22,0.9780821917808219,0.07396257329536783,3100.0,257.65
6431,272.2,274.5,0.1166,0,0.9780821917808219,0.08199474499263221,3125.0,273.35
6432,288.9,292.2,0.1148,0,0.9780821917808219,0.08996291464180897,3150.0,290.54999999999995
6433,306.5,309.9,0.1127,0,0.9780821917808219,0.09786809414892235,3175.0,308.2
6434,324.9,328.5,0.1108,10,0.9780821917808219,0.10571127160994814,3200.0,326.7
6435,364.2,367.9,0.1078,0,0.9780821917808219,0.1212154581459134,3250.0,366.04999999999995
6436,406.2,410.0,0.1058,0,0.9780821917808219,0.13648293027670183,3300.0,408.1
6437,495.7,499.7,0.1043,0,0.9780821917808219,0.166335893426383,3400.0,497.7
6438,582.7,599.5,0.1034,0,0.9780821917808219,0.19532343029963528,3500.0,591.1
6439,678.1,695.1,0.103,0,0.9780821917808219,0.22349430726633163,3600.0,686.6
6440,775.0,791.5,0.1034,0,0.9780821917808219,0.25089328145444606,3700.0,783.25
6441,871.4,888.3,0.0,0,0.9780821917808219,0.27756152853660737,3800.0,879.8499999999999
6442,968.9,985.4,0.0,0,0.9780821917808219,0.30353701493986807,3900.0,977.15
6443,1065.8,1082.6,0.0,0,0.9780821917808219,0.32885482292415796,4000.0,1074.1999999999998
6444,1163.1,1179.8,0.0,0,0.9780821917808219,0.35354743551452944,4100.0,1171.4499999999998
