,Bid,Ask,IV,Open Int,Time to Maturity (years),Log Moneyness,Strike,Mid
0,1173.1,1184.5,0.0,0,0.0027397260273972603,-0.5268112871335623,1700.0,1178.8
1,1072.5,1083.9,0.0,0,0.0027397260273972603,-0.4696528732936137,1800.0,1078.2
2,1022.6,1033.9,0.0,0,0.0027397260273972603,-0.4422538991054992,1850.0,1028.25
3,972.8,984.2,0.0,0,0.0027397260273972603,-0.4155856520233379,1900.0,978.5
4,922.4,933.7,0.0,0,0.0027397260273972603,-0.3896101656200773,1950.0,928.05
5,877.7,879.8,0.0,1,0.0027397260273972603,-0.3642923576357874,2000.0,878.75
6,827.7,829.8,0.0,0,0.0027397260273972603,-0.33959974504541585,2050.0,828.75
7,777.6,779.7,0.0,0,0.0027397260273972603,-0.3155021934663554,2100.0,778.6500000000001
8,727.7,729.7,0.0,0,0.0027397260273972603,-0.29197169605616125,2150.0,728.7
9,677.7,679.8,0.0,0,0.0027397260273972603,-0.2689821778314625,2200.0,678.75
10,652.8,654.9,1.126,0,0.0027397260273972603,-0.2576826225775291,2225.0,653.8499999999999
11,627.8,629.9,0.0,0,0.0027397260273972603,-0.2465093219794039,2250.0,628.8499999999999
12,602.6,604.7,0.0,0,0.0027397260273972603,-0.23545948579281892,2275.0,603.6500000000001
13,577.8,579.9,0.0,0,0.0027397260273972603,-0.22453041526062864,2300.0,578.8499999999999
14,552.6,554.8,0.0,0,0.0027397260273972603,-0.21371949915641303,2325.0,553.7
15,527.6,529.7,0.0,0,0.0027397260273972603,-0.20302421003966506,2350.0,528.6500000000001
16,502.7,504.8,0.0,0,0.0027397260273972603,-0.19244210070912812,2375.0,503.75
17,487.7,489.8,0.0,1,0.0027397260273972603,-0.18614617225231345,2390.0,488.75
18,477.7,479.8,0.0,0,0.0027397260273972603,-0.1819708008418327,2400.0,478.75
19,467.7,469.8,0.0,0,0.0027397260273972603,-0.17781279069316908,2410.0,468.75
20,457.7,459.8,0.0,0,0.0027397260273972603,-0.1736719980271376,2420.0,458.75
21,452.7,454.8,0.0,0,0.0027397260273972603,-0.17160801380628612,2425.0,453.75
22,447.7,449.8,0.0,0,0.0027397260273972603,-0.16954828084327558,2430.0,448.75
23,437.7,439.8,0.0,0,0.0027397260273972603,-0.16544149889062224,2440.0,438.75
24,427.7,429.8,0.0,0,0.0027397260273972603,-0.16135151363909703,2450.0,428.75
25,417.7,419.8,0.0,0,0.0027397260273972603,-0.15727818825146125,2460.0,418.75
26,407.7,409.8,0.0,0,0.0027397260273972603,-0.1532213875558468,2470.0,408.75
27,402.7,404.8,0.0,2,0.0027397260273972603,-0.15119914217507902,2475.0,403.75
28,397.7,399.8,0.0,0,0.0027397260273972603,-0.14918097801884186,2480.0,398.75
29,387.8,390.0,0.8035,0,0.0027397260273972603,-0.14515682771911648,2490.0,388.9
30,377.6,379.8,0.0,0,0.0027397260273972603,-0.14114880632157759,2500.0,378.70000000000005
31,367.8,370.0,0.7609,0,0.0027397260273972603,-0.13715678505204018,2510.0,368.9
32,357.6,359.8,0.0,0,0.0027397260273972603,-0.13318063667240068,2520.0,358.70000000000005
33,352.8,354.8,0.0,2,0.0027397260273972603,-0.1311984754684095,2525.0,353.8
34,347.8,349.8,0.0,0,0.0027397260273972603,-0.1292202354563038,2530.0,348.8
35,342.6,344.8,0.0,0,0.0027397260273972603,-0.12724590115258622,2535.0,343.70000000000005
36,337.6,339.8,0.0,2,0.0027397260273972603,-0.1252754571652875,2540.0,338.70000000000005
37,332.6,334.8,0.0,0,0.0027397260273972603,-0.12330888819324655,2545.0,333.70000000000005
38,327.8,329.8,0.0,0,0.0027397260273972603,-0.12134617902539786,2550.0,328.8
39,322.6,324.8,0.0,0,0.0027397260273972603,-0.11938731454006492,2555.0,323.70000000000005
40,317.6,319.8,0.0,0,0.0027397260273972603,-0.11743227970426158,2560.0,318.70000000000005
41,312.8,314.8,0.0,0,0.0027397260273972603,-0.11548105957299987,2565.0,313.8
42,307.6,309.8,0.0,0,0.0027397260273972603,-0.11353363928860419,2570.0,308.70000000000005
43,302.6,304.8,0.0,0,0.0027397260273972603,-0.11159000408003318,2575.0,303.70000000000005
44,297.6,299.8,0.0,0,0.0027397260273972603,-0.10965013926220661,2580.0,298.70000000000005
45,292.8,294.8,0.0,0,0.0027397260273972603,-0.10771403023534024,2585.0,293.8
46,287.8,289.8,0.0,0,0.0027397260273972603,-0.10578166248428633,2590.0,288.8
47,283.0,284.9,0.6345,0,0.0027397260273972603,-0.10385302157788065,2595.0,283.95
48,277.9,279.6,0.0,2,0.0027397260273972603,-0.10192809316829628,2600.0,278.75
49,272.9,274.6,0.0,0,0.0027397260273972603,-0.10000686299040243,2605.0,273.75
50,268.0,269.9,0.6017,0,0.0027397260273972603,-0.09808931686113065,2610.0,268.95
51,262.9,264.6,0.0,0,0.0027397260273972603,-0.0961754406788465,2615.0,263.75
52,258.0,259.9,0.5799,0,0.0027397260273972603,-0.09426522042272713,2620.0,258.95
53,253.0,254.9,0.569,0,0.0027397260273972603,-0.09235864215214558,2625.0,253.95
54,247.9,249.6,0.0,0,0.0027397260273972603,-0.09045569200605948,2630.0,248.75
55,242.9,244.6,0.0,0,0.0027397260273972603,-0.08855635620240704,2635.0,243.75
56,237.9,239.6,0.0,0,0.0027397260273972603,-0.08666062103750792,2640.0,238.75
57,232.9,234.6,0.0,0,0.0027397260273972603,-0.08476847288546992,2645.0,233.75
58,227.9,229.6,0.0,0,0.0027397260273972603,-0.0828798981976018,2650.0,228.75
59,222.9,224.6,0.0,0,0.0027397260273972603,-0.08099488350183051,2655.0,223.75
60,217.9,219.6,0.0,0,0.0027397260273972603,-0.07911341540212498,2660.0,218.75
61,212.9,214.6,0.0,2,0.0027397260273972603,-0.07723548057792484,2665.0,213.75
62,207.9,209.6,0.0,17,0.0027397260273972603,-0.07536106578357445,2670.0,208.75
63,202.8,204.8,0.0,0,0.0027397260273972603,-0.07349015784776276,2675.0,203.8
64,197.8,199.8,0.0,0,0.0027397260273972603,-0.07162274367296735,2680.0,198.8
65,192.9,194.7,0.0,0,0.0027397260273972603,-0.06975881023490467,2685.0,193.8
66,187.8,189.7,0.0,0,0.0027397260273972603,-0.06789834458198497,2690.0,188.75
67,182.8,184.7,0.0,0,0.0027397260273972603,-0.06604133383477213,2695.0,183.75
68,177.9,179.7,0.0,0,0.0027397260273972603,-0.06418776518544925,2700.0,178.8
69,172.8,174.7,0.0,10,0.0027397260273972603,-0.062337625897287814,2705.0,173.75
70,168.0,169.7,0.0,0,0.0027397260273972603,-0.06049090330412315,2710.0,168.85
71,163.0,164.7,0.0,5,0.0027397260273972603,-0.058647584809833946,2715.0,163.85
72,157.9,159.8,0.0,3,0.0027397260273972603,-0.05680765788782678,2720.0,158.85000000000002
73,152.9,154.8,0.0,2,0.0027397260273972603,-0.054971110080525236,2725.0,153.85000000000002
74,147.9,149.8,0.0,13,0.0027397260273972603,-0.0531379289988643,2730.0,148.85000000000002
75,142.8,144.8,0.0,16,0.0027397260273972603,-0.05130810232178815,2735.0,143.8
76,137.9,139.8,0.0,4,0.0027397260273972603,-0.04948161779575385,2740.0,138.85000000000002
77,132.9,134.8,0.0,6,0.0027397260273972603,-0.04765846323423877,2745.0,133.85000000000002
78,127.7,129.8,0.0,2,0.0027397260273972603,-0.045838626517252706,2750.0,128.75
79,122.9,124.9,0.2421,2,0.0027397260273972603,-0.04402209559085485,2755.0,123.9
80,117.7,119.8,0.0,4,0.0027397260273972603,-0.04220885846667405,2760.0,118.75
81,112.9,114.6,0.0,13,0.0027397260273972603,-0.04039890322143458,2765.0,113.75
82,107.7,109.8,0.0,54,0.0027397260273972603,-0.038592217996485594,2770.0,108.75
83,102.9,104.6,0.0,16,0.0027397260273972603,-0.0367887909973348,2775.0,103.75
84,97.7,99.8,0.0,43,0.0027397260273972603,-0.03498861049318696,2780.0,98.75
85,92.8,94.8,0.0,25,0.0027397260273972603,-0.03319166481648533,2785.0,93.8
86,87.9,89.6,0.0,78,0.0027397260273972603,-0.03139794236245844,2790.0,88.75
87,82.9,84.8,0.0,66,0.0027397260273972603,-0.02960743158867024,2795.0,83.85
88,77.8,79.8,0.0,948,0.0027397260273972603,-0.027820121014574394,2800.0,78.8
89,72.9,74.9,0.1388,86,0.0027397260273972603,-0.026035999221073018,2805.0,73.9
90,68.0,69.7,0.0,420,0.0027397260273972603,-0.02425505485007828,2810.0,68.85
91,63.0,64.9,0.1555,93,0.0027397260273972603,-0.022477276604078996,2815.0,63.95
92,58.0,60.0,0.1573,114,0.0027397260273972603,-0.020702653245710502,2820.0,59.0
93,53.0,55.1,0.1533,1435,0.0027397260273972603,-0.018931173597328366,2825.0,54.05
94,48.1,50.1,0.1471,152,0.0027397260273972603,-0.017162826540586398,2830.0,49.1
95,43.4,45.0,0.1433,97,0.0027397260273972603,-0.015397601016017283,2835.0,44.2
96,38.5,40.3,0.1428,505,0.0027397260273972603,-0.013635486022618026,2840.0,39.4
97,33.9,35.4,0.1399,158,0.0027397260273972603,-0.011876470617438477,2845.0,34.65
98,29.3,30.7,0.1366,2304,0.0027397260273972603,-0.010120543915173473,2850.0,30.0
99,24.8,26.2,0.1334,289,0.0027397260273972603,-0.008367695087759114,2855.0,25.5
100,20.6,21.8,0.1302,587,0.0027397260273972603,-0.006617913363971453,2860.0,21.200000000000003
101,17.0,17.4,0.1277,637,0.0027397260273972603,-0.00487118802902981,2865.0,17.2
102,13.3,13.7,0.1246,728,0.0027397260273972603,-0.0031275084242029776,2870.0,13.5
103,10.0,10.4,0.1214,626,0.0027397260273972603,-0.0013868639464188668,2875.0,10.2
104,7.3,7.6,0.1196,721,0.0027397260273972603,0.0003507559521219104,2880.0,7.449999999999999
105,4.9,5.2,0.1155,910,0.0027397260273972603,0.0020853617643302107,2885.0,5.050000000000001
106,3.2,3.4,0.1135,1121,0.0027397260273972603,0.003816963928608097,2890.0,3.3
107,1.85,2.0,0.1094,1062,0.0027397260273972603,0.005545572829225849,2895.0,1.925
108,1.0,1.15,0.1073,1862,0.0027397260273972603,0.007271198796695605,2900.0,1.075
109,0.5,0.6,0.1053,1139,0.0027397260273972603,0.00899385210814179,2905.0,0.55
110,0.25,0.35,0.1066,1075,0.0027397260273972603,0.010713542987668584,2910.0,0.3
111,0.15,0.2,0.1097,942,0.0027397260273972603,0.012430281606723118,2915.0,0.175
112,0.1,0.15,0.1159,2390,0.0027397260273972603,0.014144078084457773,2920.0,0.125
113,0.05,0.1,0.1191,2362,0.0027397260273972603,0.01585494248808719,2925.0,0.07500000000000001
114,0.0,0.05,0.1149,1896,0.0027397260273972603,0.017562884833243288,2930.0,0.025
115,0.0,0.05,0.1247,408,0.0027397260273972603,0.0192679150843271,2935.0,0.025
116,0.0,0.05,0.1337,519,0.0027397260273972603,0.02097004315485755,2940.0,0.025
117,0.0,0.05,0.1442,507,0.0027397260273972603,0.022669278907817315,2945.0,0.025
118,0.0,0.05,0.1538,2662,0.0027397260273972603,0.02436563215599572,2950.0,0.025
119,0.0,0.05,0.1631,1355,0.0027397260273972603,0.026059112662328764,2955.0,0.025
120,0.0,0.05,0.1739,310,0.0027397260273972603,0.027749730140236226,2960.0,0.025
121,0.0,0.05,0.1819,265,0.0027397260273972603,0.02943749425395619,2965.0,0.025
122,0.0,0.05,0.1914,64,0.0027397260273972603,0.031122414618875646,2970.0,0.025
123,0.0,0.05,0.2006,181,0.0027397260273972603,0.03280450080186045,2975.0,0.025
124,0.0,0.05,0.2114,353,0.0027397260273972603,0.03448376232158044,2980.0,0.025
125,0.0,0.05,0.2201,4,0.0027397260273972603,0.036160208648832744,2985.0,0.025
126,0.0,0.05,0.2289,40,0.0027397260273972603,0.03783384920686237,2990.0,0.025
127,0.0,0.05,0.2391,384,0.0027397260273972603,0.03950469337167996,2995.0,0.025
128,0.0,0.05,0.2481,61,0.0027397260273972603,0.04117275047237696,3000.0,0.025
129,0.0,0.05,0.2555,0,0.0027397260273972603,0.04283802979143815,3005.0,0.025
130,0.0,0.05,0.2648,102,0.0027397260273972603,0.04450054056505159,3010.0,0.025
131,0.0,0.05,0.2737,0,0.0027397260273972603,0.04616029198341618,3015.0,0.025
132,0.0,0.05,0.2826,10,0.0027397260273972603,0.04781729319104567,3020.0,0.025
133,0.0,0.05,0.2924,204,0.0027397260273972603,0.04947155328707216,3025.0,0.025
134,0.0,0.05,0.3002,6,0.0027397260273972603,0.051123081325545126,3030.0,0.025
135,0.0,0.05,0.309,0,0.0027397260273972603,0.05277188631572892,3035.0,0.025
136,0.0,0.05,0.3177,8,0.0027397260273972603,0.05441797722239764,3040.0,0.025
137,0.0,0.05,0.3351,11,0.0027397260273972603,0.05770205242358753,3050.0,0.025
138,0.0,0.05,0.3521,0,0.0027397260273972603,0.06097537776855663,3060.0,0.025
139,0.0,0.05,0.3701,0,0.0027397260273972603,0.06423802340337319,3070.0,0.025
140,0.0,0.05,0.3784,4,0.0027397260273972603,0.06586536306274857,3075.0,0.025
141,0.0,0.05,0.3865,0,0.0027397260273972603,0.06749005878975045,3080.0,0.025
142,0.0,0.05,0.4039,0,0.0027397260273972603,0.07073155271392141,3090.0,0.025
143,0.0,0.05,0.4184,111,0.0027397260273972603,0.07396257329536783,3100.0,0.025
144,0.0,0.05,0.4606,0,0.0027397260273972603,0.08199474499263221,3125.0,0.025
145,0.0,0.05,0.5009,0,0.0027397260273972603,0.08996291464180897,3150.0,0.025
146,0.0,0.05,0.5412,0,0.0027397260273972603,0.09786809414892235,3175.0,0.025
147,0.0,0.05,0.5816,0,0.0027397260273972603,0.10571127160994814,3200.0,0.025
148,0.0,0.05,0.6588,0,0.0027397260273972603,0.1212154581459134,3250.0,0.025
149,0.0,0.05,0.7347,0,0.0027397260273972603,0.13648293027670183,3300.0,0.025
150,2172.3,2183.6,0.0,0,0.00821917808219178,-1.4141144821344651,700.0,2177.95
151,2073.0,2084.4,0.0,0,0.00821917808219178,-1.2805830895099424,800.0,2078.7
152,2022.6,2033.9,0.0,0,0.00821917808219178,-1.2199584676935076,850.0,2028.25
153,1972.3,1983.7,0.0,0,0.00821917808219178,-1.162800053853559,900.0,1978.0
154,1922.3,1933.6,0.0,0,0.00821917808219178,-1.1087328325832833,950.0,1927.9499999999998
155,1872.8,1884.2,0.0,0,0.00821917808219178,-1.0574395381957327,1000.0,1878.5
156,1822.8,1834.2,0.0,0,0.00821917808219178,-1.0086493740263007,1050.0,1828.5
157,1772.8,1784.2,0.0,0,0.00821917808219178,-0.9621293583914078,1100.0,1778.5
158,1723.2,1734.6,2.737,0,0.00821917808219178,-0.917677595820574,1150.0,1728.9
159,1673.0,1684.4,0.0,0,0.00821917808219178,-0.875117981401778,1200.0,1678.7
160,1622.3,1633.7,0.0,0,0.00821917808219178,-0.8342959868815228,1250.0,1628.0
161,1572.4,1583.7,0.0,0,0.00821917808219178,-0.7950752737282416,1300.0,1578.0500000000002
162,1522.9,1534.3,0.0,0,0.00821917808219178,-0.7573349457453945,1350.0,1528.6
163,1472.7,1484.1,0.0,1,0.00821917808219178,-0.7209673015745197,1400.0,1478.4
164,1422.7,1434.1,0.0,0,0.00821917808219178,-0.6858759817632497,1450.0,1428.4
165,1373.2,1384.6,0.0,0,0.00821917808219178,-0.6519744300875684,1500.0,1378.9
166,1347.5,1358.9,0.0,0,0.00821917808219178,-0.6354451281363578,1525.0,1353.2
167,1322.5,1333.9,0.0,0,0.00821917808219178,-0.6191846072645775,1550.0,1328.2
168,1297.4,1308.8,0.0,0,0.00821917808219178,-0.6031842659181363,1575.0,1303.1
169,1272.4,1283.8,0.0,0,0.00821917808219178,-0.5874359089499972,1600.0,1278.1
170,1247.5,1258.9,0.0,0,0.00821917808219178,-0.5719317224140319,1625.0,1253.2
171,1222.5,1233.8,0.0,0,0.00821917808219178,-0.5566642502832435,1650.0,1228.15
172,1198.0,1209.4,0.0,0,0.00821917808219178,-0.541626372918703,1675.0,1203.7
173,1173.0,1184.4,0.0,0,0.00821917808219178,-0.5268112871335623,1700.0,1178.7
174,1148.0,1159.4,0.0,0,0.00821917808219178,-0.5122124877124096,1725.0,1153.7
175,1122.8,1134.2,0.0,0,0.00821917808219178,-0.49782375026031,1750.0,1128.5
176,1098.0,1109.4,0.0,0,0.00821917808219178,-0.48363911526835357,1775.0,1103.7
177,1073.1,1084.4,0.0,0,0.00821917808219178,-0.4696528732936137,1800.0,1078.75
178,1048.4,1059.8,1.5424,0,0.00821917808219178,-0.45585955116127785,1825.0,1054.1
179,1022.6,1034.0,0.0,0,0.00821917808219178,-0.4422538991054992,1850.0,1028.3
180,997.6,1009.0,0.0,0,0.00821917808219178,-0.42883087877335857,1875.0,1003.3
181,973.1,984.4,0.0,0,0.00821917808219178,-0.4155856520233379,1900.0,978.75
182,947.6,959.0,0.0,0,0.00821917808219178,-0.4025135704559851,1925.0,953.3
183,922.6,934.0,0.0,0,0.00821917808219178,-0.3896101656200773,1950.0,928.3
184,897.5,908.9,0.0,0,0.00821917808219178,-0.3768711398426475,1975.0,903.2
185,878.0,880.0,0.0,2,0.00821917808219178,-0.3642923576357874,2000.0,879.0
186,828.0,830.1,0.0,0,0.00821917808219178,-0.33959974504541585,2050.0,829.05
187,802.9,805.1,0.0,0,0.00821917808219178,-0.32747838451307104,2075.0,804.0
188,777.9,780.0,0.0,0,0.00821917808219178,-0.3155021934663554,2100.0,778.95
189,753.1,755.2,1.0382,2,0.00821917808219178,-0.3036677358193525,2125.0,754.1500000000001
190,728.1,730.2,0.9942,0,0.00821917808219178,-0.29197169605616125,2150.0,729.1500000000001
191,703.1,705.2,0.9499,0,0.00821917808219178,-0.28041087365508527,2175.0,704.1500000000001
192,688.0,690.1,0.0,0,0.00821917808219178,-0.2735379943673232,2190.0,689.05
193,678.0,680.1,0.0,1,0.00821917808219178,-0.2689821778314625,2200.0,679.05
194,668.0,670.1,0.0,0,0.00821917808219178,-0.2644470226660713,2210.0,669.05
195,658.0,660.1,0.0,0,0.00821917808219178,-0.25993234231154455,2220.0,659.05
196,653.0,655.1,0.0,0,0.00821917808219178,-0.2576826225775291,2225.0,654.05
197,648.0,650.1,0.0,0,0.00821917808219178,-0.2554379527237053,2230.0,649.05
198,637.9,640.1,0.0,0,0.00821917808219178,-0.25096367232878414,2240.0,639.0
199,627.9,630.1,0.0,0,0.00821917808219178,-0.2465093219794039,2250.0,629.0
200,618.1,620.1,0.0,0,0.00821917808219178,-0.2420747249115382,2260.0,619.1
201,608.1,610.1,0.0,0,0.00821917808219178,-0.23765970670242131,2270.0,609.1
202,602.9,605.1,0.0,1,0.00821917808219178,-0.23545948579281892,2275.0,604.0
203,598.1,600.1,0.0,1,0.00821917808219178,-0.2332640952293833,2280.0,599.1
204,588.1,590.3,0.8129,0,0.00821917808219178,-0.22888772062958446,2290.0,589.2
205,578.1,580.1,0.0,0,0.00821917808219178,-0.22453041526062864,2300.0,579.1
206,568.1,570.3,0.7805,0,0.00821917808219178,-0.22019201366203053,2310.0,569.2
207,558.1,560.1,0.0,0,0.00821917808219178,-0.21587235251751405,2320.0,559.1
208,553.0,555.1,0.0,0,0.00821917808219178,-0.21371949915641303,2325.0,554.05
209,548.1,550.1,0.0,0,0.00821917808219178,-0.21157127061812347,2330.0,549.1
210,543.0,545.1,0.0,0,0.00821917808219178,-0.20942764707487208,2335.0,544.05
211,538.1,540.2,0.6585,0,0.00821917808219178,-0.20728860882612268,2340.0,539.1500000000001
212,533.1,535.2,0.6401,0,0.00821917808219178,-0.20515413629748994,2345.0,534.1500000000001
213,528.1,530.2,0.6349,3,0.00821917808219178,-0.20302421003966506,2350.0,529.1500000000001
214,523.1,525.2,0.627,0,0.00821917808219178,-0.2008988107273516,2355.0,524.1500000000001
215,518.1,520.2,0.6113,0,0.00821917808219178,-0.198777919158214,2360.0,519.1500000000001
216,513.1,515.2,0.6079,0,0.00821917808219178,-0.19666151625183645,2365.0,514.1500000000001
217,508.1,510.2,0.5955,0,0.00821917808219178,-0.1945495830486928,2370.0,509.15
218,503.1,505.2,0.5797,0,0.00821917808219178,-0.19244210070912812,2375.0,504.15
219,498.1,500.2,0.564,0,0.00821917808219178,-0.19033905051234934,2380.0,499.15
220,493.0,495.2,0.0,0,0.00821917808219178,-0.18824041385542817,2385.0,494.1
221,488.1,490.1,0.0,0,0.00821917808219178,-0.18614617225231345,2390.0,489.1
222,483.1,485.1,0.0,0,0.00821917808219178,-0.18405630733285408,2395.0,484.1
223,478.0,480.1,0.0,6,0.00821917808219178,-0.1819708008418327,2400.0,479.05
224,473.0,475.1,0.0,0,0.00821917808219178,-0.17988963463800817,2405.0,474.05
225,468.2,470.2,0.6213,140,0.00821917808219178,-0.17781279069316908,2410.0,469.2
226,463.2,465.2,0.6133,0,0.00821917808219178,-0.17574025109119673,2415.0,464.2
227,458.2,460.3,0.6437,0,0.00821917808219178,-0.1736719980271376,2420.0,459.25
228,453.0,455.1,0.0,12,0.00821917808219178,-0.17160801380628612,2425.0,454.05
229,448.2,450.3,0.6286,0,0.00821917808219178,-0.16954828084327558,2430.0,449.25
230,443.2,445.3,0.6211,0,0.00821917808219178,-0.1674927816611796,2435.0,444.25
231,438.2,440.3,0.6137,0,0.00821917808219178,-0.16544149889062224,2440.0,439.25
232,433.0,435.1,0.0,0,0.00821917808219178,-0.16339441526889728,2445.0,434.05
233,428.2,430.3,0.5988,10,0.00821917808219178,-0.16135151363909703,2450.0,429.25
234,423.1,425.2,0.0,10,0.00821917808219178,-0.15931277694924878,2455.0,424.15
235,418.1,420.2,0.0,10,0.00821917808219178,-0.15727818825146125,2460.0,419.15
236,413.1,415.2,0.0,0,0.00821917808219178,-0.1552477307010793,2465.0,414.15
237,408.2,410.3,0.5692,0,0.00821917808219178,-0.1532213875558468,2470.0,409.25
238,403.1,405.2,0.0,10,0.00821917808219178,-0.15119914217507902,2475.0,404.15
239,398.1,400.2,0.0,0,0.00821917808219178,-0.14918097801884186,2480.0,399.15
240,393.2,395.4,0.5717,0,0.00821917808219178,-0.14716687864714065,2485.0,394.29999999999995
241,388.2,390.4,0.5642,0,0.00821917808219178,-0.14515682771911648,2490.0,389.29999999999995
242,383.2,385.2,0.4906,0,0.00821917808219178,-0.14315080899225063,2495.0,384.2
243,378.2,380.4,0.5491,1,0.00821917808219178,-0.14114880632157759,2500.0,379.29999999999995
244,373.2,375.2,0.4758,0,0.00821917808219178,-0.13915080365890456,2505.0,374.2
245,368.2,370.4,0.5341,0,0.00821917808219178,-0.13715678505204018,2510.0,369.29999999999995
246,363.2,365.2,0.4623,0,0.00821917808219178,-0.1351667346440302,2515.0,364.2
247,358.2,360.3,0.4948,100,0.00821917808219178,-0.13318063667240068,2520.0,359.25
248,353.1,355.2,0.0,10,0.00821917808219178,-0.1311984754684095,2525.0,354.15
249,348.2,350.3,0.4801,11,0.00821917808219178,-0.1292202354563038,2530.0,349.25
250,343.1,345.2,0.0,0,0.00821917808219178,-0.12724590115258622,2535.0,344.15
251,338.1,340.2,0.0,1,0.00821917808219178,-0.1252754571652875,2540.0,339.15
252,333.0,335.2,0.0,0,0.00821917808219178,-0.12330888819324655,2545.0,334.1
253,328.2,330.3,0.4507,13,0.00821917808219178,-0.12134617902539786,2550.0,329.25
254,323.0,325.3,0.0,0,0.00821917808219178,-0.11938731454006492,2555.0,324.15
255,318.2,320.3,0.4372,0,0.00821917808219178,-0.11743227970426158,2560.0,319.25
256,313.2,315.3,0.4297,0,0.00821917808219178,-0.11548105957299987,2565.0,314.25
257,308.2,310.3,0.4217,0,0.00821917808219178,-0.11353363928860419,2570.0,309.25
258,303.0,305.3,0.0,0,0.00821917808219178,-0.11159000408003318,2575.0,304.15
259,298.2,300.3,0.4062,0,0.00821917808219178,-0.10965013926220661,2580.0,299.25
260,293.2,295.3,0.4002,0,0.00821917808219178,-0.10771403023534024,2585.0,294.25
261,288.0,290.3,0.0,0,0.00821917808219178,-0.10578166248428633,2590.0,289.15
262,283.3,285.2,0.3852,0,0.00821917808219178,-0.10385302157788065,2595.0,284.25
263,278.1,280.0,0.0,6,0.00821917808219178,-0.10192809316829628,2600.0,279.05
264,273.3,275.1,0.3138,0,0.00821917808219178,-0.10000686299040243,2605.0,274.20000000000005
265,268.3,270.1,0.3138,0,0.00821917808219178,-0.09808931686113065,2610.0,269.20000000000005
266,263.3,265.1,0.2981,0,0.00821917808219178,-0.0961754406788465,2615.0,264.20000000000005
267,258.3,260.1,0.2824,2,0.00821917808219178,-0.09426522042272713,2620.0,259.20000000000005
268,253.3,255.2,0.3433,2,0.00821917808219178,-0.09235864215214558,2625.0,254.25
269,248.2,250.2,0.2667,1,0.00821917808219178,-0.09045569200605948,2630.0,249.2
270,243.1,245.2,0.0,0,0.00821917808219178,-0.08855635620240704,2635.0,244.14999999999998
271,238.3,240.2,0.3213,0,0.00821917808219178,-0.08666062103750792,2640.0,239.25
272,233.1,235.2,0.0,1,0.00821917808219178,-0.08476847288546992,2645.0,234.14999999999998
273,228.3,230.1,0.0,720,0.00821917808219178,-0.0828798981976018,2650.0,229.2
274,223.1,225.2,0.0,26,0.00821917808219178,-0.08099488350183051,2655.0,224.14999999999998
275,218.3,220.2,0.2934,58,0.00821917808219178,-0.07911341540212498,2660.0,219.25
276,213.3,215.0,0.0,15,0.00821917808219178,-0.07723548057792484,2665.0,214.15
277,208.3,210.2,0.2796,17,0.00821917808219178,-0.07536106578357445,2670.0,209.25
278,203.3,205.2,0.2736,15,0.00821917808219178,-0.07349015784776276,2675.0,204.25
279,198.1,200.2,0.0,9,0.00821917808219178,-0.07162274367296735,2680.0,199.14999999999998
280,193.3,195.4,0.2936,14,0.00821917808219178,-0.06975881023490467,2685.0,194.35000000000002
281,188.2,190.2,0.0,13,0.00821917808219178,-0.06789834458198497,2690.0,189.2
282,183.3,185.2,0.2443,0,0.00821917808219178,-0.06604133383477213,2695.0,184.25
283,178.3,180.1,0.0,30,0.00821917808219178,-0.06418776518544925,2700.0,179.2
284,173.2,175.2,0.0,27,0.00821917808219178,-0.062337625897287814,2705.0,174.2
285,168.2,170.2,0.0,23,0.00821917808219178,-0.06049090330412315,2710.0,169.2
286,163.3,165.3,0.2378,30,0.00821917808219178,-0.058647584809833946,2715.0,164.3
287,158.3,160.3,0.2309,67,0.00821917808219178,-0.05680765788782678,2720.0,159.3
288,153.3,155.3,0.2233,29,0.00821917808219178,-0.054971110080525236,2725.0,154.3
289,148.4,150.1,0.1971,459,0.00821917808219178,-0.0531379289988643,2730.0,149.25
290,143.4,145.1,0.1907,219,0.00821917808219178,-0.05130810232178815,2735.0,144.25
291,138.4,140.1,0.1841,133,0.00821917808219178,-0.04948161779575385,2740.0,139.25
292,133.3,135.3,0.1957,93,0.00821917808219178,-0.04765846323423877,2745.0,134.3
293,128.4,130.4,0.2083,1844,0.00821917808219178,-0.045838626517252706,2750.0,129.4
294,123.5,125.2,0.1928,109,0.00821917808219178,-0.04402209559085485,2755.0,124.35
295,118.5,120.2,0.1856,393,0.00821917808219178,-0.04220885846667405,2760.0,119.35
296,113.5,115.5,0.1977,183,0.00821917808219178,-0.04039890322143458,2765.0,114.5
297,108.4,110.5,0.1845,326,0.00821917808219178,-0.038592217996485594,2770.0,109.45
298,103.6,105.5,0.1867,316,0.00821917808219178,-0.0367887909973348,2775.0,104.55
299,98.7,100.4,0.1788,468,0.00821917808219178,-0.03498861049318696,2780.0,99.55000000000001
300,93.6,95.6,0.1746,318,0.00821917808219178,-0.03319166481648533,2785.0,94.6
301,88.8,90.9,0.1814,177,0.00821917808219178,-0.03139794236245844,2790.0,89.85
302,83.9,85.6,0.1677,434,0.00821917808219178,-0.02960743158867024,2795.0,84.75
303,78.9,80.7,0.1619,3351,0.00821917808219178,-0.027820121014574394,2800.0,79.80000000000001
304,74.0,75.9,0.1599,1476,0.00821917808219178,-0.026035999221073018,2805.0,74.95
305,69.2,71.0,0.1567,3801,0.00821917808219178,-0.02425505485007828,2810.0,70.1
306,64.5,66.3,0.1571,1158,0.00821917808219178,-0.022477276604078996,2815.0,65.4
307,59.7,61.5,0.1529,1224,0.00821917808219178,-0.020702653245710502,2820.0,60.6
308,54.9,56.7,0.1478,3938,0.00821917808219178,-0.018931173597328366,2825.0,55.8
309,50.4,51.9,0.145,1535,0.00821917808219178,-0.017162826540586398,2830.0,51.15
310,45.6,47.2,0.1389,792,0.00821917808219178,-0.015397601016017283,2835.0,46.400000000000006
311,41.2,42.6,0.1361,1496,0.00821917808219178,-0.013635486022618026,2840.0,41.900000000000006
312,36.8,38.3,0.1339,370,0.00821917808219178,-0.011876470617438477,2845.0,37.55
313,32.6,33.9,0.1306,4565,0.00821917808219178,-0.010120543915173473,2850.0,33.25
314,28.4,29.7,0.1267,512,0.00821917808219178,-0.008367695087759114,2855.0,29.049999999999997
315,24.9,25.3,0.1237,2662,0.00821917808219178,-0.006617913363971453,2860.0,25.1
316,21.1,21.5,0.1201,737,0.00821917808219178,-0.00487118802902981,2865.0,21.3
317,17.6,18.0,0.1171,2415,0.00821917808219178,-0.0031275084242029776,2870.0,17.8
318,14.4,14.8,0.1144,16311,0.00821917808219178,-0.0013868639464188668,2875.0,14.600000000000001
319,11.5,11.9,0.1117,3139,0.00821917808219178,0.0003507559521219104,2880.0,11.7
320,9.0,9.3,0.1091,1093,0.00821917808219178,0.0020853617643302107,2885.0,9.15
321,6.9,7.2,0.1075,5942,0.00821917808219178,0.003816963928608097,2890.0,7.050000000000001
322,5.1,5.4,0.1056,1038,0.00821917808219178,0.005545572829225849,2895.0,5.25
323,3.7,3.9,0.1038,13124,0.00821917808219178,0.007271198796695605,2900.0,3.8
324,2.6,2.75,0.1023,2144,0.00821917808219178,0.00899385210814179,2905.0,2.675
325,1.75,1.9,0.101,4232,0.00821917808219178,0.010713542987668584,2910.0,1.825
326,1.15,1.3,0.1003,4755,0.00821917808219178,0.012430281606723118,2915.0,1.225
327,0.75,0.85,0.0997,9377,0.00821917808219178,0.014144078084457773,2920.0,0.8
328,0.45,0.6,0.0998,11653,0.00821917808219178,0.01585494248808719,2925.0,0.525
329,0.25,0.4,0.0993,3176,0.00821917808219178,0.017562884833243288,2930.0,0.325
330,0.15,0.25,0.0993,3356,0.00821917808219178,0.0192679150843271,2935.0,0.2
331,0.1,0.2,0.1023,2557,0.00821917808219178,0.02097004315485755,2940.0,0.15000000000000002
332,0.05,0.15,0.1038,1893,0.00821917808219178,0.022669278907817315,2945.0,0.1
333,0.05,0.15,0.1103,5141,0.00821917808219178,0.02436563215599572,2950.0,0.1
334,0.05,0.1,0.1131,409,0.00821917808219178,0.026059112662328764,2955.0,0.07500000000000001
335,0.0,0.1,0.1144,453,0.00821917808219178,0.027749730140236226,2960.0,0.05
336,0.0,0.05,0.1125,472,0.00821917808219178,0.02943749425395619,2965.0,0.025
337,0.0,0.05,0.1183,448,0.00821917808219178,0.031122414618875646,2970.0,0.025
338,0.0,0.05,0.1242,9309,0.00821917808219178,0.03280450080186045,2975.0,0.025
339,0.0,0.05,0.1299,322,0.00821917808219178,0.03448376232158044,2980.0,0.025
340,0.0,0.05,0.1357,3166,0.00821917808219178,0.036160208648832744,2985.0,0.025
341,0.0,0.05,0.1413,653,0.00821917808219178,0.03783384920686237,2990.0,0.025
342,0.0,0.05,0.1471,2171,0.00821917808219178,0.03950469337167996,2995.0,0.025
343,0.0,0.05,0.1519,6551,0.00821917808219178,0.04117275047237696,3000.0,0.025
344,0.0,0.05,0.1582,59,0.00821917808219178,0.04283802979143815,3005.0,0.025
345,0.0,0.05,0.1633,45,0.00821917808219178,0.04450054056505159,3010.0,0.025
346,0.0,0.05,0.1688,55,0.00821917808219178,0.04616029198341618,3015.0,0.025
347,0.0,0.05,0.1743,11,0.00821917808219178,0.04781729319104567,3020.0,0.025
348,0.0,0.05,0.1794,1274,0.00821917808219178,0.04947155328707216,3025.0,0.025
349,0.0,0.05,0.1848,124,0.00821917808219178,0.051123081325545126,3030.0,0.025
350,0.0,0.05,0.1906,184,0.00821917808219178,0.05277188631572892,3035.0,0.025
351,0.0,0.05,0.1962,604,0.00821917808219178,0.05441797722239764,3040.0,0.025
352,0.0,0.05,0.2015,101,0.00821917808219178,0.05606136296612764,3045.0,0.025
353,0.0,0.05,0.207,142,0.00821917808219178,0.05770205242358753,3050.0,0.025
354,0.0,0.05,0.2123,0,0.00821917808219178,0.059340054427825896,3055.0,0.025
355,0.0,0.05,0.2168,0,0.00821917808219178,0.06097537776855663,3060.0,0.025
356,0.0,0.05,0.2229,0,0.00821917808219178,0.06260803119244214,3065.0,0.025
357,0.0,0.05,0.2282,0,0.00821917808219178,0.06423802340337319,3070.0,0.025
358,0.0,0.05,0.2335,78,0.00821917808219178,0.06586536306274857,3075.0,0.025
359,0.0,0.05,0.2378,0,0.00821917808219178,0.06749005878975045,3080.0,0.025
360,0.0,0.05,0.2429,0,0.00821917808219178,0.06911211916161847,3085.0,0.025
361,0.0,0.05,0.248,0,0.00821917808219178,0.07073155271392141,3090.0,0.025
362,0.0,0.05,0.2532,0,0.00821917808219178,0.07234836794082672,3095.0,0.025
363,0.0,0.05,0.2586,311,0.00821917808219178,0.07396257329536783,3100.0,0.025
364,0.0,0.05,0.2635,0,0.00821917808219178,0.07557417718970934,3105.0,0.025
365,0.0,0.05,0.2686,0,0.00821917808219178,0.07718318799541,3110.0,0.025
366,0.0,0.05,0.2798,0,0.00821917808219178,0.08039346362565838,3120.0,0.025
367,0.0,0.05,0.284,1,0.00821917808219178,0.08199474499263221,3125.0,0.025
368,0.0,0.05,0.3095,38,0.00821917808219178,0.08996291464180897,3150.0,0.025
369,0.0,0.05,0.3334,2,0.00821917808219178,0.09786809414892235,3175.0,0.025
370,0.0,0.05,0.3577,338,0.00821917808219178,0.10571127160994814,3200.0,0.025
371,0.0,0.05,0.3816,120,0.00821917808219178,0.1134934120520032,3225.0,0.025
372,0.0,0.05,0.4054,100,0.00821917808219178,0.1212154581459134,3250.0,0.025
373,0.0,0.05,0.4298,0,0.00821917808219178,0.12887833089148262,3275.0,0.025
374,0.0,0.05,0.4525,0,0.00821917808219178,0.13648293027670183,3300.0,0.025
375,0.0,0.05,0.4981,0,0.00821917808219178,0.15152080764124234,3350.0,0.025
376,0.0,0.05,0.5435,0,0.00821917808219178,0.166335893426383,3400.0,0.025
377,0.0,0.05,0.5846,0,0.00821917808219178,0.1809346928475357,3450.0,0.025
378,0.0,0.05,0.6281,0,0.00821917808219178,0.19532343029963528,3500.0,0.025
379,0.0,0.05,0.7111,0,0.00821917808219178,0.22349430726633163,3600.0,0.025
380,0.0,0.05,0.7911,0,0.00821917808219178,0.25089328145444606,3700.0,0.025
381,1172.9,1184.3,0.0,0,0.01643835616438356,-0.5268112871335623,1700.0,1178.6
382,1072.7,1084.0,0.0,0,0.01643835616438356,-0.4696528732936137,1800.0,1078.35
383,1023.0,1034.3,0.0,0,0.01643835616438356,-0.4422538991054992,1850.0,1028.65
384,972.4,983.8,0.0,0,0.01643835616438356,-0.4155856520233379,1900.0,978.0999999999999
385,923.5,933.7,0.0,0,0.01643835616438356,-0.3896101656200773,1950.0,928.6
386,878.0,880.1,0.7966,0,0.01643835616438356,-0.3642923576357874,2000.0,879.05
387,827.9,830.0,0.0,0,0.01643835616438356,-0.33959974504541585,2050.0,828.95
388,778.0,780.0,0.0,0,0.01643835616438356,-0.3155021934663554,2100.0,779.0
389,727.8,730.0,0.0,0,0.01643835616438356,-0.29197169605616125,2150.0,728.9
390,678.0,680.1,0.0,0,0.01643835616438356,-0.2689821778314625,2200.0,679.05
391,628.1,630.1,0.0,1,0.01643835616438356,-0.2465093219794039,2250.0,629.1
392,603.1,605.1,0.0,1,0.01643835616438356,-0.23545948579281892,2275.0,604.1
393,578.1,580.2,0.0,0,0.01643835616438356,-0.22453041526062864,2300.0,579.1500000000001
394,553.2,555.3,0.5504,0,0.01643835616438356,-0.21371949915641303,2325.0,554.25
395,528.1,530.2,0.0,0,0.01643835616438356,-0.20302421003966506,2350.0,529.1500000000001
396,503.0,505.2,0.0,0,0.01643835616438356,-0.19244210070912812,2375.0,504.1
397,488.2,490.2,0.3828,0,0.01643835616438356,-0.18614617225231345,2390.0,489.2
398,478.2,480.4,0.4842,0,0.01643835616438356,-0.1819708008418327,2400.0,479.29999999999995
399,468.2,470.3,0.444,0,0.01643835616438356,-0.17781279069316908,2410.0,469.25
400,458.0,460.2,0.0,0,0.01643835616438356,-0.1736719980271376,2420.0,459.1
401,453.2,455.3,0.424,0,0.01643835616438356,-0.17160801380628612,2425.0,454.25
402,448.2,450.3,0.4189,0,0.01643835616438356,-0.16954828084327558,2430.0,449.25
403,438.0,440.2,0.0,0,0.01643835616438356,-0.16544149889062224,2440.0,439.1
404,428.2,430.3,0.3924,1,0.01643835616438356,-0.16135151363909703,2450.0,429.25
405,418.0,420.2,0.0,0,0.01643835616438356,-0.15727818825146125,2460.0,419.1
406,408.1,410.2,0.0,0,0.01643835616438356,-0.1532213875558468,2470.0,409.15
407,403.0,405.2,0.0,0,0.01643835616438356,-0.15119914217507902,2475.0,404.1
408,398.3,400.4,0.4111,0,0.01643835616438356,-0.14918097801884186,2480.0,399.35
409,388.2,390.3,0.3294,0,0.01643835616438356,-0.14515682771911648,2490.0,389.25
410,378.2,380.3,0.3137,0,0.01643835616438356,-0.14114880632157759,2500.0,379.25
411,368.3,370.5,0.3915,0,0.01643835616438356,-0.13715678505204018,2510.0,369.4
412,358.3,360.5,0.3801,0,0.01643835616438356,-0.13318063667240068,2520.0,359.4
413,353.3,355.5,0.3744,6,0.01643835616438356,-0.1311984754684095,2525.0,354.4
414,348.3,350.5,0.3688,0,0.01643835616438356,-0.1292202354563038,2530.0,349.4
415,343.1,345.3,0.0,0,0.01643835616438356,-0.12724590115258622,2535.0,344.20000000000005
416,338.3,340.5,0.3575,0,0.01643835616438356,-0.1252754571652875,2540.0,339.4
417,333.1,335.3,0.0,0,0.01643835616438356,-0.12330888819324655,2545.0,334.20000000000005
418,328.3,330.5,0.3462,0,0.01643835616438356,-0.12134617902539786,2550.0,329.4
419,323.2,325.3,0.0,0,0.01643835616438356,-0.11938731454006492,2555.0,324.25
420,318.1,320.3,0.0,0,0.01643835616438356,-0.11743227970426158,2560.0,319.20000000000005
421,313.3,315.5,0.3295,0,0.01643835616438356,-0.11548105957299987,2565.0,314.4
422,308.2,310.3,0.0,0,0.01643835616438356,-0.11353363928860419,2570.0,309.25
423,303.1,305.3,0.0,0,0.01643835616438356,-0.11159000408003318,2575.0,304.20000000000005
424,298.3,300.4,0.297,0,0.01643835616438356,-0.10965013926220661,2580.0,299.35
425,293.3,295.4,0.292,0,0.01643835616438356,-0.10771403023534024,2585.0,294.35
426,288.1,290.3,0.0,0,0.01643835616438356,-0.10578166248428633,2590.0,289.20000000000005
427,283.3,285.3,0.2514,0,0.01643835616438356,-0.10385302157788065,2595.0,284.3
428,278.3,280.3,0.2435,0,0.01643835616438356,-0.10192809316829628,2600.0,279.3
429,273.3,275.3,0.2351,0,0.01643835616438356,-0.10000686299040243,2605.0,274.3
430,268.4,270.5,0.2913,0,0.01643835616438356,-0.09808931686113065,2610.0,269.45
431,263.3,265.3,0.2209,0,0.01643835616438356,-0.0961754406788465,2615.0,264.3
432,258.4,260.3,0.2527,0,0.01643835616438356,-0.09426522042272713,2620.0,259.35
433,253.4,255.5,0.2748,0,0.01643835616438356,-0.09235864215214558,2625.0,254.45
434,248.4,250.2,0.194,0,0.01643835616438356,-0.09045569200605948,2630.0,249.3
435,243.5,245.5,0.2722,0,0.01643835616438356,-0.08855635620240704,2635.0,244.5
436,238.3,240.3,0.0,8,0.01643835616438356,-0.08666062103750792,2640.0,239.3
437,233.3,235.4,0.2254,0,0.01643835616438356,-0.08476847288546992,2645.0,234.35000000000002
438,228.3,230.3,0.0,9,0.01643835616438356,-0.0828798981976018,2650.0,229.3
439,223.4,225.4,0.231,0,0.01643835616438356,-0.08099488350183051,2655.0,224.4
440,218.3,220.4,0.2099,8,0.01643835616438356,-0.07911341540212498,2660.0,219.35000000000002
441,213.5,215.3,0.2206,0,0.01643835616438356,-0.07723548057792484,2665.0,214.4
442,208.4,210.4,0.2152,0,0.01643835616438356,-0.07536106578357445,2670.0,209.4
443,203.5,205.3,0.2099,0,0.01643835616438356,-0.07349015784776276,2675.0,204.4
444,198.5,200.5,0.2234,0,0.01643835616438356,-0.07162274367296735,2680.0,199.5
445,193.3,195.3,0.0,0,0.01643835616438356,-0.06975881023490467,2685.0,194.3
446,188.5,190.6,0.2186,1,0.01643835616438356,-0.06789834458198497,2690.0,189.55
447,183.4,185.5,0.1988,0,0.01643835616438356,-0.06604133383477213,2695.0,184.45
448,178.6,180.7,0.2176,0,0.01643835616438356,-0.06418776518544925,2700.0,179.64999999999998
449,173.5,175.5,0.196,1,0.01643835616438356,-0.062337625897287814,2705.0,174.5
450,168.4,170.6,0.1906,3,0.01643835616438356,-0.06049090330412315,2710.0,169.5
451,163.4,165.4,0.1676,0,0.01643835616438356,-0.058647584809833946,2715.0,164.4
452,158.5,160.6,0.1857,0,0.01643835616438356,-0.05680765788782678,2720.0,159.55
453,153.5,155.6,0.1802,0,0.01643835616438356,-0.054971110080525236,2725.0,154.55
454,148.7,150.5,0.1795,10,0.01643835616438356,-0.0531379289988643,2730.0,149.6
455,143.7,145.7,0.1817,10,0.01643835616438356,-0.05130810232178815,2735.0,144.7
456,138.8,140.9,0.1855,1,0.01643835616438356,-0.04948161779575385,2740.0,139.85000000000002
457,133.7,135.7,0.1703,3,0.01643835616438356,-0.04765846323423877,2745.0,134.7
458,128.8,130.8,0.1709,22,0.01643835616438356,-0.045838626517252706,2750.0,129.8
459,123.8,125.8,0.165,19,0.01643835616438356,-0.04402209559085485,2755.0,124.8
460,119.0,120.7,0.1617,7,0.01643835616438356,-0.04220885846667405,2760.0,119.85
461,113.9,115.9,0.1582,14,0.01643835616438356,-0.04039890322143458,2765.0,114.9
462,109.1,111.0,0.1583,52,0.01643835616438356,-0.038592217996485594,2770.0,110.05
463,104.0,106.1,0.1521,1,0.01643835616438356,-0.0367887909973348,2775.0,105.05
464,99.2,101.0,0.1477,5,0.01643835616438356,-0.03498861049318696,2780.0,100.1
465,94.3,96.2,0.1463,21,0.01643835616438356,-0.03319166481648533,2785.0,95.25
466,89.4,91.4,0.1441,30,0.01643835616438356,-0.03139794236245844,2790.0,90.4
467,84.7,86.6,0.1437,17,0.01643835616438356,-0.02960743158867024,2795.0,85.65
468,79.9,81.5,0.1379,499,0.01643835616438356,-0.027820121014574394,2800.0,80.7
469,75.0,76.9,0.1361,595,0.01643835616438356,-0.026035999221073018,2805.0,75.95
470,70.3,72.1,0.1336,17,0.01643835616438356,-0.02425505485007828,2810.0,71.19999999999999
471,65.5,67.2,0.1286,68,0.01643835616438356,-0.022477276604078996,2815.0,66.35
472,61.0,62.6,0.1279,106,0.01643835616438356,-0.020702653245710502,2820.0,61.8
473,56.2,57.8,0.1227,403,0.01643835616438356,-0.018931173597328366,2825.0,57.0
474,51.7,53.2,0.1203,953,0.01643835616438356,-0.017162826540586398,2830.0,52.45
475,47.2,48.7,0.1175,55,0.01643835616438356,-0.015397601016017283,2835.0,47.95
476,42.8,44.3,0.1148,190,0.01643835616438356,-0.013635486022618026,2840.0,43.55
477,38.5,39.9,0.1117,84,0.01643835616438356,-0.011876470617438477,2845.0,39.2
478,34.4,35.6,0.1089,627,0.01643835616438356,-0.010120543915173473,2850.0,35.0
479,30.8,31.2,0.1066,106,0.01643835616438356,-0.008367695087759114,2855.0,31.0
480,26.9,27.3,0.1037,223,0.01643835616438356,-0.006617913363971453,2860.0,27.1
481,23.2,23.6,0.1011,137,0.01643835616438356,-0.00487118802902981,2865.0,23.4
482,19.7,20.1,0.0983,480,0.01643835616438356,-0.0031275084242029776,2870.0,19.9
483,16.5,16.9,0.096,642,0.01643835616438356,-0.0013868639464188668,2875.0,16.7
484,13.6,14.0,0.0939,236,0.01643835616438356,0.0003507559521219104,2880.0,13.8
485,11.0,11.4,0.092,418,0.01643835616438356,0.0020853617643302107,2885.0,11.2
486,8.8,9.1,0.0904,1667,0.01643835616438356,0.003816963928608097,2890.0,8.95
487,6.8,7.1,0.0885,246,0.01643835616438356,0.005545572829225849,2895.0,6.949999999999999
488,5.2,5.5,0.0874,1554,0.01643835616438356,0.007271198796695605,2900.0,5.35
489,3.9,4.1,0.0861,514,0.01643835616438356,0.00899385210814179,2905.0,4.0
490,2.85,3.1,0.0854,880,0.01643835616438356,0.010713542987668584,2910.0,2.975
491,2.05,2.2,0.0843,794,0.01643835616438356,0.012430281606723118,2915.0,2.125
492,1.45,1.55,0.0836,644,0.01643835616438356,0.014144078084457773,2920.0,1.5
493,1.0,1.1,0.0833,1132,0.01643835616438356,0.01585494248808719,2925.0,1.05
494,0.7,0.8,0.0837,490,0.01643835616438356,0.017562884833243288,2930.0,0.75
495,0.5,0.6,0.0847,654,0.01643835616438356,0.0192679150843271,2935.0,0.55
496,0.3,0.4,0.0838,304,0.01643835616438356,0.02097004315485755,2940.0,0.35
497,0.2,0.3,0.0847,549,0.01643835616438356,0.022669278907817315,2945.0,0.25
498,0.15,0.25,0.0872,362,0.01643835616438356,0.02436563215599572,2950.0,0.2
499,0.1,0.2,0.0888,149,0.01643835616438356,0.026059112662328764,2955.0,0.15000000000000002
500,0.05,0.15,0.0889,551,0.01643835616438356,0.027749730140236226,2960.0,0.1
501,0.05,0.15,0.0936,25,0.01643835616438356,0.02943749425395619,2965.0,0.1
502,0.05,0.15,0.0983,328,0.01643835616438356,0.031122414618875646,2970.0,0.1
503,0.05,0.1,0.0997,382,0.01643835616438356,0.03280450080186045,2975.0,0.07500000000000001
504,0.0,0.1,0.0996,71,0.01643835616438356,0.03448376232158044,2980.0,0.05
505,0.0,0.1,0.104,2,0.01643835616438356,0.036160208648832744,2985.0,0.05
506,0.0,0.1,0.1083,26,0.01643835616438356,0.03783384920686237,2990.0,0.05
507,0.0,0.1,0.1126,5,0.01643835616438356,0.03950469337167996,2995.0,0.05
508,0.0,0.1,0.1166,404,0.01643835616438356,0.04117275047237696,3000.0,0.05
509,0.0,0.1,0.1208,78,0.01643835616438356,0.04283802979143815,3005.0,0.05
510,0.0,0.1,0.1255,14,0.01643835616438356,0.04450054056505159,3010.0,0.05
511,0.0,0.1,0.1297,0,0.01643835616438356,0.04616029198341618,3015.0,0.05
512,0.0,0.1,0.1333,296,0.01643835616438356,0.04781729319104567,3020.0,0.05
513,0.0,0.1,0.1381,233,0.01643835616438356,0.04947155328707216,3025.0,0.05
514,0.0,0.1,0.1422,0,0.01643835616438356,0.051123081325545126,3030.0,0.05
515,0.0,0.1,0.1458,0,0.01643835616438356,0.05277188631572892,3035.0,0.05
516,0.0,0.1,0.1499,10,0.01643835616438356,0.05441797722239764,3040.0,0.05
517,0.0,0.1,0.158,5,0.01643835616438356,0.05770205242358753,3050.0,0.05
518,0.0,0.1,0.1671,0,0.01643835616438356,0.06097537776855663,3060.0,0.05
519,0.0,0.05,0.164,0,0.01643835616438356,0.06423802340337319,3070.0,0.025
520,0.0,0.05,0.1677,9,0.01643835616438356,0.06586536306274857,3075.0,0.025
521,0.0,0.05,0.1712,0,0.01643835616438356,0.06749005878975045,3080.0,0.025
522,0.0,0.05,0.179,0,0.01643835616438356,0.07073155271392141,3090.0,0.025
523,0.0,0.05,0.1863,11,0.01643835616438356,0.07396257329536783,3100.0,0.025
524,0.0,0.05,0.2047,120,0.01643835616438356,0.08199474499263221,3125.0,0.025
525,0.0,0.05,0.2223,3,0.01643835616438356,0.08996291464180897,3150.0,0.025
526,0.0,0.05,0.2406,0,0.01643835616438356,0.09786809414892235,3175.0,0.025
527,0.0,0.05,0.258,28,0.01643835616438356,0.10571127160994814,3200.0,0.025
528,0.0,0.05,0.2924,0,0.01643835616438356,0.1212154581459134,3250.0,0.025
529,0.0,0.05,0.3264,0,0.01643835616438356,0.13648293027670183,3300.0,0.025
530,1173.2,1184.5,0.0,0,0.021917808219178082,-0.5268112871335623,1700.0,1178.85
531,1072.9,1084.3,0.0,0,0.021917808219178082,-0.4696528732936137,1800.0,1078.6
532,1023.5,1034.9,0.0,0,0.021917808219178082,-0.4422538991054992,1850.0,1029.2
533,973.6,984.9,0.0,32,0.021917808219178082,-0.4155856520233379,1900.0,979.25
534,923.1,934.5,0.0,0,0.021917808219178082,-0.3896101656200773,1950.0,928.8
535,878.5,880.7,0.0,0,0.021917808219178082,-0.3642923576357874,2000.0,879.6
536,828.4,830.5,0.0,0,0.021917808219178082,-0.33959974504541585,2050.0,829.45
537,778.6,780.8,0.0,0,0.021917808219178082,-0.3155021934663554,2100.0,779.7
538,728.6,730.6,0.0,0,0.021917808219178082,-0.29197169605616125,2150.0,729.6
539,678.6,680.7,0.0,0,0.021917808219178082,-0.2689821778314625,2200.0,679.6500000000001
540,628.7,630.8,0.0,0,0.021917808219178082,-0.2465093219794039,2250.0,629.75
541,603.7,605.8,0.0,0,0.021917808219178082,-0.23545948579281892,2275.0,604.75
542,578.7,580.8,0.0,0,0.021917808219178082,-0.22453041526062864,2300.0,579.75
543,553.7,555.8,0.0,0,0.021917808219178082,-0.21371949915641303,2325.0,554.75
544,528.8,530.9,0.0,0,0.021917808219178082,-0.20302421003966506,2350.0,529.8499999999999
545,503.7,505.8,0.0,0,0.021917808219178082,-0.19244210070912812,2375.0,504.75
546,488.9,491.0,0.3791,0,0.021917808219178082,-0.18614617225231345,2390.0,489.95
547,478.7,480.9,0.0,0,0.021917808219178082,-0.1819708008418327,2400.0,479.79999999999995
548,468.9,471.1,0.3945,0,0.021917808219178082,-0.17781279069316908,2410.0,470.0
549,458.8,460.9,0.0,0,0.021917808219178082,-0.1736719980271376,2420.0,459.85
550,453.8,455.9,0.0,0,0.021917808219178082,-0.17160801380628612,2425.0,454.85
551,448.9,451.1,0.3697,0,0.021917808219178082,-0.16954828084327558,2430.0,450.0
552,438.9,441.0,0.0,0,0.021917808219178082,-0.16544149889062224,2440.0,439.95
553,428.9,431.0,0.0,0,0.021917808219178082,-0.16135151363909703,2450.0,429.95
554,418.7,420.9,0.0,0,0.021917808219178082,-0.15727818825146125,2460.0,419.79999999999995
555,408.8,411.0,0.0,0,0.021917808219178082,-0.1532213875558468,2470.0,409.9
556,403.8,406.0,0.0,0,0.021917808219178082,-0.15119914217507902,2475.0,404.9
557,398.9,401.1,0.3062,0,0.021917808219178082,-0.14918097801884186,2480.0,400.0
558,388.9,391.0,0.0,0,0.021917808219178082,-0.14515682771911648,2490.0,389.95
559,378.9,381.0,0.0,0,0.021917808219178082,-0.14114880632157759,2500.0,379.95
560,368.9,371.1,0.2433,0,0.021917808219178082,-0.13715678505204018,2510.0,370.0
561,358.9,361.1,0.0,0,0.021917808219178082,-0.13318063667240068,2520.0,360.0
562,353.8,356.0,0.0,0,0.021917808219178082,-0.1311984754684095,2525.0,354.9
563,348.8,351.0,0.0,0,0.021917808219178082,-0.1292202354563038,2530.0,349.9
564,343.8,346.0,0.0,0,0.021917808219178082,-0.12724590115258622,2535.0,344.9
565,338.9,341.1,0.0,3,0.021917808219178082,-0.1252754571652875,2540.0,340.0
566,333.9,336.1,0.0,0,0.021917808219178082,-0.12330888819324655,2545.0,335.0
567,328.9,331.1,0.0,3,0.021917808219178082,-0.12134617902539786,2550.0,330.0
568,324.0,326.1,0.2592,0,0.021917808219178082,-0.11938731454006492,2555.0,325.05
569,319.0,321.1,0.2508,0,0.021917808219178082,-0.11743227970426158,2560.0,320.05
570,314.0,316.3,0.2853,0,0.021917808219178082,-0.11548105957299987,2565.0,315.15
571,309.0,311.2,0.266,0,0.021917808219178082,-0.11353363928860419,2570.0,310.1
572,304.0,306.1,0.2306,0,0.021917808219178082,-0.11159000408003318,2575.0,305.05
573,298.9,301.2,0.2251,0,0.021917808219178082,-0.10965013926220661,2580.0,300.04999999999995
574,294.1,296.3,0.2762,0,0.021917808219178082,-0.10771403023534024,2585.0,295.20000000000005
575,289.0,291.2,0.2459,0,0.021917808219178082,-0.10578166248428633,2590.0,290.1
576,284.1,286.1,0.2408,0,0.021917808219178082,-0.10385302157788065,2595.0,285.1
577,279.1,281.1,0.2358,0,0.021917808219178082,-0.10192809316829628,2600.0,280.1
578,274.0,276.1,0.0,0,0.021917808219178082,-0.10000686299040243,2605.0,275.05
579,269.2,271.2,0.2515,0,0.021917808219178082,-0.09808931686113065,2610.0,270.2
580,264.2,266.2,0.2467,0,0.021917808219178082,-0.0961754406788465,2615.0,265.2
581,259.2,261.3,0.25,0,0.021917808219178082,-0.09426522042272713,2620.0,260.25
582,254.2,256.2,0.237,0,0.021917808219178082,-0.09235864215214558,2625.0,255.2
583,249.2,251.2,0.2322,3,0.021917808219178082,-0.09045569200605948,2630.0,250.2
584,244.3,246.4,0.2476,0,0.021917808219178082,-0.08855635620240704,2635.0,245.35000000000002
585,239.3,241.3,0.237,0,0.021917808219178082,-0.08666062103750792,2640.0,240.3
586,234.2,236.3,0.2256,1,0.021917808219178082,-0.08476847288546992,2645.0,235.25
587,229.3,231.3,0.2272,0,0.021917808219178082,-0.0828798981976018,2650.0,230.3
588,224.3,226.3,0.2223,0,0.021917808219178082,-0.08099488350183051,2655.0,225.3
589,219.2,221.3,0.211,0,0.021917808219178082,-0.07911341540212498,2660.0,220.25
590,214.4,216.4,0.2227,3,0.021917808219178082,-0.07723548057792484,2665.0,215.4
591,209.4,211.5,0.222,0,0.021917808219178082,-0.07536106578357445,2670.0,210.45
592,204.5,206.6,0.2242,0,0.021917808219178082,-0.07349015784776276,2675.0,205.55
593,199.4,201.4,0.2078,2,0.021917808219178082,-0.07162274367296735,2680.0,200.4
594,194.5,196.6,0.214,1,0.021917808219178082,-0.06975881023490467,2685.0,195.55
595,189.6,191.7,0.2149,0,0.021917808219178082,-0.06789834458198497,2690.0,190.64999999999998
596,184.5,186.6,0.2036,0,0.021917808219178082,-0.06604133383477213,2695.0,185.55
597,179.6,181.6,0.2017,4,0.021917808219178082,-0.06418776518544925,2700.0,180.6
598,174.7,176.7,0.202,1,0.021917808219178082,-0.062337625897287814,2705.0,175.7
599,169.7,171.7,0.1967,0,0.021917808219178082,-0.06049090330412315,2710.0,170.7
600,164.8,166.8,0.1962,1,0.021917808219178082,-0.058647584809833946,2715.0,165.8
601,159.8,161.8,0.1909,0,0.021917808219178082,-0.05680765788782678,2720.0,160.8
602,154.8,156.8,0.1856,0,0.021917808219178082,-0.054971110080525236,2725.0,155.8
603,150.0,151.9,0.1862,3,0.021917808219178082,-0.0531379289988643,2730.0,150.95
604,145.0,147.0,0.1825,1,0.021917808219178082,-0.05130810232178815,2735.0,146.0
605,140.0,142.0,0.1771,4,0.021917808219178082,-0.04948161779575385,2740.0,141.0
606,135.3,137.1,0.1779,0,0.021917808219178082,-0.04765846323423877,2745.0,136.2
607,130.4,132.2,0.1751,5,0.021917808219178082,-0.045838626517252706,2750.0,131.3
608,125.5,127.4,0.1734,5,0.021917808219178082,-0.04402209559085485,2755.0,126.45
609,120.7,122.6,0.1723,1,0.021917808219178082,-0.04220885846667405,2760.0,121.65
610,115.8,117.6,0.1675,2,0.021917808219178082,-0.04039890322143458,2765.0,116.69999999999999
611,110.9,112.7,0.1636,2,0.021917808219178082,-0.038592217996485594,2770.0,111.80000000000001
612,106.1,108.0,0.1625,4,0.021917808219178082,-0.0367887909973348,2775.0,107.05
613,101.4,103.1,0.1598,62,0.021917808219178082,-0.03498861049318696,2780.0,102.25
614,96.5,98.2,0.1552,30,0.021917808219178082,-0.03319166481648533,2785.0,97.35
615,91.9,93.5,0.1542,50,0.021917808219178082,-0.03139794236245844,2790.0,92.7
616,87.0,88.7,0.1498,51,0.021917808219178082,-0.02960743158867024,2795.0,87.85
617,82.3,84.0,0.1472,43,0.021917808219178082,-0.027820121014574394,2800.0,83.15
618,77.6,79.3,0.1441,73,0.021917808219178082,-0.026035999221073018,2805.0,78.44999999999999
619,73.1,74.6,0.1417,173,0.021917808219178082,-0.02425505485007828,2810.0,73.85
620,68.3,69.9,0.1372,95,0.021917808219178082,-0.022477276604078996,2815.0,69.1
621,63.8,65.3,0.1344,61,0.021917808219178082,-0.020702653245710502,2820.0,64.55
622,59.3,60.8,0.1316,145,0.021917808219178082,-0.018931173597328366,2825.0,60.05
623,54.9,56.3,0.1286,103,0.021917808219178082,-0.017162826540586398,2830.0,55.599999999999994
624,50.6,52.0,0.1262,73,0.021917808219178082,-0.015397601016017283,2835.0,51.3
625,46.4,47.7,0.1236,947,0.021917808219178082,-0.013635486022618026,2840.0,47.05
626,42.1,43.4,0.1198,419,0.021917808219178082,-0.011876470617438477,2845.0,42.75
627,38.5,38.9,0.1172,1263,0.021917808219178082,-0.010120543915173473,2850.0,38.7
628,34.5,34.9,0.114,203,0.021917808219178082,-0.008367695087759114,2855.0,34.7
629,30.7,31.1,0.1113,113,0.021917808219178082,-0.006617913363971453,2860.0,30.9
630,27.1,27.5,0.1089,1418,0.021917808219178082,-0.00487118802902981,2865.0,27.3
631,23.7,24.1,0.1066,180,0.021917808219178082,-0.0031275084242029776,2870.0,23.9
632,20.5,20.8,0.1041,471,0.021917808219178082,-0.0013868639464188668,2875.0,20.65
633,17.5,17.9,0.102,663,0.021917808219178082,0.0003507559521219104,2880.0,17.7
634,14.8,15.1,0.0999,441,0.021917808219178082,0.0020853617643302107,2885.0,14.95
635,12.4,12.7,0.0984,1456,0.021917808219178082,0.003816963928608097,2890.0,12.55
636,10.2,10.5,0.0967,362,0.021917808219178082,0.005545572829225849,2895.0,10.35
637,8.3,8.6,0.0953,885,0.021917808219178082,0.007271198796695605,2900.0,8.45
638,6.7,7.0,0.0943,236,0.021917808219178082,0.00899385210814179,2905.0,6.85
639,5.3,5.6,0.0932,140,0.021917808219178082,0.010713542987668584,2910.0,5.449999999999999
640,4.2,4.4,0.0924,270,0.021917808219178082,0.012430281606723118,2915.0,4.300000000000001
641,3.2,3.4,0.0912,121,0.021917808219178082,0.014144078084457773,2920.0,3.3
642,2.5,2.65,0.0911,2914,0.021917808219178082,0.01585494248808719,2925.0,2.575
643,1.85,2.0,0.0902,1056,0.021917808219178082,0.017562884833243288,2930.0,1.925
644,1.4,1.55,0.0902,222,0.021917808219178082,0.0192679150843271,2935.0,1.475
645,1.05,1.15,0.09,495,0.021917808219178082,0.02097004315485755,2940.0,1.1
646,0.8,0.9,0.0906,165,0.021917808219178082,0.022669278907817315,2945.0,0.8500000000000001
647,0.55,0.7,0.0906,734,0.021917808219178082,0.02436563215599572,2950.0,0.625
648,0.4,0.55,0.0913,71,0.021917808219178082,0.026059112662328764,2955.0,0.47500000000000003
649,0.3,0.4,0.0915,131,0.021917808219178082,0.027749730140236226,2960.0,0.35
650,0.25,0.35,0.094,803,0.021917808219178082,0.02943749425395619,2965.0,0.3
651,0.15,0.3,0.0945,131,0.021917808219178082,0.031122414618875646,2970.0,0.22499999999999998
652,0.15,0.25,0.0973,315,0.021917808219178082,0.03280450080186045,2975.0,0.2
653,0.1,0.2,0.0979,100,0.021917808219178082,0.03448376232158044,2980.0,0.15000000000000002
654,0.05,0.15,0.0973,294,0.021917808219178082,0.036160208648832744,2985.0,0.1
655,0.05,0.15,0.1011,0,0.021917808219178082,0.03783384920686237,2990.0,0.1
656,0.05,0.1,0.1019,0,0.021917808219178082,0.03950469337167996,2995.0,0.07500000000000001
657,0.0,0.1,0.1012,285,0.021917808219178082,0.04117275047237696,3000.0,0.05
658,0.0,0.1,0.1046,0,0.021917808219178082,0.04283802979143815,3005.0,0.05
659,0.0,0.1,0.1082,0,0.021917808219178082,0.04450054056505159,3010.0,0.05
660,0.0,0.1,0.112,0,0.021917808219178082,0.04616029198341618,3015.0,0.05
661,0.0,0.1,0.1156,0,0.021917808219178082,0.04781729319104567,3020.0,0.05
662,0.0,0.1,0.1193,45,0.021917808219178082,0.04947155328707216,3025.0,0.05
663,0.0,0.1,0.1229,294,0.021917808219178082,0.051123081325545126,3030.0,0.05
664,0.0,0.1,0.1264,0,0.021917808219178082,0.05277188631572892,3035.0,0.05
665,0.0,0.1,0.13,0,0.021917808219178082,0.05441797722239764,3040.0,0.05
666,0.0,0.1,0.137,156,0.021917808219178082,0.05770205242358753,3050.0,0.05
667,0.0,0.1,0.1443,0,0.021917808219178082,0.06097537776855663,3060.0,0.05
668,0.0,0.1,0.1513,0,0.021917808219178082,0.06423802340337319,3070.0,0.05
669,0.0,0.1,0.1553,19,0.021917808219178082,0.06586536306274857,3075.0,0.05
670,0.0,0.1,0.1588,0,0.021917808219178082,0.06749005878975045,3080.0,0.05
671,0.0,0.1,0.1657,0,0.021917808219178082,0.07073155271392141,3090.0,0.05
672,0.0,0.1,0.1725,116,0.021917808219178082,0.07396257329536783,3100.0,0.05
673,0.0,0.1,0.1894,0,0.021917808219178082,0.08199474499263221,3125.0,0.05
674,0.0,0.05,0.1935,102,0.021917808219178082,0.08996291464180897,3150.0,0.025
675,0.0,0.05,0.2081,0,0.021917808219178082,0.09786809414892235,3175.0,0.025
676,0.0,0.05,0.2238,2,0.021917808219178082,0.10571127160994814,3200.0,0.025
677,0.0,0.05,0.2534,0,0.021917808219178082,0.1212154581459134,3250.0,0.025
678,0.0,0.05,0.2825,0,0.021917808219178082,0.13648293027670183,3300.0,0.025
680,1873.2,1884.6,0.0,14,0.024657534246575342,-1.0574395381957327,1000.0,1878.9
682,1772.9,1784.3,0.0,0,0.024657534246575342,-0.9621293583914078,1100.0,1778.6
684,1672.4,1683.7,0.0,1,0.024657534246575342,-0.875117981401778,1200.0,1678.0500000000002
686,1647.4,1658.8,0.0,1,0.024657534246575342,-0.8544986941990423,1225.0,1653.1
688,1622.7,1634.0,0.0,0,0.024657534246575342,-0.8342959868815228,1250.0,1628.35
690,1598.0,1609.4,0.0,0,0.024657534246575342,-0.8144933595853432,1275.0,1603.7
692,1572.8,1584.1,0.0,2,0.024657534246575342,-0.7950752737282416,1300.0,1578.4499999999998
694,1547.8,1559.2,0.0,0,0.024657534246575342,-0.7760270787575471,1325.0,1553.5
696,1523.1,1534.5,0.0,0,0.024657534246575342,-0.7573349457453945,1350.0,1528.8
698,1498.2,1509.6,0.0,0,0.024657534246575342,-0.738985807077198,1375.0,1503.9
700,1473.1,1484.5,0.0,0,0.024657534246575342,-0.7209673015745197,1400.0,1478.8
702,1448.2,1459.6,0.0,0,0.024657534246575342,-0.7032677244751188,1425.0,1453.9
704,1422.7,1434.1,0.0,0,0.024657534246575342,-0.6858759817632497,1450.0,1428.4
706,1398.0,1409.4,0.0,0,0.024657534246575342,-0.6687815484039495,1475.0,1403.7
708,1373.5,1384.9,0.0,4,0.024657534246575342,-0.6519744300875684,1500.0,1379.2
710,1347.8,1359.2,0.0,0,0.024657534246575342,-0.6354451281363578,1525.0,1353.5
712,1322.8,1334.2,0.0,0,0.024657534246575342,-0.6191846072645775,1550.0,1328.5
714,1298.1,1309.4,0.0,0,0.024657534246575342,-0.6031842659181363,1575.0,1303.75
716,1273.3,1284.7,0.0,0,0.024657534246575342,-0.5874359089499972,1600.0,1279.0
718,1248.1,1259.5,0.0,0,0.024657534246575342,-0.5719317224140319,1625.0,1253.8
720,1222.9,1234.3,0.0,0,0.024657534246575342,-0.5566642502832435,1650.0,1228.6
722,1213.4,1224.7,0.0,0,0.024657534246575342,-0.5506219358272807,1660.0,1219.0500000000002
724,1203.4,1214.7,0.0,0,0.024657534246575342,-0.5446159117670689,1670.0,1209.0500000000002
726,1198.2,1209.5,0.0,0,0.024657534246575342,-0.541626372918703,1675.0,1203.85
728,1192.9,1204.3,0.0,0,0.024657534246575342,-0.5386457447805651,1680.0,1198.6
730,1183.4,1194.8,0.0,0,0.024657534246575342,-0.5327110092607505,1690.0,1189.1
732,1172.8,1184.2,0.0,0,0.024657534246575342,-0.5268112871335623,1700.0,1178.5
734,1163.4,1174.8,0.0,0,0.024657534246575342,-0.5209461676811641,1710.0,1169.1
736,1153.3,1164.7,0.0,0,0.024657534246575342,-0.515115247370371,1720.0,1159.0
738,1148.3,1159.7,0.0,0,0.024657534246575342,-0.5122124877124096,1725.0,1154.0
740,1143.4,1154.8,0.0,0,0.024657534246575342,-0.5093181296860452,1730.0,1149.1
742,1133.2,1144.6,0.0,0,0.024657534246575342,-0.5035544249692949,1740.0,1138.9
744,1122.8,1134.2,0.0,0,0.024657534246575342,-0.49782375026031,1750.0,1128.5
746,1113.8,1125.2,0.9271,0,0.024657534246575342,-0.49212572914567215,1760.0,1119.5
748,1103.4,1114.8,0.0,0,0.024657534246575342,-0.48645999160999487,1770.0,1109.1
750,1098.2,1109.6,0.0,0,0.024657534246575342,-0.48363911526835357,1775.0,1103.9
752,1093.5,1104.9,0.0,0,0.024657534246575342,-0.48082617389173893,1780.0,1099.2
754,1083.2,1094.6,0.0,0,0.024657534246575342,-0.475223918343069,1790.0,1088.9
756,1073.6,1085.0,0.0,9,0.024657534246575342,-0.4696528732936137,1800.0,1079.3
758,1063.5,1074.8,0.0,0,0.024657534246575342,-0.4641126929179982,1810.0,1069.15
760,1053.4,1064.7,0.0,0,0.024657534246575342,-0.45860303710702865,1820.0,1059.0500000000002
762,1048.7,1060.1,0.0,0,0.024657534246575342,-0.45585955116127785,1825.0,1054.4
764,1043.0,1054.4,0.0,0,0.024657534246575342,-0.45312357134240316,1830.0,1048.7
766,1033.0,1044.4,0.0,0,0.024657534246575342,-0.4476739665748384,1840.0,1038.7
768,1022.9,1034.2,0.0,0,0.024657534246575342,-0.4422538991054992,1850.0,1028.55
770,1013.5,1024.9,0.0,0,0.024657534246575342,-0.4368630504706227,1860.0,1019.2
772,1002.9,1014.3,0.0,0,0.024657534246575342,-0.4315011073292374,1870.0,1008.5999999999999
774,998.5,1009.9,0.0,0,0.024657534246575342,-0.42883087877335857,1875.0,1004.2
776,993.5,1004.9,0.0,0,0.024657534246575342,-0.4261677613538749,1880.0,999.2
778,988.5,999.9,0.0,0,0.024657534246575342,-0.42351171729575865,1885.0,994.2
780,983.5,994.9,0.0,0,0.024657534246575342,-0.4208627091241816,1890.0,989.2
782,978.3,989.7,0.0,0,0.024657534246575342,-0.418220699661343,1895.0,984.0
784,973.5,984.9,0.0,0,0.024657534246575342,-0.4155856520233379,1900.0,979.2
786,967.9,979.3,0.0,0,0.024657534246575342,-0.41295752961706844,1905.0,973.5999999999999
788,963.5,974.9,0.0,0,0.024657534246575342,-0.41033629613719425,1910.0,969.2
790,958.3,969.7,0.0,0,0.024657534246575342,-0.4077219155631233,1915.0,964.0
792,953.5,964.9,0.0,0,0.024657534246575342,-0.40511435215604247,1920.0,959.2
794,948.6,960.0,0.0,0,0.024657534246575342,-0.4025135704559851,1925.0,954.3
796,943.7,955.1,0.0,0,0.024657534246575342,-0.39991953527893853,1930.0,949.4000000000001
798,938.6,949.9,0.0,0,0.024657534246575342,-0.39733221171398764,1935.0,944.25
800,933.8,945.2,0.0,0,0.024657534246575342,-0.39475156512049586,1940.0,939.5
802,928.1,939.5,0.0,0,0.024657534246575342,-0.39217756112532304,1945.0,933.8
804,923.6,934.9,0.0,0,0.024657534246575342,-0.3896101656200773,1950.0,929.25
806,918.1,929.5,0.0,0,0.024657534246575342,-0.38704934475840364,1955.0,923.8
808,913.1,924.5,0.0,0,0.024657534246575342,-0.3844950649533069,1960.0,918.8
810,908.1,919.5,0.0,0,0.024657534246575342,-0.38194729287450807,1965.0,913.8
812,903.1,914.5,0.0,0,0.024657534246575342,-0.37940599544583553,1970.0,908.8
814,898.0,909.3,0.0,0,0.024657534246575342,-0.3768711398426475,1975.0,903.65
816,893.7,905.1,0.0,0,0.024657534246575342,-0.37434269348928884,1980.0,899.4000000000001
818,888.1,899.5,0.0,0,0.024657534246575342,-0.371820624056579,1985.0,893.8
820,883.0,894.4,0.0,0,0.024657534246575342,-0.3693048994593316,1990.0,888.7
822,878.1,889.5,0.0,0,0.024657534246575342,-0.36679548785390587,1995.0,883.8
824,878.5,880.7,0.0,1,0.024657534246575342,-0.3642923576357874,2000.0,879.6
826,873.5,875.7,0.0,0,0.024657534246575342,-0.3617954774372002,2005.0,874.6
828,868.5,870.7,0.0,0,0.024657534246575342,-0.35930481612474835,2010.0,869.6
830,863.5,865.7,0.0,0,0.024657534246575342,-0.3568203427970863,2015.0,864.6
832,858.5,860.6,0.0,0,0.024657534246575342,-0.3543420267826193,2020.0,859.55
834,853.5,855.6,0.0,0,0.024657534246575342,-0.35186983763723023,2025.0,854.55
836,848.5,850.6,0.0,0,0.024657534246575342,-0.34940374514203676,2030.0,849.55
838,843.3,845.5,0.0,0,0.024657534246575342,-0.3469437193011744,2035.0,844.4
840,838.5,840.5,0.0,0,0.024657534246575342,-0.3444897303396076,2040.0,839.5
842,833.5,835.5,0.0,0,0.024657534246575342,-0.3420417487009676,2045.0,834.5
844,828.6,830.7,0.5953,4,0.024657534246575342,-0.33959974504541585,2050.0,829.6500000000001
846,823.3,825.5,0.0,0,0.024657534246575342,-0.3371636902475348,2055.0,824.4
848,818.6,820.7,0.5637,0,0.024657534246575342,-0.33473355539424304,2060.0,819.6500000000001
850,813.6,815.7,0.0,0,0.024657534246575342,-0.33230931178273654,2065.0,814.6500000000001
852,808.5,810.6,0.0,0,0.024657534246575342,-0.32989093091845495,2070.0,809.55
854,803.5,805.6,0.0,0,0.024657534246575342,-0.32747838451307104,2075.0,804.55
856,798.5,800.6,0.0,0,0.024657534246575342,-0.3250716444825061,2080.0,799.55
858,793.6,795.8,0.6277,0,0.024657534246575342,-0.322670682944968,2085.0,794.7
860,788.6,790.8,0.6185,0,0.024657534246575342,-0.320275472219013,2090.0,789.7
862,783.4,785.6,0.0,0,0.024657534246575342,-0.3178859848216316,2095.0,784.5
864,778.6,780.6,0.0,0,0.024657534246575342,-0.3155021934663554,2100.0,779.6
866,773.6,775.7,0.0,0,0.024657534246575342,-0.31312407106138795,2105.0,774.6500000000001
868,768.5,770.6,0.0,0,0.024657534246575342,-0.3107515907077576,2110.0,769.55
870,763.6,765.7,0.0,0,0.024657534246575342,-0.3083847256974913,2115.0,764.6500000000001
872,758.6,760.7,0.0,0,0.024657534246575342,-0.30602344951181154,2120.0,759.6500000000001
874,753.5,755.7,0.0,0,0.024657534246575342,-0.3036677358193525,2125.0,754.6
876,748.6,750.6,0.0,0,0.024657534246575342,-0.30131755847439895,2130.0,749.6
878,743.5,745.7,0.0,0,0.024657534246575342,-0.29897289151514483,2135.0,744.6
880,738.4,740.6,0.0,0,0.024657534246575342,-0.2966337091619725,2140.0,739.5
882,733.5,735.6,0.0,0,0.024657534246575342,-0.29429998581575234,2145.0,734.55
884,728.5,730.7,0.0,0,0.024657534246575342,-0.29197169605616125,2150.0,729.6
886,723.6,725.7,0.0,0,0.024657534246575342,-0.28964881464002157,2155.0,724.6500000000001
888,718.6,720.7,0.0,0,0.024657534246575342,-0.2873313164996591,2160.0,719.6500000000001
890,713.5,715.7,0.0,0,0.024657534246575342,-0.2850191767412794,2165.0,714.6
892,708.6,710.7,0.0,1,0.024657534246575342,-0.28271237064336446,2170.0,709.6500000000001
894,703.7,705.9,0.5843,0,0.024657534246575342,-0.28041087365508527,2175.0,704.8
896,698.5,700.7,0.0,0,0.024657534246575342,-0.27811466139473506,2180.0,699.6
898,693.5,695.7,0.0,0,0.024657534246575342,-0.27582370964817926,2185.0,694.6
900,688.6,690.7,0.0,0,0.024657534246575342,-0.2735379943673232,2190.0,689.6500000000001
902,683.7,685.9,0.5602,0,0.024657534246575342,-0.27125749166859797,2195.0,684.8
904,678.6,680.7,0.0,0,0.024657534246575342,-0.2689821778314625,2200.0,679.6500000000001
906,673.7,675.8,0.4859,0,0.024657534246575342,-0.2667120292969234,2205.0,674.75
908,668.6,670.7,0.0,0,0.024657534246575342,-0.2644470226660713,2210.0,669.6500000000001
910,663.7,665.8,0.4596,0,0.024657534246575342,-0.26218713469863364,2215.0,664.75
912,658.7,660.8,0.4404,0,0.024657534246575342,-0.25993234231154455,2220.0,659.75
914,653.7,655.8,0.3954,0,0.024657534246575342,-0.2576826225775291,2225.0,654.75
916,648.6,650.8,0.0,0,0.024657534246575342,-0.2554379527237053,2230.0,649.7
918,643.7,645.8,0.0,0,0.024657534246575342,-0.25319831013020055,2235.0,644.75
920,638.6,640.8,0.0,6,0.024657534246575342,-0.25096367232878414,2240.0,639.7
922,633.7,635.8,0.0,0,0.024657534246575342,-0.248734017001515,2245.0,634.75
924,628.7,630.8,0.0,36,0.024657534246575342,-0.2465093219794039,2250.0,629.75
926,623.7,625.8,0.0,19,0.024657534246575342,-0.24428956524109102,2255.0,624.75
928,618.6,620.8,0.0,0,0.024657534246575342,-0.2420747249115382,2260.0,619.7
930,613.8,616.0,0.5271,0,0.024657534246575342,-0.23986477926073527,2265.0,614.9
932,608.8,611.0,0.5215,19,0.024657534246575342,-0.23765970670242131,2270.0,609.9
934,603.8,606.0,0.516,0,0.024657534246575342,-0.23545948579281892,2275.0,604.9
936,598.7,600.8,0.0,3,0.024657534246575342,-0.2332640952293833,2280.0,599.75
938,593.7,595.8,0.0,0,0.024657534246575342,-0.2310735138495647,2285.0,594.75
940,588.8,590.9,0.4729,0,0.024657534246575342,-0.22888772062958446,2290.0,589.8499999999999
942,583.8,586.0,0.4926,0,0.024657534246575342,-0.22670669468322416,2295.0,584.9
944,578.7,580.8,0.0,24,0.024657534246575342,-0.22453041526062864,2300.0,579.75
946,573.8,575.9,0.4548,0,0.024657534246575342,-0.22235886174712086,2305.0,574.8499999999999
948,568.6,570.8,0.0,0,0.024657534246575342,-0.22019201366203053,2310.0,569.7
950,563.8,565.9,0.4431,0,0.024657534246575342,-0.21802985065753533,2315.0,564.8499999999999
952,558.6,560.8,0.0,90,0.024657534246575342,-0.21587235251751405,2320.0,559.7
954,553.9,556.0,0.4784,0,0.024657534246575342,-0.21371949915641303,2325.0,554.95
956,548.8,550.9,0.4238,2,0.024657534246575342,-0.21157127061812347,2330.0,549.8499999999999
958,543.9,546.1,0.4812,0,0.024657534246575342,-0.20942764707487208,2335.0,545.0
960,538.9,541.1,0.4759,33,0.024657534246575342,-0.20728860882612268,2340.0,540.0
962,533.9,536.1,0.4706,47,0.024657534246575342,-0.20515413629748994,2345.0,535.0
964,528.8,530.9,0.3923,0,0.024657534246575342,-0.20302421003966506,2350.0,529.8499999999999
966,523.9,526.1,0.4606,0,0.024657534246575342,-0.2008988107273516,2355.0,525.0
968,518.9,521.0,0.441,0,0.024657534246575342,-0.198777919158214,2360.0,519.95
970,513.8,515.9,0.3686,0,0.024657534246575342,-0.19666151625183645,2365.0,514.8499999999999
972,508.9,511.0,0.4305,3,0.024657534246575342,-0.1945495830486928,2370.0,509.95
974,503.9,506.0,0.424,5,0.024657534246575342,-0.19244210070912812,2375.0,504.95
976,498.8,500.9,0.3449,0,0.024657534246575342,-0.19033905051234934,2380.0,499.85
978,493.9,495.9,0.3895,0,0.024657534246575342,-0.18824041385542817,2385.0,494.9
980,488.9,491.0,0.4083,83,0.024657534246575342,-0.18614617225231345,2390.0,489.95
982,483.8,486.0,0.3771,96,0.024657534246575342,-0.18405630733285408,2395.0,484.9
984,478.9,481.0,0.3973,46,0.024657534246575342,-0.1819708008418327,2400.0,479.95
986,474.0,476.2,0.4311,10,0.024657534246575342,-0.17988963463800817,2405.0,475.1
988,468.9,471.0,0.3869,35,0.024657534246575342,-0.17781279069316908,2410.0,469.95
990,464.0,466.2,0.4213,0,0.024657534246575342,-0.17574025109119673,2415.0,465.1
992,458.9,461.1,0.3935,0,0.024657534246575342,-0.1736719980271376,2420.0,460.0
994,454.0,456.2,0.4112,11,0.024657534246575342,-0.17160801380628612,2425.0,455.1
996,449.0,451.2,0.4062,0,0.024657534246575342,-0.16954828084327558,2430.0,450.1
998,444.0,446.2,0.4012,1,0.024657534246575342,-0.1674927816611796,2435.0,445.1
1000,438.8,441.0,0.3193,15,0.024657534246575342,-0.16544149889062224,2440.0,439.9
1002,433.9,436.0,0.3487,0,0.024657534246575342,-0.16339441526889728,2445.0,434.95
1004,429.0,431.2,0.3862,44,0.024657534246575342,-0.16135151363909703,2450.0,430.1
1006,423.9,426.0,0.3385,0,0.024657534246575342,-0.15931277694924878,2455.0,424.95
1008,418.9,421.1,0.352,0,0.024657534246575342,-0.15727818825146125,2460.0,420.0
1010,413.9,416.0,0.3275,0,0.024657534246575342,-0.1552477307010793,2465.0,414.95
1012,408.9,411.1,0.3421,1,0.024657534246575342,-0.1532213875558468,2470.0,410.0
1014,404.0,406.2,0.3612,2,0.024657534246575342,-0.15119914217507902,2475.0,405.1
1016,399.0,401.1,0.346,0,0.024657534246575342,-0.14918097801884186,2480.0,400.05
1018,393.8,396.1,0.3057,0,0.024657534246575342,-0.14716687864714065,2485.0,394.95000000000005
1020,389.0,391.3,0.3551,0,0.024657534246575342,-0.14515682771911648,2490.0,390.15
1022,383.9,386.1,0.3167,1,0.024657534246575342,-0.14315080899225063,2495.0,385.0
1024,378.9,381.1,0.3116,131,0.024657534246575342,-0.14114880632157759,2500.0,380.0
1026,374.0,376.2,0.3315,10,0.024657534246575342,-0.13915080365890456,2505.0,375.1
1028,368.9,371.1,0.3014,0,0.024657534246575342,-0.13715678505204018,2510.0,370.0
1030,364.1,366.3,0.3385,15,0.024657534246575342,-0.1351667346440302,2515.0,365.20000000000005
1032,358.9,361.2,0.3064,1,0.024657534246575342,-0.13318063667240068,2520.0,360.04999999999995
1034,354.0,356.2,0.3127,28,0.024657534246575342,-0.1311984754684095,2525.0,355.1
1036,349.1,351.3,0.3239,3,0.024657534246575342,-0.1292202354563038,2530.0,350.20000000000005
1038,344.1,346.4,0.3256,0,0.024657534246575342,-0.12724590115258622,2535.0,345.25
1040,338.9,341.2,0.2871,0,0.024657534246575342,-0.1252754571652875,2540.0,340.04999999999995
1042,334.1,336.3,0.3093,45,0.024657534246575342,-0.12330888819324655,2545.0,335.20000000000005
1044,329.1,331.3,0.3045,23,0.024657534246575342,-0.12134617902539786,2550.0,330.20000000000005
1046,324.1,326.2,0.2922,10,0.024657534246575342,-0.11938731454006492,2555.0,325.15
1048,319.0,321.2,0.2788,77,0.024657534246575342,-0.11743227970426158,2560.0,320.1
1050,314.1,316.3,0.29,145,0.024657534246575342,-0.11548105957299987,2565.0,315.20000000000005
1052,309.1,311.3,0.2852,12,0.024657534246575342,-0.11353363928860419,2570.0,310.20000000000005
1054,304.1,306.3,0.2804,130,0.024657534246575342,-0.11159000408003318,2575.0,305.20000000000005
1056,299.0,301.3,0.2691,110,0.024657534246575342,-0.10965013926220661,2580.0,300.15
1058,294.2,296.4,0.283,1,0.024657534246575342,-0.10771403023534024,2585.0,295.29999999999995
1060,289.2,291.4,0.2782,57,0.024657534246575342,-0.10578166248428633,2590.0,290.29999999999995
1062,284.2,286.2,0.2618,24,0.024657534246575342,-0.10385302157788065,2595.0,285.2
1064,279.3,281.3,0.2686,182,0.024657534246575342,-0.10192809316829628,2600.0,280.3
1066,274.3,276.3,0.2638,26,0.024657534246575342,-0.10000686299040243,2605.0,275.3
1068,269.2,271.1,0.2406,105,0.024657534246575342,-0.09808931686113065,2610.0,270.15
1070,264.3,266.3,0.2543,102,0.024657534246575342,-0.0961754406788465,2615.0,265.3
1072,259.3,261.3,0.2495,17,0.024657534246575342,-0.09426522042272713,2620.0,260.3
1074,254.4,256.4,0.2536,93,0.024657534246575342,-0.09235864215214558,2625.0,255.39999999999998
1076,249.5,251.2,0.2447,48,0.024657534246575342,-0.09045569200605948,2630.0,250.35
1078,244.5,246.2,0.2399,35,0.024657534246575342,-0.08855635620240704,2635.0,245.35
1080,239.3,241.4,0.2351,82,0.024657534246575342,-0.08666062103750792,2640.0,240.35000000000002
1082,234.5,236.5,0.2417,76,0.024657534246575342,-0.08476847288546992,2645.0,235.5
1084,229.4,231.5,0.2333,388,0.024657534246575342,-0.0828798981976018,2650.0,230.45
1086,224.5,226.5,0.2319,52,0.024657534246575342,-0.08099488350183051,2655.0,225.5
1088,219.6,221.7,0.2357,96,0.024657534246575342,-0.07911341540212498,2660.0,220.64999999999998
1090,214.5,216.6,0.2253,51,0.024657534246575342,-0.07723548057792484,2665.0,215.55
1092,209.6,211.6,0.2233,131,0.024657534246575342,-0.07536106578357445,2670.0,210.6
1094,204.7,206.7,0.2234,504,0.024657534246575342,-0.07349015784776276,2675.0,205.7
1096,199.8,201.5,0.2159,582,0.024657534246575342,-0.07162274367296735,2680.0,200.65
1098,194.8,196.8,0.2181,50,0.024657534246575342,-0.06975881023490467,2685.0,195.8
1100,189.9,191.6,0.2108,516,0.024657534246575342,-0.06789834458198497,2690.0,190.75
1102,184.9,186.9,0.2121,263,0.024657534246575342,-0.06604133383477213,2695.0,185.9
1104,180.0,181.7,0.2049,598,0.024657534246575342,-0.06418776518544925,2700.0,180.85
1106,175.0,177.0,0.2055,67,0.024657534246575342,-0.062337625897287814,2705.0,176.0
1108,170.2,171.8,0.2003,93,0.024657534246575342,-0.06049090330412315,2710.0,171.0
1110,165.0,167.1,0.1968,117,0.024657534246575342,-0.058647584809833946,2715.0,166.05
1112,160.2,162.2,0.1963,89,0.024657534246575342,-0.05680765788782678,2720.0,161.2
1114,155.3,157.3,0.1939,328,0.024657534246575342,-0.054971110080525236,2725.0,156.3
1116,150.5,152.3,0.1911,1554,0.024657534246575342,-0.0531379289988643,2730.0,151.4
1118,145.6,147.3,0.187,152,0.024657534246575342,-0.05130810232178815,2735.0,146.45
1120,140.7,142.4,0.184,2957,0.024657534246575342,-0.04948161779575385,2740.0,141.55
1122,135.8,137.5,0.1807,99,0.024657534246575342,-0.04765846323423877,2745.0,136.65
1124,130.8,132.7,0.1773,1395,0.024657534246575342,-0.045838626517252706,2750.0,131.75
1126,126.0,127.9,0.1758,163,0.024657534246575342,-0.04402209559085485,2755.0,126.95
1128,121.2,123.0,0.1728,646,0.024657534246575342,-0.04220885846667405,2760.0,122.1
1130,116.3,118.2,0.1697,121,0.024657534246575342,-0.04039890322143458,2765.0,117.25
1132,111.6,113.2,0.1663,869,0.024657534246575342,-0.038592217996485594,2770.0,112.4
1134,106.7,108.4,0.1626,1445,0.024657534246575342,-0.0367887909973348,2775.0,107.55000000000001
1136,101.9,103.6,0.1595,1311,0.024657534246575342,-0.03498861049318696,2780.0,102.75
1138,97.2,99.0,0.1582,332,0.024657534246575342,-0.03319166481648533,2785.0,98.1
1140,92.5,94.2,0.1551,700,0.024657534246575342,-0.03139794236245844,2790.0,93.35
1142,87.8,89.5,0.1523,323,0.024657534246575342,-0.02960743158867024,2795.0,88.65
1144,83.1,84.8,0.1491,2112,0.024657534246575342,-0.027820121014574394,2800.0,83.94999999999999
1146,78.5,80.0,0.1455,307,0.024657534246575342,-0.026035999221073018,2805.0,79.25
1148,73.9,75.4,0.1427,1521,0.024657534246575342,-0.02425505485007828,2810.0,74.65
1150,69.5,70.8,0.1403,594,0.024657534246575342,-0.022477276604078996,2815.0,70.15
1152,64.8,66.3,0.1366,764,0.024657534246575342,-0.020702653245710502,2820.0,65.55
1154,60.4,61.9,0.1341,1578,0.024657534246575342,-0.018931173597328366,2825.0,61.15
1156,56.2,57.4,0.1315,466,0.024657534246575342,-0.017162826540586398,2830.0,56.8
1158,51.8,53.1,0.1283,731,0.024657534246575342,-0.015397601016017283,2835.0,52.45
1160,47.6,48.9,0.1256,2072,0.024657534246575342,-0.013635486022618026,2840.0,48.25
1162,43.9,44.3,0.1227,900,0.024657534246575342,-0.011876470617438477,2845.0,44.099999999999994
1164,39.8,40.2,0.1194,1643,0.024657534246575342,-0.010120543915173473,2850.0,40.0
1166,36.0,36.3,0.1169,863,0.024657534246575342,-0.008367695087759114,2855.0,36.15
1168,32.2,32.6,0.1143,987,0.024657534246575342,-0.006617913363971453,2860.0,32.400000000000006
1170,28.6,29.0,0.1117,790,0.024657534246575342,-0.00487118802902981,2865.0,28.8
1172,25.2,25.6,0.1092,1079,0.024657534246575342,-0.0031275084242029776,2870.0,25.4
1174,22.0,22.3,0.1067,2562,0.024657534246575342,-0.0013868639464188668,2875.0,22.15
1176,19.0,19.4,0.1047,713,0.024657534246575342,0.0003507559521219104,2880.0,19.2
1178,16.3,16.6,0.1027,945,0.024657534246575342,0.0020853617643302107,2885.0,16.450000000000003
1180,13.8,14.1,0.1009,1553,0.024657534246575342,0.003816963928608097,2890.0,13.95
1182,11.6,11.9,0.0995,2168,0.024657534246575342,0.005545572829225849,2895.0,11.75
1184,9.6,9.9,0.098,3504,0.024657534246575342,0.007271198796695605,2900.0,9.75
1186,7.9,8.1,0.0966,1683,0.024657534246575342,0.00899385210814179,2905.0,8.0
1188,6.4,6.6,0.0955,1341,0.024657534246575342,0.010713542987668584,2910.0,6.5
1190,5.1,5.4,0.0947,1060,0.024657534246575342,0.012430281606723118,2915.0,5.25
1192,4.0,4.3,0.0936,1272,0.024657534246575342,0.014144078084457773,2920.0,4.15
1194,3.2,3.4,0.0932,1850,0.024657534246575342,0.01585494248808719,2925.0,3.3
1196,2.45,2.6,0.0921,1560,0.024657534246575342,0.017562884833243288,2930.0,2.5250000000000004
1198,1.9,2.05,0.0919,1185,0.024657534246575342,0.0192679150843271,2935.0,1.9749999999999999
1200,1.45,1.6,0.0917,15222,0.024657534246575342,0.02097004315485755,2940.0,1.525
1202,1.1,1.2,0.0913,1319,0.024657534246575342,0.022669278907817315,2945.0,1.15
1204,0.85,0.95,0.0918,1019,0.024657534246575342,0.02436563215599572,2950.0,0.8999999999999999
1206,0.65,0.75,0.0924,1200,0.024657534246575342,0.026059112662328764,2955.0,0.7
1208,0.5,0.6,0.0932,663,0.024657534246575342,0.027749730140236226,2960.0,0.55
1210,0.35,0.45,0.0928,15193,0.024657534246575342,0.02943749425395619,2965.0,0.4
1212,0.3,0.4,0.0953,331,0.024657534246575342,0.031122414618875646,2970.0,0.35
1214,0.2,0.3,0.0948,2426,0.024657534246575342,0.03280450080186045,2975.0,0.25
1216,0.15,0.25,0.096,423,0.024657534246575342,0.03448376232158044,2980.0,0.2
1218,0.1,0.25,0.0984,298,0.024657534246575342,0.036160208648832744,2985.0,0.175
1220,0.1,0.2,0.1004,332,0.024657534246575342,0.03783384920686237,2990.0,0.15000000000000002
1222,0.05,0.15,0.0994,184,0.024657534246575342,0.03950469337167996,2995.0,0.1
1224,0.05,0.15,0.1031,1581,0.024657534246575342,0.04117275047237696,3000.0,0.1
1226,0.05,0.1,0.1033,805,0.024657534246575342,0.04283802979143815,3005.0,0.07500000000000001
1228,0.0,0.1,0.1026,1314,0.024657534246575342,0.04450054056505159,3010.0,0.05
1230,0.05,0.1,0.1107,23,0.024657534246575342,0.04616029198341618,3015.0,0.07500000000000001
1232,0.05,0.1,0.1142,28,0.024657534246575342,0.04781729319104567,3020.0,0.07500000000000001
1234,0.05,0.1,0.1178,1716,0.024657534246575342,0.04947155328707216,3025.0,0.07500000000000001
1236,0.05,0.1,0.1213,24,0.024657534246575342,0.051123081325545126,3030.0,0.07500000000000001
1238,0.05,0.1,0.1248,42,0.024657534246575342,0.05277188631572892,3035.0,0.07500000000000001
1240,0.0,0.1,0.1226,69,0.024657534246575342,0.05441797722239764,3040.0,0.05
1242,0.0,0.1,0.1259,6,0.024657534246575342,0.05606136296612764,3045.0,0.05
1244,0.0,0.1,0.1299,534,0.024657534246575342,0.05770205242358753,3050.0,0.05
1246,0.0,0.1,0.1329,5,0.024657534246575342,0.059340054427825896,3055.0,0.05
1248,0.0,0.1,0.1368,913,0.024657534246575342,0.06097537776855663,3060.0,0.05
1250,0.0,0.1,0.1401,27,0.024657534246575342,0.06260803119244214,3065.0,0.05
1252,0.0,0.1,0.1434,624,0.024657534246575342,0.06423802340337319,3070.0,0.05
1254,0.0,0.1,0.1467,154,0.024657534246575342,0.06586536306274857,3075.0,0.05
1256,0.0,0.1,0.1499,357,0.024657534246575342,0.06749005878975045,3080.0,0.05
1258,0.0,0.1,0.1532,0,0.024657534246575342,0.06911211916161847,3085.0,0.05
1260,0.0,0.1,0.1564,343,0.024657534246575342,0.07073155271392141,3090.0,0.05
1262,0.0,0.1,0.1596,0,0.024657534246575342,0.07234836794082672,3095.0,0.05
1264,0.0,0.1,0.1629,512,0.024657534246575342,0.07396257329536783,3100.0,0.05
1266,0.0,0.05,0.1558,0,0.024657534246575342,0.07557417718970934,3105.0,0.025
1268,0.0,0.05,0.1588,73,0.024657534246575342,0.07718318799541,3110.0,0.025
1270,0.0,0.05,0.1642,5,0.024657534246575342,0.08039346362565838,3120.0,0.025
1272,0.0,0.05,0.1678,1277,0.024657534246575342,0.08199474499263221,3125.0,0.025
1274,0.0,0.05,0.171,1,0.024657534246575342,0.08359346635632921,3130.0,0.025
1276,0.0,0.05,0.1768,510,0.024657534246575342,0.08678326172442932,3140.0,0.025
1278,0.0,0.05,0.182,1344,0.024657534246575342,0.08996291464180897,3150.0,0.025
1280,0.0,0.05,0.1881,0,0.024657534246575342,0.09313248940308798,3160.0,0.025
1282,0.0,0.05,0.1946,0,0.024657534246575342,0.09629204969345664,3170.0,0.025
1284,0.0,0.05,0.1966,100,0.024657534246575342,0.09786809414892235,3175.0,0.025
1286,0.0,0.05,0.2002,0,0.024657534246575342,0.09944165859635283,3180.0,0.025
1288,0.0,0.05,0.2112,80,0.024657534246575342,0.10571127160994814,3200.0,0.025
1290,0.0,0.05,0.2258,0,0.024657534246575342,0.1134934120520032,3225.0,0.025
1292,0.0,0.05,0.2394,3,0.024657534246575342,0.1212154581459134,3250.0,0.025
1294,0.0,0.05,0.2668,359,0.024657534246575342,0.13648293027670183,3300.0,0.025
1296,0.0,0.05,0.3201,8,0.024657534246575342,0.166335893426383,3400.0,0.025
1298,0.0,0.05,0.3707,23,0.024657534246575342,0.19532343029963528,3500.0,0.025
1300,0.0,0.05,0.4204,0,0.024657534246575342,0.22349430726633163,3600.0,0.025
1302,0.0,0.05,0.4682,0,0.024657534246575342,0.25089328145444606,3700.0,0.025
1304,1173.3,1184.7,0.0,0,0.03561643835616438,-0.5268112871335623,1700.0,1179.0
1305,1072.9,1084.3,0.0,0,0.03561643835616438,-0.4696528732936137,1800.0,1078.6
1306,1023.4,1034.8,0.0,0,0.03561643835616438,-0.4422538991054992,1850.0,1029.1
1307,972.9,984.3,0.0,0,0.03561643835616438,-0.4155856520233379,1900.0,978.5999999999999
1308,923.3,934.7,0.0,0,0.03561643835616438,-0.3896101656200773,1950.0,929.0
1309,878.4,880.5,0.0,0,0.03561643835616438,-0.3642923576357874,2000.0,879.45
1310,828.6,830.7,0.5417,0,0.03561643835616438,-0.33959974504541585,2050.0,829.6500000000001
1311,778.6,780.7,0.0,0,0.03561643835616438,-0.3155021934663554,2100.0,779.6500000000001
1312,728.7,730.7,0.0,0,0.03561643835616438,-0.29197169605616125,2150.0,729.7
1313,678.7,680.8,0.0,0,0.03561643835616438,-0.2689821778314625,2200.0,679.75
1314,628.8,630.9,0.4182,0,0.03561643835616438,-0.2465093219794039,2250.0,629.8499999999999
1315,603.9,606.1,0.4469,0,0.03561643835616438,-0.23545948579281892,2275.0,605.0
1316,578.9,581.0,0.4084,0,0.03561643835616438,-0.22453041526062864,2300.0,579.95
1317,553.9,555.9,0.3571,0,0.03561643835616438,-0.21371949915641303,2325.0,554.9
1318,528.9,531.0,0.3557,8,0.03561643835616438,-0.20302421003966506,2350.0,529.95
1319,503.9,506.0,0.3278,0,0.03561643835616438,-0.19244210070912812,2375.0,504.95
1320,479.1,481.3,0.3693,0,0.03561643835616438,-0.1819708008418327,2400.0,480.20000000000005
1321,454.0,456.2,0.3291,2,0.03561643835616438,-0.17160801380628612,2425.0,455.1
1322,438.9,441.1,0.2809,0,0.03561643835616438,-0.16544149889062224,2440.0,440.0
1323,429.0,431.2,0.3069,0,0.03561643835616438,-0.16135151363909703,2450.0,430.1
1324,419.1,421.2,0.3075,0,0.03561643835616438,-0.15727818825146125,2460.0,420.15
1325,409.1,411.3,0.3076,0,0.03561643835616438,-0.1532213875558468,2470.0,410.20000000000005
1326,404.0,406.2,0.2838,0,0.03561643835616438,-0.15119914217507902,2475.0,405.1
1327,399.0,401.2,0.2792,0,0.03561643835616438,-0.14918097801884186,2480.0,400.1
1328,389.1,391.3,0.2903,0,0.03561643835616438,-0.14515682771911648,2490.0,390.20000000000005
1329,379.1,381.3,0.2817,0,0.03561643835616438,-0.14114880632157759,2500.0,380.20000000000005
1330,369.2,371.4,0.2868,0,0.03561643835616438,-0.13715678505204018,2510.0,370.29999999999995
1331,359.0,361.3,0.2552,0,0.03561643835616438,-0.13318063667240068,2520.0,360.15
1332,354.1,356.3,0.2603,0,0.03561643835616438,-0.1311984754684095,2525.0,355.20000000000005
1333,349.2,351.4,0.2697,0,0.03561643835616438,-0.1292202354563038,2530.0,350.29999999999995
1334,339.3,341.6,0.2764,0,0.03561643835616438,-0.1252754571652875,2540.0,340.45000000000005
1335,329.2,331.4,0.2532,0,0.03561643835616438,-0.12134617902539786,2550.0,330.29999999999995
1336,319.3,321.5,0.2553,0,0.03561643835616438,-0.11743227970426158,2560.0,320.4
1337,309.4,311.7,0.2588,0,0.03561643835616438,-0.11353363928860419,2570.0,310.54999999999995
1338,304.4,306.6,0.2511,0,0.03561643835616438,-0.11159000408003318,2575.0,305.5
1339,299.4,301.6,0.247,0,0.03561643835616438,-0.10965013926220661,2580.0,300.5
1340,294.4,296.7,0.2464,0,0.03561643835616438,-0.10771403023534024,2585.0,295.54999999999995
1341,289.4,291.6,0.2387,0,0.03561643835616438,-0.10578166248428633,2590.0,290.5
1342,284.6,286.4,0.2345,0,0.03561643835616438,-0.10385302157788065,2595.0,285.5
1343,279.5,281.5,0.2304,0,0.03561643835616438,-0.10192809316829628,2600.0,280.5
1344,274.6,276.7,0.236,0,0.03561643835616438,-0.10000686299040243,2605.0,275.65
1345,269.6,271.6,0.2288,0,0.03561643835616438,-0.09808931686113065,2610.0,270.6
1346,264.7,266.5,0.2246,0,0.03561643835616438,-0.0961754406788465,2615.0,265.6
1347,259.6,261.6,0.2204,0,0.03561643835616438,-0.09426522042272713,2620.0,260.6
1348,254.7,256.7,0.2221,0,0.03561643835616438,-0.09235864215214558,2625.0,255.7
1349,249.8,251.6,0.2179,0,0.03561643835616438,-0.09045569200605948,2630.0,250.7
1350,244.6,246.7,0.211,0,0.03561643835616438,-0.08855635620240704,2635.0,245.64999999999998
1351,239.8,241.8,0.2144,0,0.03561643835616438,-0.08666062103750792,2640.0,240.8
1352,234.9,236.9,0.2145,0,0.03561643835616438,-0.08476847288546992,2645.0,235.9
1353,229.9,231.9,0.2103,0,0.03561643835616438,-0.0828798981976018,2650.0,230.9
1354,225.0,226.8,0.206,0,0.03561643835616438,-0.08099488350183051,2655.0,225.9
1355,220.0,222.1,0.2076,0,0.03561643835616438,-0.07911341540212498,2660.0,221.05
1356,215.1,216.9,0.2014,0,0.03561643835616438,-0.07723548057792484,2665.0,216.0
1357,210.1,212.2,0.2023,1,0.03561643835616438,-0.07536106578357445,2670.0,211.14999999999998
1358,205.2,207.1,0.1979,0,0.03561643835616438,-0.07349015784776276,2675.0,206.14999999999998
1359,200.2,202.2,0.1952,0,0.03561643835616438,-0.07162274367296735,2680.0,201.2
1360,195.3,197.3,0.1937,0,0.03561643835616438,-0.06975881023490467,2685.0,196.3
1361,190.4,192.2,0.1893,0,0.03561643835616438,-0.06789834458198497,2690.0,191.3
1362,185.4,187.4,0.1876,1,0.03561643835616438,-0.06604133383477213,2695.0,186.4
1363,180.4,182.4,0.1831,13,0.03561643835616438,-0.06418776518544925,2700.0,181.4
1364,175.6,177.6,0.1836,10,0.03561643835616438,-0.062337625897287814,2705.0,176.6
1365,170.7,172.6,0.1802,3,0.03561643835616438,-0.06049090330412315,2710.0,171.64999999999998
1366,165.8,167.6,0.1767,0,0.03561643835616438,-0.058647584809833946,2715.0,166.7
1367,160.8,162.8,0.1743,0,0.03561643835616438,-0.05680765788782678,2720.0,161.8
1368,156.0,157.7,0.1706,1,0.03561643835616438,-0.054971110080525236,2725.0,156.85
1369,151.0,152.9,0.1679,2,0.03561643835616438,-0.0531379289988643,2730.0,151.95
1370,146.3,148.0,0.1668,0,0.03561643835616438,-0.05130810232178815,2735.0,147.15
1371,141.4,143.1,0.1637,2,0.03561643835616438,-0.04948161779575385,2740.0,142.25
1372,136.6,138.3,0.1621,15,0.03561643835616438,-0.04765846323423877,2745.0,137.45
1373,131.6,133.4,0.158,6,0.03561643835616438,-0.045838626517252706,2750.0,132.5
1374,127.0,128.7,0.1581,0,0.03561643835616438,-0.04402209559085485,2755.0,127.85
1375,122.2,123.9,0.1557,1,0.03561643835616438,-0.04220885846667405,2760.0,123.05000000000001
1376,117.4,119.0,0.1525,1,0.03561643835616438,-0.04039890322143458,2765.0,118.2
1377,112.6,114.3,0.1503,3,0.03561643835616438,-0.038592217996485594,2770.0,113.44999999999999
1378,107.8,109.5,0.1473,3,0.03561643835616438,-0.0367887909973348,2775.0,108.65
1379,103.0,104.8,0.1446,9,0.03561643835616438,-0.03498861049318696,2780.0,103.9
1380,98.3,100.1,0.1422,11,0.03561643835616438,-0.03319166481648533,2785.0,99.19999999999999
1381,93.6,95.2,0.1386,141,0.03561643835616438,-0.03139794236245844,2790.0,94.4
1382,89.0,90.6,0.1366,82,0.03561643835616438,-0.02960743158867024,2795.0,89.8
1383,84.3,86.0,0.1339,202,0.03561643835616438,-0.027820121014574394,2800.0,85.15
1384,79.8,81.3,0.1313,68,0.03561643835616438,-0.026035999221073018,2805.0,80.55
1385,75.2,76.8,0.1288,102,0.03561643835616438,-0.02425505485007828,2810.0,76.0
1386,70.8,72.2,0.1262,157,0.03561643835616438,-0.022477276604078996,2815.0,71.5
1387,66.3,67.8,0.1237,55,0.03561643835616438,-0.020702653245710502,2820.0,67.05
1388,62.0,63.4,0.1215,225,0.03561643835616438,-0.018931173597328366,2825.0,62.7
1389,57.7,59.1,0.1191,23,0.03561643835616438,-0.017162826540586398,2830.0,58.400000000000006
1390,53.5,54.8,0.1166,891,0.03561643835616438,-0.015397601016017283,2835.0,54.15
1391,49.8,50.2,0.1143,91,0.03561643835616438,-0.013635486022618026,2840.0,50.0
1392,45.7,46.2,0.1119,591,0.03561643835616438,-0.011876470617438477,2845.0,45.95
1393,41.8,42.2,0.1096,645,0.03561643835616438,-0.010120543915173473,2850.0,42.0
1394,37.9,38.3,0.107,93,0.03561643835616438,-0.008367695087759114,2855.0,38.099999999999994
1395,34.2,34.6,0.1047,101,0.03561643835616438,-0.006617913363971453,2860.0,34.400000000000006
1396,30.6,31.0,0.1023,285,0.03561643835616438,-0.00487118802902981,2865.0,30.8
1397,27.2,27.6,0.1001,405,0.03561643835616438,-0.0031275084242029776,2870.0,27.4
1398,24.0,24.4,0.0981,2065,0.03561643835616438,-0.0013868639464188668,2875.0,24.2
1399,21.0,21.4,0.0962,612,0.03561643835616438,0.0003507559521219104,2880.0,21.2
1400,18.2,18.6,0.0943,358,0.03561643835616438,0.0020853617643302107,2885.0,18.4
1401,15.7,16.0,0.0927,406,0.03561643835616438,0.003816963928608097,2890.0,15.85
1402,13.3,13.7,0.0911,148,0.03561643835616438,0.005545572829225849,2895.0,13.5
1403,11.3,11.6,0.09,1109,0.03561643835616438,0.007271198796695605,2900.0,11.45
1404,9.4,9.7,0.0885,652,0.03561643835616438,0.00899385210814179,2905.0,9.55
1405,7.8,8.0,0.0873,295,0.03561643835616438,0.010713542987668584,2910.0,7.9
1406,6.3,6.6,0.0861,195,0.03561643835616438,0.012430281606723118,2915.0,6.449999999999999
1407,5.1,5.4,0.0853,416,0.03561643835616438,0.014144078084457773,2920.0,5.25
1408,4.1,4.3,0.0843,254,0.03561643835616438,0.01585494248808719,2925.0,4.199999999999999
1409,3.2,3.4,0.0833,363,0.03561643835616438,0.017562884833243288,2930.0,3.3
1410,2.55,2.7,0.0829,20,0.03561643835616438,0.0192679150843271,2935.0,2.625
1411,2.0,2.15,0.0827,188,0.03561643835616438,0.02097004315485755,2940.0,2.075
1412,1.55,1.7,0.0825,38,0.03561643835616438,0.022669278907817315,2945.0,1.625
1413,1.2,1.35,0.0825,544,0.03561643835616438,0.02436563215599572,2950.0,1.275
1414,0.9,1.05,0.0822,46,0.03561643835616438,0.026059112662328764,2955.0,0.9750000000000001
1415,0.7,0.85,0.0827,86,0.03561643835616438,0.027749730140236226,2960.0,0.7749999999999999
1416,0.55,0.65,0.0828,64,0.03561643835616438,0.02943749425395619,2965.0,0.6000000000000001
1417,0.4,0.55,0.0834,163,0.03561643835616438,0.031122414618875646,2970.0,0.47500000000000003
1418,0.3,0.45,0.084,75,0.03561643835616438,0.03280450080186045,2975.0,0.375
1419,0.25,0.35,0.0848,1055,0.03561643835616438,0.03448376232158044,2980.0,0.3
1420,0.2,0.3,0.0861,50,0.03561643835616438,0.036160208648832744,2985.0,0.25
1421,0.15,0.25,0.0869,50,0.03561643835616438,0.03783384920686237,2990.0,0.2
1422,0.1,0.25,0.0887,1,0.03561643835616438,0.03950469337167996,2995.0,0.175
1423,0.1,0.2,0.0902,146,0.03561643835616438,0.04117275047237696,3000.0,0.15000000000000002
1424,0.05,0.15,0.0889,0,0.03561643835616438,0.04283802979143815,3005.0,0.1
1425,0.05,0.15,0.0922,0,0.03561643835616438,0.04450054056505159,3010.0,0.1
1426,0.05,0.15,0.0951,0,0.03561643835616438,0.04616029198341618,3015.0,0.1
1427,0.0,0.15,0.0953,0,0.03561643835616438,0.04781729319104567,3020.0,0.075
1428,0.0,0.15,0.0982,29,0.03561643835616438,0.04947155328707216,3025.0,0.075
1429,0.0,0.15,0.1011,295,0.03561643835616438,0.051123081325545126,3030.0,0.075
1430,0.0,0.1,0.0996,10,0.03561643835616438,0.05277188631572892,3035.0,0.05
1431,0.0,0.1,0.1023,27,0.03561643835616438,0.05441797722239764,3040.0,0.05
1432,0.05,0.1,0.1127,10,0.03561643835616438,0.05770205242358753,3050.0,0.07500000000000001
1433,0.0,0.1,0.1141,7,0.03561643835616438,0.06097537776855663,3060.0,0.05
1434,0.0,0.1,0.1196,21,0.03561643835616438,0.06423802340337319,3070.0,0.05
1435,0.0,0.1,0.1224,38,0.03561643835616438,0.06586536306274857,3075.0,0.05
1436,0.0,0.1,0.1251,0,0.03561643835616438,0.06749005878975045,3080.0,0.05
1437,0.0,0.1,0.1305,0,0.03561643835616438,0.07073155271392141,3090.0,0.05
1438,0.0,0.1,0.1359,52,0.03561643835616438,0.07396257329536783,3100.0,0.05
1439,0.0,0.1,0.1493,296,0.03561643835616438,0.08199474499263221,3125.0,0.05
1440,0.0,0.05,0.1522,620,0.03561643835616438,0.08996291464180897,3150.0,0.025
1441,0.0,0.1,0.175,0,0.03561643835616438,0.09786809414892235,3175.0,0.05
1442,0.0,0.1,0.1876,0,0.03561643835616438,0.10571127160994814,3200.0,0.05
1443,0.0,0.05,0.1997,0,0.03561643835616438,0.1212154581459134,3250.0,0.025
1444,0.0,0.05,0.223,0,0.03561643835616438,0.13648293027670183,3300.0,0.025
1445,1173.3,1184.6,0.0,0,0.0410958904109589,-0.5268112871335623,1700.0,1178.9499999999998
1446,1073.1,1084.5,0.0,0,0.0410958904109589,-0.4696528732936137,1800.0,1078.8
1447,1023.4,1034.8,0.0,0,0.0410958904109589,-0.4422538991054992,1850.0,1029.1
1448,973.7,985.1,0.0,0,0.0410958904109589,-0.4155856520233379,1900.0,979.4000000000001
1449,923.3,934.7,0.0,0,0.0410958904109589,-0.3896101656200773,1950.0,929.0
1450,878.8,880.9,0.6084,0,0.0410958904109589,-0.3642923576357874,2000.0,879.8499999999999
1451,828.8,830.9,0.5488,0,0.0410958904109589,-0.33959974504541585,2050.0,829.8499999999999
1452,778.9,781.1,0.5472,0,0.0410958904109589,-0.3155021934663554,2100.0,780.0
1453,728.8,731.0,0.4463,0,0.0410958904109589,-0.29197169605616125,2150.0,729.9
1454,679.1,681.2,0.4832,0,0.0410958904109589,-0.2689821778314625,2200.0,680.1500000000001
1455,629.1,631.1,0.4242,0,0.0410958904109589,-0.2465093219794039,2250.0,630.1
1456,604.1,606.3,0.4235,0,0.0410958904109589,-0.23545948579281892,2275.0,605.2
1457,579.2,581.3,0.4097,0,0.0410958904109589,-0.22453041526062864,2300.0,580.25
1458,554.3,556.5,0.4102,0,0.0410958904109589,-0.21371949915641303,2325.0,555.4
1459,529.1,531.3,0.3548,0,0.0410958904109589,-0.20302421003966506,2350.0,530.2
1460,504.3,506.6,0.3733,0,0.0410958904109589,-0.19244210070912812,2375.0,505.45000000000005
1461,479.2,481.4,0.3305,1,0.0410958904109589,-0.1819708008418327,2400.0,480.29999999999995
1462,454.4,456.5,0.3312,1,0.0410958904109589,-0.17160801380628612,2425.0,455.45
1463,429.4,431.6,0.3162,0,0.0410958904109589,-0.16135151363909703,2450.0,430.5
1464,419.4,421.6,0.308,0,0.0410958904109589,-0.15727818825146125,2460.0,420.5
1465,409.5,411.7,0.3094,0,0.0410958904109589,-0.1532213875558468,2470.0,410.6
1466,404.4,406.6,0.2957,0,0.0410958904109589,-0.15119914217507902,2475.0,405.5
1467,399.6,401.8,0.3096,0,0.0410958904109589,-0.14918097801884186,2480.0,400.70000000000005
1468,389.5,391.7,0.2933,0,0.0410958904109589,-0.14515682771911648,2490.0,390.6
1469,379.4,381.7,0.2806,1,0.0410958904109589,-0.14114880632157759,2500.0,380.54999999999995
1470,369.6,371.7,0.2813,0,0.0410958904109589,-0.13715678505204018,2510.0,370.65
1471,359.7,362.0,0.2873,0,0.0410958904109589,-0.13318063667240068,2520.0,360.85
1472,354.7,356.9,0.2802,0,0.0410958904109589,-0.1311984754684095,2525.0,355.79999999999995
1473,349.5,351.8,0.2652,0,0.0410958904109589,-0.1292202354563038,2530.0,350.65
1474,339.7,341.9,0.2682,0,0.0410958904109589,-0.1252754571652875,2540.0,340.79999999999995
1475,329.7,331.9,0.2602,0,0.0410958904109589,-0.12134617902539786,2550.0,330.79999999999995
1476,319.9,322.2,0.2656,0,0.0410958904109589,-0.11743227970426158,2560.0,321.04999999999995
1477,309.9,312.1,0.2551,0,0.0410958904109589,-0.11353363928860419,2570.0,311.0
1478,304.9,307.1,0.251,0,0.0410958904109589,-0.11159000408003318,2575.0,306.0
1479,299.9,302.2,0.2494,0,0.0410958904109589,-0.10965013926220661,2580.0,301.04999999999995
1480,290.0,292.2,0.2436,0,0.0410958904109589,-0.10578166248428633,2590.0,291.1
1481,285.2,287.0,0.2396,0,0.0410958904109589,-0.10385302157788065,2595.0,286.1
1482,280.0,282.0,0.231,0,0.0410958904109589,-0.10192809316829628,2600.0,281.0
1483,275.2,277.2,0.2357,0,0.0410958904109589,-0.10000686299040243,2605.0,276.2
1484,270.2,272.2,0.2316,13,0.0410958904109589,-0.09808931686113065,2610.0,271.2
1485,265.3,267.3,0.2313,0,0.0410958904109589,-0.0961754406788465,2615.0,266.3
1486,260.2,262.3,0.2254,0,0.0410958904109589,-0.09426522042272713,2620.0,261.25
1487,255.4,257.4,0.2266,0,0.0410958904109589,-0.09235864215214558,2625.0,256.4
1488,250.3,252.4,0.2208,0,0.0410958904109589,-0.09045569200605948,2630.0,251.35000000000002
1489,245.5,247.5,0.2216,30,0.0410958904109589,-0.08855635620240704,2635.0,246.5
1490,240.6,242.3,0.2159,0,0.0410958904109589,-0.08666062103750792,2640.0,241.45
1491,235.6,237.6,0.2162,0,0.0410958904109589,-0.08476847288546992,2645.0,236.6
1492,230.5,232.5,0.2091,0,0.0410958904109589,-0.0828798981976018,2650.0,231.5
1493,225.8,227.5,0.2093,0,0.0410958904109589,-0.08099488350183051,2655.0,226.65
1494,220.8,222.8,0.2089,0,0.0410958904109589,-0.07911341540212498,2660.0,221.8
1495,215.9,217.9,0.2071,0,0.0410958904109589,-0.07723548057792484,2665.0,216.9
1496,211.0,212.9,0.204,0,0.0410958904109589,-0.07536106578357445,2670.0,211.95
1497,206.1,207.8,0.1997,0,0.0410958904109589,-0.07349015784776276,2675.0,206.95
1498,201.2,202.9,0.1977,0,0.0410958904109589,-0.07162274367296735,2680.0,202.05
1499,196.2,198.0,0.1944,0,0.0410958904109589,-0.06975881023490467,2685.0,197.1
1500,191.4,193.2,0.1941,0,0.0410958904109589,-0.06789834458198497,2690.0,192.3
1501,186.4,188.3,0.1907,0,0.0410958904109589,-0.06604133383477213,2695.0,187.35000000000002
1502,181.6,183.3,0.1881,0,0.0410958904109589,-0.06418776518544925,2700.0,182.45
1503,176.7,178.6,0.1872,0,0.0410958904109589,-0.062337625897287814,2705.0,177.64999999999998
1504,171.8,173.6,0.1835,0,0.0410958904109589,-0.06049090330412315,2710.0,172.7
1505,167.0,168.8,0.1821,0,0.0410958904109589,-0.058647584809833946,2715.0,167.9
1506,162.0,164.0,0.1791,0,0.0410958904109589,-0.05680765788782678,2720.0,163.0
1507,157.3,159.0,0.1766,0,0.0410958904109589,-0.054971110080525236,2725.0,158.15
1508,152.5,154.1,0.1741,0,0.0410958904109589,-0.0531379289988643,2730.0,153.3
1509,147.7,149.3,0.172,0,0.0410958904109589,-0.05130810232178815,2735.0,148.5
1510,142.9,144.5,0.1697,1,0.0410958904109589,-0.04948161779575385,2740.0,143.7
1511,138.0,139.7,0.1667,1,0.0410958904109589,-0.04765846323423877,2745.0,138.85
1512,133.1,135.0,0.1641,3,0.0410958904109589,-0.045838626517252706,2750.0,134.05
1513,128.5,130.1,0.1619,24,0.0410958904109589,-0.04402209559085485,2755.0,129.3
1514,123.7,125.3,0.159,3,0.0410958904109589,-0.04220885846667405,2760.0,124.5
1515,119.0,120.7,0.1574,1,0.0410958904109589,-0.04039890322143458,2765.0,119.85
1516,114.3,116.0,0.1551,2,0.0410958904109589,-0.038592217996485594,2770.0,115.15
1517,109.6,111.3,0.1526,7,0.0410958904109589,-0.0367887909973348,2775.0,110.44999999999999
1518,105.0,106.5,0.1498,0,0.0410958904109589,-0.03498861049318696,2780.0,105.75
1519,100.2,102.0,0.1473,1,0.0410958904109589,-0.03319166481648533,2785.0,101.1
1520,95.8,97.3,0.1453,4,0.0410958904109589,-0.03139794236245844,2790.0,96.55
1521,91.2,92.6,0.1423,20,0.0410958904109589,-0.02960743158867024,2795.0,91.9
1522,86.7,88.1,0.1401,28,0.0410958904109589,-0.027820121014574394,2800.0,87.4
1523,82.0,83.7,0.1374,14,0.0410958904109589,-0.026035999221073018,2805.0,82.85
1524,77.6,79.2,0.135,13,0.0410958904109589,-0.02425505485007828,2810.0,78.4
1525,73.2,74.7,0.1323,10,0.0410958904109589,-0.022477276604078996,2815.0,73.95
1526,68.9,70.4,0.1302,82,0.0410958904109589,-0.020702653245710502,2820.0,69.65
1527,64.6,66.0,0.1275,951,0.0410958904109589,-0.018931173597328366,2825.0,65.3
1528,60.4,61.8,0.1252,37,0.0410958904109589,-0.017162826540586398,2830.0,61.099999999999994
1529,56.7,57.2,0.1228,9,0.0410958904109589,-0.015397601016017283,2835.0,56.95
1530,52.6,53.1,0.1203,60,0.0410958904109589,-0.013635486022618026,2840.0,52.85
1531,48.7,49.1,0.1182,55,0.0410958904109589,-0.011876470617438477,2845.0,48.900000000000006
1532,44.8,45.2,0.1158,101,0.0410958904109589,-0.010120543915173473,2850.0,45.0
1533,41.0,41.4,0.1134,68,0.0410958904109589,-0.008367695087759114,2855.0,41.2
1534,37.3,37.7,0.1109,33,0.0410958904109589,-0.006617913363971453,2860.0,37.5
1535,33.8,34.2,0.1088,82,0.0410958904109589,-0.00487118802902981,2865.0,34.0
1536,30.4,30.8,0.1066,57,0.0410958904109589,-0.0031275084242029776,2870.0,30.6
1537,27.2,27.6,0.1046,1462,0.0410958904109589,-0.0013868639464188668,2875.0,27.4
1538,24.2,24.6,0.1028,108,0.0410958904109589,0.0003507559521219104,2880.0,24.4
1539,21.4,21.7,0.1009,182,0.0410958904109589,0.0020853617643302107,2885.0,21.549999999999997
1540,18.7,19.1,0.0992,180,0.0410958904109589,0.003816963928608097,2890.0,18.9
1541,16.3,16.6,0.0975,41,0.0410958904109589,0.005545572829225849,2895.0,16.450000000000003
1542,14.0,14.4,0.096,172,0.0410958904109589,0.007271198796695605,2900.0,14.2
1543,12.0,12.3,0.0945,112,0.0410958904109589,0.00899385210814179,2905.0,12.15
1544,10.2,10.5,0.0933,1504,0.0410958904109589,0.010713542987668584,2910.0,10.35
1545,8.6,8.8,0.0919,82,0.0410958904109589,0.012430281606723118,2915.0,8.7
1546,7.1,7.4,0.0907,147,0.0410958904109589,0.014144078084457773,2920.0,7.25
1547,5.9,6.1,0.0897,78,0.0410958904109589,0.01585494248808719,2925.0,6.0
1548,4.8,5.0,0.0886,1034,0.0410958904109589,0.017562884833243288,2930.0,4.9
1549,3.9,4.1,0.0878,38,0.0410958904109589,0.0192679150843271,2935.0,4.0
1550,3.1,3.4,0.0873,355,0.0410958904109589,0.02097004315485755,2940.0,3.25
1551,2.5,2.7,0.0866,31,0.0410958904109589,0.022669278907817315,2945.0,2.6
1552,2.0,2.15,0.0861,130,0.0410958904109589,0.02436563215599572,2950.0,2.075
1553,1.6,1.75,0.086,18,0.0410958904109589,0.026059112662328764,2955.0,1.675
1554,1.25,1.4,0.0857,90,0.0410958904109589,0.027749730140236226,2960.0,1.325
1555,1.0,1.15,0.086,13,0.0410958904109589,0.02943749425395619,2965.0,1.075
1556,0.8,0.95,0.0864,23,0.0410958904109589,0.031122414618875646,2970.0,0.875
1557,0.6,0.75,0.0861,535,0.0410958904109589,0.03280450080186045,2975.0,0.675
1558,0.5,0.6,0.0867,156,0.0410958904109589,0.03448376232158044,2980.0,0.55
1559,0.4,0.5,0.0874,12,0.0410958904109589,0.036160208648832744,2985.0,0.45
1560,0.3,0.45,0.0882,10,0.0410958904109589,0.03783384920686237,2990.0,0.375
1561,0.25,0.35,0.0887,9,0.0410958904109589,0.03950469337167996,2995.0,0.3
1562,0.2,0.3,0.0895,1659,0.0410958904109589,0.04117275047237696,3000.0,0.25
1563,0.15,0.3,0.0914,0,0.0410958904109589,0.04283802979143815,3005.0,0.22499999999999998
1564,0.1,0.25,0.0915,0,0.0410958904109589,0.04450054056505159,3010.0,0.175
1565,0.1,0.2,0.0928,0,0.0410958904109589,0.04616029198341618,3015.0,0.15000000000000002
1566,0.05,0.2,0.0937,0,0.0410958904109589,0.04781729319104567,3020.0,0.125
1567,0.05,0.15,0.0942,25,0.0410958904109589,0.04947155328707216,3025.0,0.1
1568,0.05,0.15,0.0971,0,0.0410958904109589,0.051123081325545126,3030.0,0.1
1569,0.05,0.15,0.0999,0,0.0410958904109589,0.05277188631572892,3035.0,0.1
1570,0.05,0.15,0.1025,0,0.0410958904109589,0.05441797722239764,3040.0,0.1
1571,0.0,0.15,0.1049,10,0.0410958904109589,0.05770205242358753,3050.0,0.075
1572,0.0,0.15,0.1103,1,0.0410958904109589,0.06097537776855663,3060.0,0.075
1573,0.0,0.1,0.111,0,0.0410958904109589,0.06423802340337319,3070.0,0.05
1574,0.05,0.1,0.1182,2,0.0410958904109589,0.06586536306274857,3075.0,0.07500000000000001
1575,0.0,0.1,0.1161,0,0.0410958904109589,0.06749005878975045,3080.0,0.05
1576,0.0,0.1,0.1211,0,0.0410958904109589,0.07073155271392141,3090.0,0.05
1577,0.0,0.1,0.1266,41,0.0410958904109589,0.07396257329536783,3100.0,0.05
1578,0.0,0.1,0.139,3,0.0410958904109589,0.08199474499263221,3125.0,0.05
1579,0.0,0.1,0.1509,70,0.0410958904109589,0.08996291464180897,3150.0,0.05
1580,0.0,0.05,0.1529,0,0.0410958904109589,0.09786809414892235,3175.0,0.025
1581,0.0,0.1,0.1751,0,0.0410958904109589,0.10571127160994814,3200.0,0.05
1582,0.0,0.05,0.1856,1,0.0410958904109589,0.1212154581459134,3250.0,0.025
1583,0.0,0.05,0.2078,0,0.0410958904109589,0.13648293027670183,3300.0,0.025
1584,2072.4,2083.7,0.0,0,0.04657534246575343,-1.2805830895099424,800.0,2078.05
1585,1973.0,1984.3,0.0,0,0.04657534246575343,-1.162800053853559,900.0,1978.65
1586,1873.1,1884.5,0.0,150,0.04657534246575343,-1.0574395381957327,1000.0,1878.8
1587,1822.9,1834.3,0.0,0,0.04657534246575343,-1.0086493740263007,1050.0,1828.6
1588,1773.3,1784.7,0.0,0,0.04657534246575343,-0.9621293583914078,1100.0,1779.0
1589,1723.3,1734.7,0.0,0,0.04657534246575343,-0.917677595820574,1150.0,1729.0
1590,1673.5,1684.9,0.0,0,0.04657534246575343,-0.875117981401778,1200.0,1679.2
1591,1623.4,1634.8,0.0,0,0.04657534246575343,-0.8342959868815228,1250.0,1629.1
1592,1573.2,1584.5,0.0,0,0.04657534246575343,-0.7950752737282416,1300.0,1578.85
1593,1523.3,1534.6,0.0,0,0.04657534246575343,-0.7573349457453945,1350.0,1528.9499999999998
1594,1473.6,1485.0,0.0,0,0.04657534246575343,-0.7209673015745197,1400.0,1479.3
1595,1423.1,1434.5,0.0,0,0.04657534246575343,-0.6858759817632497,1450.0,1428.8
1596,1373.9,1385.3,0.0,0,0.04657534246575343,-0.6519744300875684,1500.0,1379.6
1597,1323.8,1335.2,0.0,0,0.04657534246575343,-0.6191846072645775,1550.0,1329.5
1598,1273.9,1285.3,0.0,0,0.04657534246575343,-0.5874359089499972,1600.0,1279.6
1599,1223.7,1235.0,0.0,0,0.04657534246575343,-0.5566642502832435,1650.0,1229.35
1600,1173.6,1185.0,0.0,0,0.04657534246575343,-0.5268112871335623,1700.0,1179.3
1601,1124.1,1135.5,0.0,0,0.04657534246575343,-0.49782375026031,1750.0,1129.8
1602,1074.0,1085.3,0.0,0,0.04657534246575343,-0.4696528732936137,1800.0,1079.65
1603,1024.0,1035.4,0.0,0,0.04657534246575343,-0.4422538991054992,1850.0,1029.7
1604,974.2,985.6,0.0,0,0.04657534246575343,-0.4155856520233379,1900.0,979.9000000000001
1605,924.2,935.5,0.0,0,0.04657534246575343,-0.3896101656200773,1950.0,929.85
1606,879.4,881.6,0.5597,150,0.04657534246575343,-0.3642923576357874,2000.0,880.5
1607,829.4,831.5,0.3888,0,0.04657534246575343,-0.33959974504541585,2050.0,830.45
1608,804.5,806.6,0.4907,0,0.04657534246575343,-0.32747838451307104,2075.0,805.55
1609,779.6,781.7,0.5024,0,0.04657534246575343,-0.3155021934663554,2100.0,780.6500000000001
1610,754.6,756.8,0.4912,0,0.04657534246575343,-0.3036677358193525,2125.0,755.7
1611,729.6,731.8,0.4656,0,0.04657534246575343,-0.29197169605616125,2150.0,730.7
1612,704.7,706.9,0.4665,0,0.04657534246575343,-0.28041087365508527,2175.0,705.8
1613,689.5,691.7,0.0,0,0.04657534246575343,-0.2735379943673232,2190.0,690.6
1614,679.6,681.7,0.3804,0,0.04657534246575343,-0.2689821778314625,2200.0,680.6500000000001
1615,669.7,671.8,0.4192,0,0.04657534246575343,-0.2644470226660713,2210.0,670.75
1616,659.7,661.8,0.4086,0,0.04657534246575343,-0.25993234231154455,2220.0,660.75
1617,654.8,657.0,0.4399,0,0.04657534246575343,-0.2576826225775291,2225.0,655.9
1618,649.6,651.8,0.3749,0,0.04657534246575343,-0.2554379527237053,2230.0,650.7
1619,639.7,641.8,0.3879,0,0.04657534246575343,-0.25096367232878414,2240.0,640.75
1620,629.7,631.9,0.3945,0,0.04657534246575343,-0.2465093219794039,2250.0,630.8
1621,619.9,622.1,0.4252,0,0.04657534246575343,-0.2420747249115382,2260.0,621.0
1622,609.9,612.1,0.4164,0,0.04657534246575343,-0.23765970670242131,2270.0,611.0
1623,604.8,607.0,0.3946,1,0.04657534246575343,-0.23545948579281892,2275.0,605.9
1624,599.9,602.1,0.4077,0,0.04657534246575343,-0.2332640952293833,2280.0,601.0
1625,589.7,591.9,0.3534,1,0.04657534246575343,-0.22888772062958446,2290.0,590.8
1626,579.8,582.0,0.3725,0,0.04657534246575343,-0.22453041526062864,2300.0,580.9
1627,569.9,572.2,0.3892,0,0.04657534246575343,-0.22019201366203053,2310.0,571.05
1628,559.9,562.1,0.3731,0,0.04657534246575343,-0.21587235251751405,2320.0,561.0
1629,554.9,557.1,0.3689,0,0.04657534246575343,-0.21371949915641303,2325.0,556.0
1630,549.7,552.0,0.3304,0,0.04657534246575343,-0.21157127061812347,2330.0,550.85
1631,544.8,547.0,0.3406,0,0.04657534246575343,-0.20942764707487208,2335.0,545.9
1632,539.8,542.0,0.3361,0,0.04657534246575343,-0.20728860882612268,2340.0,540.9
1633,534.9,537.1,0.352,0,0.04657534246575343,-0.20515413629748994,2345.0,536.0
1634,529.9,532.1,0.3478,0,0.04657534246575343,-0.20302421003966506,2350.0,531.0
1635,525.0,527.2,0.3581,0,0.04657534246575343,-0.2008988107273516,2355.0,526.1
1636,520.0,522.1,0.3469,0,0.04657534246575343,-0.198777919158214,2360.0,521.05
1637,515.0,517.2,0.3498,0,0.04657534246575343,-0.19666151625183645,2365.0,516.1
1638,510.0,512.3,0.3521,0,0.04657534246575343,-0.1945495830486928,2370.0,511.15
1639,504.9,507.1,0.3264,1,0.04657534246575343,-0.19244210070912812,2375.0,506.0
1640,500.1,502.3,0.3493,0,0.04657534246575343,-0.19033905051234934,2380.0,501.20000000000005
1641,495.0,497.2,0.3332,0,0.04657534246575343,-0.18824041385542817,2385.0,496.1
1642,490.0,492.2,0.3291,0,0.04657534246575343,-0.18614617225231345,2390.0,491.1
1643,485.1,487.2,0.3315,0,0.04657534246575343,-0.18405630733285408,2395.0,486.15
1644,480.1,482.3,0.3329,0,0.04657534246575343,-0.1819708008418327,2400.0,481.20000000000005
1645,475.1,477.3,0.3293,0,0.04657534246575343,-0.17988963463800817,2405.0,476.20000000000005
1646,470.1,472.3,0.3253,0,0.04657534246575343,-0.17781279069316908,2410.0,471.20000000000005
1647,465.0,467.2,0.3089,0,0.04657534246575343,-0.17574025109119673,2415.0,466.1
1648,460.1,462.3,0.3173,0,0.04657534246575343,-0.1736719980271376,2420.0,461.20000000000005
1649,455.1,457.3,0.3132,10,0.04657534246575343,-0.17160801380628612,2425.0,456.20000000000005
1650,450.2,452.4,0.3189,0,0.04657534246575343,-0.16954828084327558,2430.0,451.29999999999995
1651,445.2,447.5,0.3194,0,0.04657534246575343,-0.1674927816611796,2435.0,446.35
1652,440.1,442.3,0.3012,6,0.04657534246575343,-0.16544149889062224,2440.0,441.20000000000005
1653,435.2,437.4,0.307,0,0.04657534246575343,-0.16339441526889728,2445.0,436.29999999999995
1654,430.2,432.4,0.3033,0,0.04657534246575343,-0.16135151363909703,2450.0,431.29999999999995
1655,425.1,427.4,0.2948,0,0.04657534246575343,-0.15931277694924878,2455.0,426.25
1656,420.2,422.4,0.2954,0,0.04657534246575343,-0.15727818825146125,2460.0,421.29999999999995
1657,415.1,417.4,0.2869,0,0.04657534246575343,-0.1552477307010793,2465.0,416.25
1658,410.3,412.5,0.2959,0,0.04657534246575343,-0.1532213875558468,2470.0,411.4
1659,405.3,407.5,0.292,0,0.04657534246575343,-0.15119914217507902,2475.0,406.4
1660,400.2,402.5,0.2841,1,0.04657534246575343,-0.14918097801884186,2480.0,401.35
1661,395.3,397.5,0.2843,0,0.04657534246575343,-0.14716687864714065,2485.0,396.4
1662,390.3,392.5,0.2804,0,0.04657534246575343,-0.14515682771911648,2490.0,391.4
1663,385.4,387.6,0.2836,0,0.04657534246575343,-0.14315080899225063,2495.0,386.5
1664,380.5,382.8,0.2888,2,0.04657534246575343,-0.14114880632157759,2500.0,381.65
1665,375.5,377.7,0.2821,0,0.04657534246575343,-0.13915080365890456,2505.0,376.6
1666,370.5,372.8,0.2811,0,0.04657534246575343,-0.13715678505204018,2510.0,371.65
1667,365.5,367.7,0.2744,0,0.04657534246575343,-0.1351667346440302,2515.0,366.6
1668,360.6,362.9,0.2786,10,0.04657534246575343,-0.13318063667240068,2520.0,361.75
1669,355.6,357.8,0.2721,0,0.04657534246575343,-0.1311984754684095,2525.0,356.70000000000005
1670,350.6,352.8,0.2683,235,0.04657534246575343,-0.1292202354563038,2530.0,351.70000000000005
1671,345.7,348.0,0.2716,0,0.04657534246575343,-0.12724590115258622,2535.0,346.85
1672,340.7,342.9,0.2655,0,0.04657534246575343,-0.1252754571652875,2540.0,341.79999999999995
1673,335.7,337.9,0.2616,0,0.04657534246575343,-0.12330888819324655,2545.0,336.79999999999995
1674,330.7,332.9,0.2577,0,0.04657534246575343,-0.12134617902539786,2550.0,331.79999999999995
1675,325.8,328.0,0.2582,0,0.04657534246575343,-0.11938731454006492,2555.0,326.9
1676,320.8,323.0,0.2544,0,0.04657534246575343,-0.11743227970426158,2560.0,321.9
1677,315.9,318.2,0.2565,0,0.04657534246575343,-0.11548105957299987,2565.0,317.04999999999995
1678,310.9,313.2,0.2526,0,0.04657534246575343,-0.11353363928860419,2570.0,312.04999999999995
1679,306.0,308.3,0.2522,0,0.04657534246575343,-0.11159000408003318,2575.0,307.15
1680,301.0,303.2,0.2465,3,0.04657534246575343,-0.10965013926220661,2580.0,302.1
1681,296.1,298.4,0.2477,1,0.04657534246575343,-0.10771403023534024,2585.0,297.25
1682,290.9,293.2,0.237,0,0.04657534246575343,-0.10578166248428633,2590.0,292.04999999999995
1683,286.3,288.1,0.2382,0,0.04657534246575343,-0.10385302157788065,2595.0,287.20000000000005
1684,281.1,283.2,0.2326,3,0.04657534246575343,-0.10192809316829628,2600.0,282.15
1685,276.2,278.3,0.2319,0,0.04657534246575343,-0.10000686299040243,2605.0,277.25
1686,271.3,273.4,0.231,0,0.04657534246575343,-0.09808931686113065,2610.0,272.35
1687,266.5,268.4,0.2299,0,0.04657534246575343,-0.0961754406788465,2615.0,267.45
1688,261.6,263.4,0.2272,1,0.04657534246575343,-0.09426522042272713,2620.0,262.5
1689,256.5,258.5,0.2232,0,0.04657534246575343,-0.09235864215214558,2625.0,257.5
1690,251.7,253.7,0.2243,0,0.04657534246575343,-0.09045569200605948,2630.0,252.7
1691,246.7,248.7,0.2202,0,0.04657534246575343,-0.08855635620240704,2635.0,247.7
1692,241.7,243.8,0.2174,0,0.04657534246575343,-0.08666062103750792,2640.0,242.75
1693,236.8,238.9,0.2156,0,0.04657534246575343,-0.08476847288546992,2645.0,237.85000000000002
1694,232.1,234.1,0.2168,17,0.04657534246575343,-0.0828798981976018,2650.0,233.1
1695,227.0,229.0,0.2106,2,0.04657534246575343,-0.08099488350183051,2655.0,228.0
1696,222.1,224.1,0.2085,526,0.04657534246575343,-0.07911341540212498,2660.0,223.1
1697,217.2,219.2,0.2063,8,0.04657534246575343,-0.07723548057792484,2665.0,218.2
1698,212.4,214.3,0.2049,12,0.04657534246575343,-0.07536106578357445,2670.0,213.35000000000002
1699,207.5,209.4,0.2025,15,0.04657534246575343,-0.07349015784776276,2675.0,208.45
1700,202.6,204.4,0.1991,0,0.04657534246575343,-0.07162274367296735,2680.0,203.5
1701,197.7,199.6,0.1973,0,0.04657534246575343,-0.06975881023490467,2685.0,198.64999999999998
1702,192.8,194.8,0.1954,22,0.04657534246575343,-0.06789834458198497,2690.0,193.8
1703,188.0,189.9,0.1932,15,0.04657534246575343,-0.06604133383477213,2695.0,188.95
1704,183.2,185.0,0.191,33,0.04657534246575343,-0.06418776518544925,2700.0,184.1
1705,178.3,180.2,0.1887,0,0.04657534246575343,-0.062337625897287814,2705.0,179.25
1706,173.6,175.3,0.1869,24,0.04657534246575343,-0.06049090330412315,2710.0,174.45
1707,168.6,170.6,0.1843,17,0.04657534246575343,-0.058647584809833946,2715.0,169.6
1708,163.9,165.7,0.1822,1,0.04657534246575343,-0.05680765788782678,2720.0,164.8
1709,159.1,160.8,0.1794,426,0.04657534246575343,-0.054971110080525236,2725.0,159.95
1710,154.3,156.1,0.1776,5,0.04657534246575343,-0.0531379289988643,2730.0,155.2
1711,149.5,151.3,0.175,25,0.04657534246575343,-0.05130810232178815,2735.0,150.4
1712,144.7,146.6,0.1729,80,0.04657534246575343,-0.04948161779575385,2740.0,145.64999999999998
1713,140.1,141.8,0.1711,4,0.04657534246575343,-0.04765846323423877,2745.0,140.95
1714,135.3,137.1,0.1686,396,0.04657534246575343,-0.045838626517252706,2750.0,136.2
1715,130.6,132.4,0.1664,84,0.04657534246575343,-0.04402209559085485,2755.0,131.5
1716,125.9,127.7,0.164,21,0.04657534246575343,-0.04220885846667405,2760.0,126.80000000000001
1717,121.3,123.0,0.1618,84,0.04657534246575343,-0.04039890322143458,2765.0,122.15
1718,116.6,118.2,0.1587,20,0.04657534246575343,-0.038592217996485594,2770.0,117.4
1719,111.9,113.5,0.1559,26,0.04657534246575343,-0.0367887909973348,2775.0,112.7
1720,107.4,109.0,0.1543,91,0.04657534246575343,-0.03498861049318696,2780.0,108.2
1721,102.8,104.5,0.1521,82,0.04657534246575343,-0.03319166481648533,2785.0,103.65
1722,98.3,99.8,0.1493,273,0.04657534246575343,-0.03139794236245844,2790.0,99.05
1723,93.8,95.3,0.1471,63,0.04657534246575343,-0.02960743158867024,2795.0,94.55
1724,89.3,90.8,0.1445,464,0.04657534246575343,-0.027820121014574394,2800.0,90.05
1725,84.9,86.4,0.1424,112,0.04657534246575343,-0.026035999221073018,2805.0,85.65
1726,80.5,82.1,0.1402,203,0.04657534246575343,-0.02425505485007828,2810.0,81.3
1727,76.2,77.7,0.1378,391,0.04657534246575343,-0.022477276604078996,2815.0,76.95
1728,72.0,73.3,0.1353,943,0.04657534246575343,-0.020702653245710502,2820.0,72.65
1729,67.8,69.1,0.1331,668,0.04657534246575343,-0.018931173597328366,2825.0,68.44999999999999
1730,64.1,64.5,0.1309,503,0.04657534246575343,-0.017162826540586398,2830.0,64.3
1731,60.0,60.4,0.1285,4731,0.04657534246575343,-0.015397601016017283,2835.0,60.2
1732,56.0,56.4,0.1262,726,0.04657534246575343,-0.013635486022618026,2840.0,56.2
1733,52.0,52.4,0.1236,486,0.04657534246575343,-0.011876470617438477,2845.0,52.2
1734,48.2,48.6,0.1215,7716,0.04657534246575343,-0.010120543915173473,2850.0,48.400000000000006
1735,44.5,44.8,0.1193,2616,0.04657534246575343,-0.008367695087759114,2855.0,44.65
1736,40.8,41.2,0.117,6703,0.04657534246575343,-0.006617913363971453,2860.0,41.0
1737,37.3,37.7,0.1148,3144,0.04657534246575343,-0.00487118802902981,2865.0,37.5
1738,33.9,34.3,0.1126,340,0.04657534246575343,-0.0031275084242029776,2870.0,34.099999999999994
1739,30.7,31.0,0.1105,8292,0.04657534246575343,-0.0013868639464188668,2875.0,30.85
1740,27.6,27.9,0.1084,434,0.04657534246575343,0.0003507559521219104,2880.0,27.75
1741,24.7,25.0,0.1066,484,0.04657534246575343,0.0020853617643302107,2885.0,24.85
1742,21.9,22.3,0.1047,10109,0.04657534246575343,0.003816963928608097,2890.0,22.1
1743,19.4,19.7,0.1031,319,0.04657534246575343,0.005545572829225849,2895.0,19.549999999999997
1744,17.0,17.3,0.1013,9493,0.04657534246575343,0.007271198796695605,2900.0,17.15
1745,14.9,15.1,0.1,707,0.04657534246575343,0.00899385210814179,2905.0,15.0
1746,12.9,13.1,0.0985,851,0.04657534246575343,0.010713542987668584,2910.0,13.0
1747,11.0,11.3,0.097,1535,0.04657534246575343,0.012430281606723118,2915.0,11.15
1748,9.4,9.7,0.0959,2782,0.04657534246575343,0.014144078084457773,2920.0,9.55
1749,7.9,8.2,0.0944,12720,0.04657534246575343,0.01585494248808719,2925.0,8.05
1750,6.7,6.9,0.0935,835,0.04657534246575343,0.017562884833243288,2930.0,6.800000000000001
1751,5.5,5.7,0.092,553,0.04657534246575343,0.0192679150843271,2935.0,5.6
1752,4.6,4.8,0.0915,462,0.04657534246575343,0.02097004315485755,2940.0,4.699999999999999
1753,3.7,3.9,0.0902,446,0.04657534246575343,0.022669278907817315,2945.0,3.8
1754,3.0,3.2,0.0894,2032,0.04657534246575343,0.02436563215599572,2950.0,3.1
1755,2.45,2.65,0.0891,606,0.04657534246575343,0.026059112662328764,2955.0,2.55
1756,2.0,2.15,0.0887,1331,0.04657534246575343,0.027749730140236226,2960.0,2.075
1757,1.6,1.75,0.0883,102,0.04657534246575343,0.02943749425395619,2965.0,1.675
1758,1.3,1.45,0.0884,225,0.04657534246575343,0.031122414618875646,2970.0,1.375
1759,1.05,1.2,0.0885,469,0.04657534246575343,0.03280450080186045,2975.0,1.125
1760,0.85,1.0,0.0888,553,0.04657534246575343,0.03448376232158044,2980.0,0.925
1761,0.7,0.8,0.0889,29,0.04657534246575343,0.036160208648832744,2985.0,0.75
1762,0.55,0.7,0.0895,136,0.04657534246575343,0.03783384920686237,2990.0,0.625
1763,0.45,0.55,0.0895,59,0.04657534246575343,0.03950469337167996,2995.0,0.5
1764,0.35,0.5,0.0904,1519,0.04657534246575343,0.04117275047237696,3000.0,0.425
1765,0.3,0.4,0.0909,46,0.04657534246575343,0.04283802979143815,3005.0,0.35
1766,0.25,0.35,0.0919,38,0.04657534246575343,0.04450054056505159,3010.0,0.3
1767,0.2,0.3,0.0926,187,0.04657534246575343,0.04616029198341618,3015.0,0.25
1768,0.15,0.3,0.0941,25,0.04657534246575343,0.04781729319104567,3020.0,0.22499999999999998
1769,0.15,0.25,0.0957,256,0.04657534246575343,0.04947155328707216,3025.0,0.2
1770,0.1,0.25,0.0969,4,0.04657534246575343,0.051123081325545126,3030.0,0.175
1771,0.1,0.2,0.0978,16,0.04657534246575343,0.05277188631572892,3035.0,0.15000000000000002
1772,0.05,0.2,0.0984,3710,0.04657534246575343,0.05441797722239764,3040.0,0.125
1773,0.05,0.15,0.0987,4,0.04657534246575343,0.05606136296612764,3045.0,0.1
1774,0.05,0.15,0.1012,424,0.04657534246575343,0.05770205242358753,3050.0,0.1
1775,0.05,0.15,0.1038,0,0.04657534246575343,0.059340054427825896,3055.0,0.1
1776,0.05,0.15,0.1064,8,0.04657534246575343,0.06097537776855663,3060.0,0.1
1777,0.0,0.15,0.1057,0,0.04657534246575343,0.06260803119244214,3065.0,0.075
1778,0.0,0.15,0.1082,3,0.04657534246575343,0.06423802340337319,3070.0,0.075
1779,0.0,0.15,0.1107,267,0.04657534246575343,0.06586536306274857,3075.0,0.075
1780,0.0,0.15,0.1131,0,0.04657534246575343,0.06749005878975045,3080.0,0.075
1781,0.0,0.15,0.1156,0,0.04657534246575343,0.06911211916161847,3085.0,0.075
1782,0.0,0.15,0.1182,0,0.04657534246575343,0.07073155271392141,3090.0,0.075
1783,0.0,0.1,0.1162,0,0.04657534246575343,0.07234836794082672,3095.0,0.05
1784,0.05,0.1,0.1231,234,0.04657534246575343,0.07396257329536783,3100.0,0.07500000000000001
1785,0.0,0.1,0.1209,0,0.04657534246575343,0.07557417718970934,3105.0,0.05
1786,0.0,0.1,0.1233,0,0.04657534246575343,0.07718318799541,3110.0,0.05
1787,0.0,0.1,0.1279,0,0.04657534246575343,0.08039346362565838,3120.0,0.05
1788,0.0,0.1,0.1303,55,0.04657534246575343,0.08199474499263221,3125.0,0.05
1789,0.0,0.1,0.1414,58,0.04657534246575343,0.08996291464180897,3150.0,0.05
1790,0.0,0.1,0.1528,0,0.04657534246575343,0.09786809414892235,3175.0,0.05
1791,0.0,0.05,0.1541,214,0.04657534246575343,0.10571127160994814,3200.0,0.025
1792,0.0,0.05,0.1753,1,0.04657534246575343,0.1212154581459134,3250.0,0.025
1793,0.0,0.05,0.1955,170,0.04657534246575343,0.13648293027670183,3300.0,0.025
1794,0.0,0.05,0.2344,0,0.04657534246575343,0.166335893426383,3400.0,0.025
1795,0.0,0.05,0.2712,0,0.04657534246575343,0.19532343029963528,3500.0,0.025
1796,0.0,0.05,0.3073,0,0.04657534246575343,0.22349430726633163,3600.0,0.025
1797,1173.4,1184.8,0.0,0,0.0547945205479452,-0.5268112871335623,1700.0,1179.1
1798,1074.0,1085.4,0.0,0,0.0547945205479452,-0.4696528732936137,1800.0,1079.7
1799,1023.5,1034.9,0.0,0,0.0547945205479452,-0.4422538991054992,1850.0,1029.2
1800,973.7,985.1,0.0,0,0.0547945205479452,-0.4155856520233379,1900.0,979.4000000000001
1801,924.6,935.9,0.5469,0,0.0547945205479452,-0.3896101656200773,1950.0,930.25
1802,879.2,881.3,0.4737,0,0.0547945205479452,-0.3642923576357874,2000.0,880.25
1803,829.4,831.6,0.5153,0,0.0547945205479452,-0.33959974504541585,2050.0,830.5
1804,779.5,781.6,0.4777,0,0.0547945205479452,-0.3155021934663554,2100.0,780.55
1805,729.6,731.7,0.4518,0,0.0547945205479452,-0.29197169605616125,2150.0,730.6500000000001
1806,679.6,681.7,0.4056,0,0.0547945205479452,-0.2689821778314625,2200.0,680.6500000000001
1807,629.7,631.9,0.3895,0,0.0547945205479452,-0.2465093219794039,2250.0,630.8
1808,604.7,606.9,0.3685,0,0.0547945205479452,-0.23545948579281892,2275.0,605.8
1809,579.6,581.9,0.3364,0,0.0547945205479452,-0.22453041526062864,2300.0,580.75
1810,554.9,557.1,0.3546,0,0.0547945205479452,-0.21371949915641303,2325.0,556.0
1811,529.9,532.1,0.3351,0,0.0547945205479452,-0.20302421003966506,2350.0,531.0
1812,505.1,507.3,0.3351,0,0.0547945205479452,-0.19244210070912812,2375.0,506.20000000000005
1813,480.0,482.2,0.3073,0,0.0547945205479452,-0.1819708008418327,2400.0,481.1
1814,455.1,457.3,0.2972,0,0.0547945205479452,-0.17160801380628612,2425.0,456.20000000000005
1815,430.2,432.4,0.2865,0,0.0547945205479452,-0.16135151363909703,2450.0,431.29999999999995
1816,420.4,422.7,0.2946,0,0.0547945205479452,-0.15727818825146125,2460.0,421.54999999999995
1817,410.2,412.5,0.2753,0,0.0547945205479452,-0.1532213875558468,2470.0,411.35
1818,405.4,407.6,0.2809,0,0.0547945205479452,-0.15119914217507902,2475.0,406.5
1819,400.5,402.8,0.285,0,0.0547945205479452,-0.14918097801884186,2480.0,401.65
1820,390.5,392.7,0.2752,0,0.0547945205479452,-0.14515682771911648,2490.0,391.6
1821,380.4,382.7,0.2653,0,0.0547945205479452,-0.14114880632157759,2500.0,381.54999999999995
1822,370.6,372.8,0.2654,0,0.0547945205479452,-0.13715678505204018,2510.0,371.70000000000005
1823,360.7,362.9,0.2624,0,0.0547945205479452,-0.13318063667240068,2520.0,361.79999999999995
1824,355.7,357.9,0.2587,0,0.0547945205479452,-0.1311984754684095,2525.0,356.79999999999995
1825,350.6,352.9,0.2529,0,0.0547945205479452,-0.1292202354563038,2530.0,351.75
1826,340.9,343.2,0.2571,0,0.0547945205479452,-0.1252754571652875,2540.0,342.04999999999995
1827,330.9,333.1,0.248,0,0.0547945205479452,-0.12134617902539786,2550.0,332.0
1828,321.0,323.2,0.2441,0,0.0547945205479452,-0.11743227970426158,2560.0,322.1
1829,311.1,313.3,0.2399,0,0.0547945205479452,-0.11353363928860419,2570.0,312.20000000000005
1830,306.2,308.4,0.2392,0,0.0547945205479452,-0.11159000408003318,2575.0,307.29999999999995
1831,301.2,303.4,0.2355,0,0.0547945205479452,-0.10965013926220661,2580.0,302.29999999999995
1832,291.3,293.5,0.2307,0,0.0547945205479452,-0.10578166248428633,2590.0,292.4
1833,281.6,283.4,0.2259,0,0.0547945205479452,-0.10192809316829628,2600.0,282.5
1834,276.5,278.6,0.2234,0,0.0547945205479452,-0.10000686299040243,2605.0,277.55
1835,271.5,273.6,0.2197,0,0.0547945205479452,-0.09808931686113065,2610.0,272.55
1836,266.8,268.5,0.2183,0,0.0547945205479452,-0.0961754406788465,2615.0,267.65
1837,261.7,263.8,0.2168,0,0.0547945205479452,-0.09426522042272713,2620.0,262.75
1838,256.8,258.9,0.2151,0,0.0547945205479452,-0.09235864215214558,2625.0,257.85
1839,251.9,253.9,0.2124,0,0.0547945205479452,-0.09045569200605948,2630.0,252.9
1840,247.0,249.0,0.2106,0,0.0547945205479452,-0.08855635620240704,2635.0,248.0
1841,242.1,244.0,0.2077,0,0.0547945205479452,-0.08666062103750792,2640.0,243.05
1842,237.3,239.1,0.2067,13,0.0547945205479452,-0.08476847288546992,2645.0,238.2
1843,232.4,234.2,0.2046,0,0.0547945205479452,-0.0828798981976018,2650.0,233.3
1844,227.4,229.3,0.2015,0,0.0547945205479452,-0.08099488350183051,2655.0,228.35000000000002
1845,222.5,224.4,0.1993,0,0.0547945205479452,-0.07911341540212498,2660.0,223.45
1846,217.8,219.6,0.1993,0,0.0547945205479452,-0.07723548057792484,2665.0,218.7
1847,212.8,214.6,0.1954,16,0.0547945205479452,-0.07536106578357445,2670.0,213.7
1848,208.1,209.8,0.195,0,0.0547945205479452,-0.07349015784776276,2675.0,208.95
1849,203.0,205.0,0.1917,0,0.0547945205479452,-0.07162274367296735,2680.0,204.0
1850,198.1,200.1,0.189,0,0.0547945205479452,-0.06975881023490467,2685.0,199.1
1851,193.3,195.2,0.1869,0,0.0547945205479452,-0.06789834458198497,2690.0,194.25
1852,188.5,190.4,0.1853,0,0.0547945205479452,-0.06604133383477213,2695.0,189.45
1853,183.7,185.6,0.1836,7,0.0547945205479452,-0.06418776518544925,2700.0,184.64999999999998
1854,178.9,180.7,0.1811,0,0.0547945205479452,-0.062337625897287814,2705.0,179.8
1855,174.2,176.0,0.1803,7,0.0547945205479452,-0.06049090330412315,2710.0,175.1
1856,169.3,171.1,0.1771,0,0.0547945205479452,-0.058647584809833946,2715.0,170.2
1857,164.5,166.2,0.1743,32,0.0547945205479452,-0.05680765788782678,2720.0,165.35
1858,159.7,161.5,0.1725,32,0.0547945205479452,-0.054971110080525236,2725.0,160.6
1859,154.9,156.8,0.1705,0,0.0547945205479452,-0.0531379289988643,2730.0,155.85000000000002
1860,150.2,152.0,0.1684,0,0.0547945205479452,-0.05130810232178815,2735.0,151.1
1861,145.4,147.2,0.1657,2,0.0547945205479452,-0.04948161779575385,2740.0,146.3
1862,140.8,142.6,0.1645,2,0.0547945205479452,-0.04765846323423877,2745.0,141.7
1863,136.0,137.7,0.1612,2,0.0547945205479452,-0.045838626517252706,2750.0,136.85
1864,131.4,133.0,0.1593,0,0.0547945205479452,-0.04402209559085485,2755.0,132.2
1865,126.8,128.5,0.158,0,0.0547945205479452,-0.04220885846667405,2760.0,127.65
1866,122.2,123.7,0.1554,0,0.0547945205479452,-0.04039890322143458,2765.0,122.95
1867,117.6,119.1,0.1533,0,0.0547945205479452,-0.038592217996485594,2770.0,118.35
1868,112.8,114.6,0.1508,0,0.0547945205479452,-0.0367887909973348,2775.0,113.69999999999999
1869,108.3,110.0,0.1487,0,0.0547945205479452,-0.03498861049318696,2780.0,109.15
1870,103.8,105.4,0.1464,0,0.0547945205479452,-0.03319166481648533,2785.0,104.6
1871,99.3,100.9,0.1443,2,0.0547945205479452,-0.03139794236245844,2790.0,100.1
1872,94.9,96.3,0.1419,1,0.0547945205479452,-0.02960743158867024,2795.0,95.6
1873,90.4,91.9,0.1396,0,0.0547945205479452,-0.027820121014574394,2800.0,91.15
1874,86.1,87.6,0.1379,0,0.0547945205479452,-0.026035999221073018,2805.0,86.85
1875,81.7,83.1,0.1352,0,0.0547945205479452,-0.02425505485007828,2810.0,82.4
1876,77.4,78.9,0.1332,0,0.0547945205479452,-0.022477276604078996,2815.0,78.15
1877,73.2,74.6,0.131,0,0.0547945205479452,-0.020702653245710502,2820.0,73.9
1878,69.5,70.0,0.129,5,0.0547945205479452,-0.018931173597328366,2825.0,69.75
1879,65.4,65.8,0.1267,2,0.0547945205479452,-0.017162826540586398,2830.0,65.6
1880,61.3,61.8,0.1246,13,0.0547945205479452,-0.015397601016017283,2835.0,61.55
1881,57.3,57.8,0.1223,26,0.0547945205479452,-0.013635486022618026,2840.0,57.55
1882,53.4,53.8,0.12,30,0.0547945205479452,-0.011876470617438477,2845.0,53.599999999999994
1883,49.6,50.0,0.1179,68,0.0547945205479452,-0.010120543915173473,2850.0,49.8
1884,45.8,46.3,0.1156,49,0.0547945205479452,-0.008367695087759114,2855.0,46.05
1885,42.2,42.7,0.1136,894,0.0547945205479452,-0.006617913363971453,2860.0,42.45
1886,38.7,39.1,0.1113,77,0.0547945205479452,-0.00487118802902981,2865.0,38.900000000000006
1887,35.3,35.7,0.1092,39,0.0547945205479452,-0.0031275084242029776,2870.0,35.5
1888,32.1,32.5,0.1074,65,0.0547945205479452,-0.0013868639464188668,2875.0,32.3
1889,29.0,29.4,0.1055,33,0.0547945205479452,0.0003507559521219104,2880.0,29.2
1890,26.1,26.5,0.1038,31,0.0547945205479452,0.0020853617643302107,2885.0,26.3
1891,23.3,23.7,0.1019,126,0.0547945205479452,0.003816963928608097,2890.0,23.5
1892,20.7,21.1,0.1002,15,0.0547945205479452,0.005545572829225849,2895.0,20.9
1893,18.3,18.7,0.0987,214,0.0547945205479452,0.007271198796695605,2900.0,18.5
1894,16.1,16.4,0.0972,29,0.0547945205479452,0.00899385210814179,2905.0,16.25
1895,14.0,14.3,0.0956,111,0.0547945205479452,0.010713542987668584,2910.0,14.15
1896,12.1,12.4,0.0942,134,0.0547945205479452,0.012430281606723118,2915.0,12.25
1897,10.4,10.7,0.0929,280,0.0547945205479452,0.014144078084457773,2920.0,10.55
1898,8.8,9.2,0.0917,31,0.0547945205479452,0.01585494248808719,2925.0,9.0
1899,7.5,7.8,0.0906,1497,0.0547945205479452,0.017562884833243288,2930.0,7.65
1900,6.3,6.5,0.0893,75,0.0547945205479452,0.0192679150843271,2935.0,6.4
1901,5.2,5.5,0.0883,66,0.0547945205479452,0.02097004315485755,2940.0,5.35
1902,4.3,4.5,0.0872,378,0.0547945205479452,0.022669278907817315,2945.0,4.4
1903,3.6,3.8,0.0869,72,0.0547945205479452,0.02436563215599572,2950.0,3.7
1904,2.95,3.1,0.0861,19,0.0547945205479452,0.026059112662328764,2955.0,3.0250000000000004
1905,2.4,2.55,0.0855,105,0.0547945205479452,0.027749730140236226,2960.0,2.4749999999999996
1906,1.95,2.1,0.0852,124,0.0547945205479452,0.02943749425395619,2965.0,2.025
1907,1.6,1.7,0.0849,119,0.0547945205479452,0.031122414618875646,2970.0,1.65
1908,1.3,1.45,0.0851,291,0.0547945205479452,0.03280450080186045,2975.0,1.375
1909,1.05,1.2,0.0851,60,0.0547945205479452,0.03448376232158044,2980.0,1.125
1910,0.85,1.0,0.0852,0,0.0547945205479452,0.036160208648832744,2985.0,0.925
1911,0.7,0.8,0.0852,7,0.0547945205479452,0.03783384920686237,2990.0,0.75
1912,0.55,0.7,0.0857,0,0.0547945205479452,0.03950469337167996,2995.0,0.625
1913,0.45,0.6,0.0862,28,0.0547945205479452,0.04117275047237696,3000.0,0.525
1914,0.35,0.5,0.0864,0,0.0547945205479452,0.04283802979143815,3005.0,0.425
1915,0.3,0.45,0.0876,61,0.0547945205479452,0.04450054056505159,3010.0,0.375
1916,0.25,0.4,0.0886,0,0.0547945205479452,0.04616029198341618,3015.0,0.325
1917,0.2,0.35,0.0893,0,0.0547945205479452,0.04781729319104567,3020.0,0.275
1918,0.15,0.3,0.0896,10,0.0547945205479452,0.04947155328707216,3025.0,0.22499999999999998
1919,0.15,0.25,0.0908,0,0.0547945205479452,0.051123081325545126,3030.0,0.2
1920,0.1,0.25,0.0944,0,0.0547945205479452,0.05441797722239764,3040.0,0.175
1921,0.05,0.2,0.0958,23,0.0547945205479452,0.05770205242358753,3050.0,0.125
1922,0.05,0.2,0.1006,0,0.0547945205479452,0.06097537776855663,3060.0,0.125
1923,0.05,0.15,0.1028,0,0.0547945205479452,0.06423802340337319,3070.0,0.1
1924,0.0,0.15,0.1022,0,0.0547945205479452,0.06586536306274857,3075.0,0.075
1925,0.0,0.15,0.1044,0,0.0547945205479452,0.06749005878975045,3080.0,0.075
1926,0.0,0.15,0.1135,3,0.0547945205479452,0.07396257329536783,3100.0,0.075
1927,0.05,0.1,0.1245,0,0.0547945205479452,0.08199474499263221,3125.0,0.07500000000000001
1928,0.0,0.1,0.131,134,0.0547945205479452,0.08996291464180897,3150.0,0.05
1929,0.0,0.1,0.1411,0,0.0547945205479452,0.09786809414892235,3175.0,0.05
1930,0.0,0.1,0.1512,0,0.0547945205479452,0.10571127160994814,3200.0,0.05
1931,0.0,0.05,0.1613,0,0.0547945205479452,0.1212154581459134,3250.0,0.025
1932,0.0,0.1,0.1913,0,0.0547945205479452,0.13648293027670183,3300.0,0.05
1933,1872.6,1883.9,0.0,250,0.057534246575342465,-1.0574395381957327,1000.0,1878.25
1934,1773.1,1784.5,0.0,0,0.057534246575342465,-0.9621293583914078,1100.0,1778.8
1935,1672.9,1684.2,0.0,501,0.057534246575342465,-0.875117981401778,1200.0,1678.5500000000002
1936,1573.4,1584.7,0.0,2609,0.057534246575342465,-0.7950752737282416,1300.0,1579.0500000000002
1937,1472.7,1484.1,0.0,112,0.057534246575342465,-0.7209673015745197,1400.0,1478.4
1938,1422.8,1434.2,0.0,1,0.057534246575342465,-0.6858759817632497,1450.0,1428.5
1939,1372.9,1384.3,0.0,0,0.057534246575342465,-0.6519744300875684,1500.0,1378.6
1940,1323.6,1335.0,0.0,20,0.057534246575342465,-0.6191846072645775,1550.0,1329.3
1941,1273.6,1285.0,0.0,20,0.057534246575342465,-0.5874359089499972,1600.0,1279.3
1942,1223.2,1234.5,0.0,40,0.057534246575342465,-0.5566642502832435,1650.0,1228.85
1943,1173.7,1185.1,0.0,0,0.057534246575342465,-0.5268112871335623,1700.0,1179.4
1944,1123.8,1135.1,0.0,1,0.057534246575342465,-0.49782375026031,1750.0,1129.4499999999998
1945,1098.8,1110.2,0.0,1,0.057534246575342465,-0.48363911526835357,1775.0,1104.5
1946,1074.0,1085.4,0.0,0,0.057534246575342465,-0.4696528732936137,1800.0,1079.7
1947,1049.3,1060.6,0.0,0,0.057534246575342465,-0.45585955116127785,1825.0,1054.9499999999998
1948,1023.7,1035.1,0.0,0,0.057534246575342465,-0.4422538991054992,1850.0,1029.4
1949,999.4,1010.8,0.5671,0,0.057534246575342465,-0.42883087877335857,1875.0,1005.0999999999999
1950,974.4,985.7,0.0,40,0.057534246575342465,-0.4155856520233379,1900.0,980.05
1951,949.1,960.4,0.0,0,0.057534246575342465,-0.4025135704559851,1925.0,954.75
1952,923.7,935.0,0.0,0,0.057534246575342465,-0.3896101656200773,1950.0,929.35
1953,899.2,910.6,0.0,40,0.057534246575342465,-0.3768711398426475,1975.0,904.9000000000001
1954,879.2,881.3,0.4696,630,0.057534246575342465,-0.3642923576357874,2000.0,880.25
1955,854.2,856.3,0.4059,0,0.057534246575342465,-0.35186983763723023,2025.0,855.25
1956,829.1,831.3,0.0,0,0.057534246575342465,-0.33959974504541585,2050.0,830.2
1957,804.3,806.4,0.4203,18,0.057534246575342465,-0.32747838451307104,2075.0,805.3499999999999
1958,779.3,781.4,0.3448,17,0.057534246575342465,-0.3155021934663554,2100.0,780.3499999999999
1959,754.3,756.4,0.0,0,0.057534246575342465,-0.3036677358193525,2125.0,755.3499999999999
1960,739.4,741.5,0.3896,0,0.057534246575342465,-0.2966337091619725,2140.0,740.45
1961,729.5,731.7,0.4301,0,0.057534246575342465,-0.29197169605616125,2150.0,730.6
1962,719.5,721.7,0.4204,0,0.057534246575342465,-0.2873313164996591,2160.0,720.6
1963,709.5,711.6,0.3965,0,0.057534246575342465,-0.28271237064336446,2170.0,710.55
1964,704.4,706.6,0.3689,0,0.057534246575342465,-0.28041087365508527,2175.0,705.5
1965,699.4,701.6,0.361,0,0.057534246575342465,-0.27811466139473506,2180.0,700.5
1966,689.5,691.6,0.3758,0,0.057534246575342465,-0.2735379943673232,2190.0,690.55
1967,679.6,681.8,0.4052,501,0.057534246575342465,-0.2689821778314625,2200.0,680.7
1968,669.4,671.6,0.0,0,0.057534246575342465,-0.2644470226660713,2210.0,670.5
1969,659.5,661.7,0.3606,0,0.057534246575342465,-0.25993234231154455,2220.0,660.6
1970,654.6,656.8,0.3825,0,0.057534246575342465,-0.2576826225775291,2225.0,655.7
1971,649.6,651.9,0.3879,0,0.057534246575342465,-0.2554379527237053,2230.0,650.75
1972,639.6,641.8,0.3697,37,0.057534246575342465,-0.25096367232878414,2240.0,640.7
1973,629.7,631.9,0.3791,0,0.057534246575342465,-0.2465093219794039,2250.0,630.8
1974,619.6,621.8,0.3511,0,0.057534246575342465,-0.2420747249115382,2260.0,620.7
1975,609.7,611.8,0.3528,0,0.057534246575342465,-0.23765970670242131,2270.0,610.75
1976,604.6,606.8,0.3362,0,0.057534246575342465,-0.23545948579281892,2275.0,605.7
1977,599.6,601.8,0.3307,0,0.057534246575342465,-0.2332640952293833,2280.0,600.7
1978,589.6,591.8,0.3212,10,0.057534246575342465,-0.22888772062958446,2290.0,590.7
1979,579.8,582.1,0.3589,2601,0.057534246575342465,-0.22453041526062864,2300.0,580.95
1980,569.8,572.0,0.3442,0,0.057534246575342465,-0.22019201366203053,2310.0,570.9
1981,559.7,561.9,0.3194,0,0.057534246575342465,-0.21587235251751405,2320.0,560.8
1982,554.8,557.0,0.3323,0,0.057534246575342465,-0.21371949915641303,2325.0,555.9
1983,549.8,552.0,0.3282,0,0.057534246575342465,-0.21157127061812347,2330.0,550.9
1984,539.9,542.1,0.3332,0,0.057534246575342465,-0.20728860882612268,2340.0,541.0
1985,530.0,532.2,0.3357,10,0.057534246575342465,-0.20302421003966506,2350.0,531.1
1986,519.9,522.1,0.3176,30,0.057534246575342465,-0.198777919158214,2360.0,521.0
1987,509.9,512.1,0.3098,0,0.057534246575342465,-0.1945495830486928,2370.0,511.0
1988,505.0,507.2,0.3169,16,0.057534246575342465,-0.19244210070912812,2375.0,506.1
1989,500.1,502.3,0.322,72,0.057534246575342465,-0.19033905051234934,2380.0,501.20000000000005
1990,495.0,497.2,0.3093,0,0.057534246575342465,-0.18824041385542817,2385.0,496.1
1991,489.9,492.2,0.3003,18,0.057534246575342465,-0.18614617225231345,2390.0,491.04999999999995
1992,485.1,487.3,0.3108,0,0.057534246575342465,-0.18405630733285408,2395.0,486.20000000000005
1993,480.1,482.3,0.307,105,0.057534246575342465,-0.1819708008418327,2400.0,481.20000000000005
1994,475.0,477.2,0.2943,0,0.057534246575342465,-0.17988963463800817,2405.0,476.1
1995,470.1,472.3,0.2996,0,0.057534246575342465,-0.17781279069316908,2410.0,471.20000000000005
1996,465.2,467.5,0.3074,0,0.057534246575342465,-0.17574025109119673,2415.0,466.35
1997,460.2,462.4,0.3001,74,0.057534246575342465,-0.1736719980271376,2420.0,461.29999999999995
1998,455.1,457.3,0.2884,0,0.057534246575342465,-0.17160801380628612,2425.0,456.20000000000005
1999,450.2,452.4,0.2928,1,0.057534246575342465,-0.16954828084327558,2430.0,451.29999999999995
2000,445.3,447.6,0.299,0,0.057534246575342465,-0.1674927816611796,2435.0,446.45000000000005
2001,440.3,442.5,0.2924,27,0.057534246575342465,-0.16544149889062224,2440.0,441.4
2002,435.2,437.4,0.2818,0,0.057534246575342465,-0.16339441526889728,2445.0,436.29999999999995
2003,430.3,432.5,0.2851,100,0.057534246575342465,-0.16135151363909703,2450.0,431.4
2004,425.4,427.7,0.29,0,0.057534246575342465,-0.15931277694924878,2455.0,426.54999999999995
2005,420.4,422.6,0.2837,1,0.057534246575342465,-0.15727818825146125,2460.0,421.5
2006,415.4,417.6,0.2801,0,0.057534246575342465,-0.1552477307010793,2465.0,416.5
2007,410.5,412.8,0.2843,502,0.057534246575342465,-0.1532213875558468,2470.0,411.65
2008,405.4,407.6,0.2729,72,0.057534246575342465,-0.15119914217507902,2475.0,406.5
2009,400.4,402.6,0.2693,26,0.057534246575342465,-0.14918097801884186,2480.0,401.5
2010,395.6,397.9,0.2781,0,0.057534246575342465,-0.14716687864714065,2485.0,396.75
2011,390.5,392.7,0.2674,0,0.057534246575342465,-0.14515682771911648,2490.0,391.6
2012,385.5,387.7,0.2638,0,0.057534246575342465,-0.14315080899225063,2495.0,386.6
2013,380.7,383.0,0.2716,312,0.057534246575342465,-0.14114880632157759,2500.0,381.85
2014,375.6,377.8,0.2615,0,0.057534246575342465,-0.13915080365890456,2505.0,376.70000000000005
2015,370.7,372.9,0.2623,1,0.057534246575342465,-0.13715678505204018,2510.0,371.79999999999995
2016,365.6,367.9,0.2565,0,0.057534246575342465,-0.1351667346440302,2515.0,366.75
2017,360.8,363.0,0.2591,27,0.057534246575342465,-0.13318063667240068,2520.0,361.9
2018,355.9,358.2,0.261,605,0.057534246575342465,-0.1311984754684095,2525.0,357.04999999999995
2019,350.8,353.0,0.2519,7,0.057534246575342465,-0.1292202354563038,2530.0,351.9
2020,345.9,348.1,0.252,0,0.057534246575342465,-0.12724590115258622,2535.0,347.0
2021,340.8,343.1,0.2466,8,0.057534246575342465,-0.1252754571652875,2540.0,341.95000000000005
2022,336.0,338.2,0.2483,0,0.057534246575342465,-0.12330888819324655,2545.0,337.1
2023,331.0,333.2,0.2447,1659,0.057534246575342465,-0.12134617902539786,2550.0,332.1
2024,326.1,328.3,0.2442,2,0.057534246575342465,-0.11938731454006492,2555.0,327.20000000000005
2025,321.2,323.4,0.2436,5,0.057534246575342465,-0.11743227970426158,2560.0,322.29999999999995
2026,316.2,318.4,0.24,5,0.057534246575342465,-0.11548105957299987,2565.0,317.29999999999995
2027,311.3,313.5,0.2391,73,0.057534246575342465,-0.11353363928860419,2570.0,312.4
2028,306.4,308.7,0.2393,151,0.057534246575342465,-0.11159000408003318,2575.0,307.54999999999995
2029,301.4,303.6,0.2345,5,0.057534246575342465,-0.10965013926220661,2580.0,302.5
2030,296.4,298.6,0.2308,0,0.057534246575342465,-0.10771403023534024,2585.0,297.5
2031,291.6,293.9,0.2331,98,0.057534246575342465,-0.10578166248428633,2590.0,292.75
2032,286.7,288.7,0.2282,0,0.057534246575342465,-0.10385302157788065,2595.0,287.7
2033,281.7,283.7,0.2245,2462,0.057534246575342465,-0.10192809316829628,2600.0,282.7
2034,276.9,278.8,0.2242,0,0.057534246575342465,-0.10000686299040243,2605.0,277.85
2035,272.0,273.9,0.2226,82,0.057534246575342465,-0.09808931686113065,2610.0,272.95
2036,267.0,269.0,0.2199,2,0.057534246575342465,-0.0961754406788465,2615.0,268.0
2037,262.0,264.0,0.2161,29,0.057534246575342465,-0.09426522042272713,2620.0,263.0
2038,257.1,259.1,0.2143,650,0.057534246575342465,-0.09235864215214558,2625.0,258.1
2039,252.3,254.2,0.2134,7,0.057534246575342465,-0.09045569200605948,2630.0,253.25
2040,247.4,249.3,0.2114,2,0.057534246575342465,-0.08855635620240704,2635.0,248.35000000000002
2041,242.5,244.4,0.2093,9,0.057534246575342465,-0.08666062103750792,2640.0,243.45
2042,237.6,239.6,0.2079,0,0.057534246575342465,-0.08476847288546992,2645.0,238.6
2043,232.7,234.8,0.2064,2062,0.057534246575342465,-0.0828798981976018,2650.0,233.75
2044,227.8,229.7,0.2026,30,0.057534246575342465,-0.08099488350183051,2655.0,228.75
2045,223.0,224.8,0.2009,55,0.057534246575342465,-0.07911341540212498,2660.0,223.9
2046,218.0,220.0,0.1984,7,0.057534246575342465,-0.07723548057792484,2665.0,219.0
2047,213.4,215.1,0.1979,902,0.057534246575342465,-0.07536106578357445,2670.0,214.25
2048,208.5,210.2,0.1953,705,0.057534246575342465,-0.07349015784776276,2675.0,209.35
2049,203.6,205.5,0.1938,148,0.057534246575342465,-0.07162274367296735,2680.0,204.55
2050,198.7,200.5,0.1904,3,0.057534246575342465,-0.06975881023490467,2685.0,199.6
2051,194.0,195.7,0.1893,62,0.057534246575342465,-0.06789834458198497,2690.0,194.85
2052,189.1,191.0,0.1875,24,0.057534246575342465,-0.06604133383477213,2695.0,190.05
2053,184.3,186.3,0.1861,6850,0.057534246575342465,-0.06418776518544925,2700.0,185.3
2054,179.5,181.3,0.1829,50,0.057534246575342465,-0.062337625897287814,2705.0,180.4
2055,174.7,176.5,0.1808,97,0.057534246575342465,-0.06049090330412315,2710.0,175.6
2056,170.1,171.8,0.1799,8,0.057534246575342465,-0.058647584809833946,2715.0,170.95
2057,165.2,166.9,0.1766,129,0.057534246575342465,-0.05680765788782678,2720.0,166.05
2058,160.4,162.1,0.1741,442,0.057534246575342465,-0.054971110080525236,2725.0,161.25
2059,155.7,157.4,0.1724,161,0.057534246575342465,-0.0531379289988643,2730.0,156.55
2060,151.0,152.7,0.1705,5108,0.057534246575342465,-0.05130810232178815,2735.0,151.85
2061,146.3,148.0,0.1684,1571,0.057534246575342465,-0.04948161779575385,2740.0,147.15
2062,141.6,143.2,0.1659,91,0.057534246575342465,-0.04765846323423877,2745.0,142.39999999999998
2063,136.9,138.6,0.164,2247,0.057534246575342465,-0.045838626517252706,2750.0,137.75
2064,132.3,133.9,0.1619,50,0.057534246575342465,-0.04402209559085485,2755.0,133.10000000000002
2065,127.6,129.4,0.16,644,0.057534246575342465,-0.04220885846667405,2760.0,128.5
2066,123.0,124.6,0.1572,93,0.057534246575342465,-0.04039890322143458,2765.0,123.8
2067,118.5,120.0,0.1554,106,0.057534246575342465,-0.038592217996485594,2770.0,119.25
2068,113.9,115.6,0.1536,7930,0.057534246575342465,-0.0367887909973348,2775.0,114.75
2069,109.4,110.9,0.151,480,0.057534246575342465,-0.03498861049318696,2780.0,110.15
2070,104.9,106.4,0.1489,89,0.057534246575342465,-0.03319166481648533,2785.0,105.65
2071,100.5,101.9,0.1469,1589,0.057534246575342465,-0.03139794236245844,2790.0,101.2
2072,96.0,97.4,0.1444,281,0.057534246575342465,-0.02960743158867024,2795.0,96.7
2073,91.6,93.0,0.1422,3818,0.057534246575342465,-0.027820121014574394,2800.0,92.3
2074,87.3,88.6,0.1401,217,0.057534246575342465,-0.026035999221073018,2805.0,87.94999999999999
2075,83.0,84.3,0.138,318,0.057534246575342465,-0.02425505485007828,2810.0,83.65
2076,78.9,80.1,0.1363,5212,0.057534246575342465,-0.022477276604078996,2815.0,79.5
2077,74.5,75.9,0.1337,3309,0.057534246575342465,-0.020702653245710502,2820.0,75.2
2078,70.8,71.2,0.1314,11553,0.057534246575342465,-0.018931173597328366,2825.0,71.0
2079,66.7,67.1,0.1292,1158,0.057534246575342465,-0.017162826540586398,2830.0,66.9
2080,62.7,63.1,0.1271,275,0.057534246575342465,-0.015397601016017283,2835.0,62.900000000000006
2081,58.7,59.1,0.1248,195,0.057534246575342465,-0.013635486022618026,2840.0,58.900000000000006
2082,54.8,55.2,0.1226,562,0.057534246575342465,-0.011876470617438477,2845.0,55.0
2083,51.0,51.4,0.1204,10378,0.057534246575342465,-0.010120543915173473,2850.0,51.2
2084,47.3,47.7,0.1183,348,0.057534246575342465,-0.008367695087759114,2855.0,47.5
2085,43.7,44.1,0.1162,2487,0.057534246575342465,-0.006617913363971453,2860.0,43.900000000000006
2086,40.2,40.6,0.1141,689,0.057534246575342465,-0.00487118802902981,2865.0,40.400000000000006
2087,36.8,37.2,0.112,1829,0.057534246575342465,-0.0031275084242029776,2870.0,37.0
2088,33.6,33.9,0.11,11362,0.057534246575342465,-0.0013868639464188668,2875.0,33.75
2089,30.4,30.8,0.1079,775,0.057534246575342465,0.0003507559521219104,2880.0,30.6
2090,27.5,27.8,0.1061,2134,0.057534246575342465,0.0020853617643302107,2885.0,27.65
2091,24.7,25.0,0.1043,2687,0.057534246575342465,0.003816963928608097,2890.0,24.85
2092,22.0,22.4,0.1025,1451,0.057534246575342465,0.005545572829225849,2895.0,22.2
2093,19.6,19.9,0.101,22984,0.057534246575342465,0.007271198796695605,2900.0,19.75
2094,17.3,17.6,0.0994,5149,0.057534246575342465,0.00899385210814179,2905.0,17.450000000000003
2095,15.1,15.4,0.0976,3768,0.057534246575342465,0.010713542987668584,2910.0,15.25
2096,13.2,13.4,0.0962,992,0.057534246575342465,0.012430281606723118,2915.0,13.3
2097,11.4,11.7,0.0949,7023,0.057534246575342465,0.014144078084457773,2920.0,11.55
2098,9.8,10.0,0.0935,12824,0.057534246575342465,0.01585494248808719,2925.0,9.9
2099,8.3,8.6,0.0922,6619,0.057534246575342465,0.017562884833243288,2930.0,8.45
2100,7.0,7.3,0.091,1114,0.057534246575342465,0.0192679150843271,2935.0,7.15
2101,5.9,6.1,0.0898,4491,0.057534246575342465,0.02097004315485755,2940.0,6.0
2102,4.9,5.2,0.089,398,0.057534246575342465,0.022669278907817315,2945.0,5.050000000000001
2103,4.1,4.3,0.0882,3761,0.057534246575342465,0.02436563215599572,2950.0,4.199999999999999
2104,3.4,3.6,0.0876,329,0.057534246575342465,0.026059112662328764,2955.0,3.5
2105,2.8,2.95,0.0868,7901,0.057534246575342465,0.027749730140236226,2960.0,2.875
2106,2.3,2.45,0.0864,130,0.057534246575342465,0.02943749425395619,2965.0,2.375
2107,1.9,2.0,0.086,15828,0.057534246575342465,0.031122414618875646,2970.0,1.95
2108,1.55,1.65,0.0858,1640,0.057534246575342465,0.03280450080186045,2975.0,1.6
2109,1.25,1.4,0.0858,1425,0.057534246575342465,0.03448376232158044,2980.0,1.325
2110,1.05,1.15,0.0859,123,0.057534246575342465,0.036160208648832744,2985.0,1.1
2111,0.85,1.0,0.0863,14908,0.057534246575342465,0.03783384920686237,2990.0,0.925
2112,0.7,0.8,0.0862,146,0.057534246575342465,0.03950469337167996,2995.0,0.75
2113,0.6,0.65,0.0865,7923,0.057534246575342465,0.04117275047237696,3000.0,0.625
2114,0.45,0.55,0.0863,74,0.057534246575342465,0.04283802979143815,3005.0,0.5
2115,0.4,0.5,0.0878,160,0.057534246575342465,0.04450054056505159,3010.0,0.45
2116,0.35,0.45,0.089,64,0.057534246575342465,0.04616029198341618,3015.0,0.4
2117,0.3,0.4,0.0901,20,0.057534246575342465,0.04781729319104567,3020.0,0.35
2118,0.25,0.35,0.0908,63,0.057534246575342465,0.04947155328707216,3025.0,0.3
2119,0.2,0.3,0.0913,282,0.057534246575342465,0.051123081325545126,3030.0,0.25
2120,0.15,0.3,0.0926,155,0.057534246575342465,0.05277188631572892,3035.0,0.22499999999999998
2121,0.15,0.25,0.0938,25,0.057534246575342465,0.05441797722239764,3040.0,0.2
2122,0.1,0.25,0.0947,0,0.057534246575342465,0.05606136296612764,3045.0,0.175
2123,0.1,0.25,0.0972,907,0.057534246575342465,0.05770205242358753,3050.0,0.175
2124,0.1,0.2,0.0979,0,0.057534246575342465,0.059340054427825896,3055.0,0.15000000000000002
2125,0.05,0.2,0.0982,20,0.057534246575342465,0.06097537776855663,3060.0,0.125
2126,0.05,0.2,0.1005,0,0.057534246575342465,0.06260803119244214,3065.0,0.125
2127,0.05,0.15,0.1004,0,0.057534246575342465,0.06423802340337319,3070.0,0.1
2128,0.05,0.15,0.1027,472,0.057534246575342465,0.06586536306274857,3075.0,0.1
2129,0.05,0.15,0.1049,0,0.057534246575342465,0.06749005878975045,3080.0,0.1
2130,0.05,0.15,0.1095,11,0.057534246575342465,0.07073155271392141,3090.0,0.1
2131,0.05,0.15,0.114,175,0.057534246575342465,0.07396257329536783,3100.0,0.1
2132,0.0,0.15,0.115,0,0.057534246575342465,0.07718318799541,3110.0,0.075
2133,0.0,0.15,0.1194,0,0.057534246575342465,0.08039346362565838,3120.0,0.075
2134,0.05,0.15,0.1251,18,0.057534246575342465,0.08199474499263221,3125.0,0.1
2135,0.0,0.1,0.1273,81,0.057534246575342465,0.08996291464180897,3150.0,0.05
2136,0.0,0.1,0.1376,0,0.057534246575342465,0.09786809414892235,3175.0,0.05
2137,0.0,0.1,0.1476,173,0.057534246575342465,0.10571127160994814,3200.0,0.05
2138,0.0,0.05,0.1578,36,0.057534246575342465,0.1212154581459134,3250.0,0.025
2139,0.0,0.05,0.1753,421,0.057534246575342465,0.13648293027670183,3300.0,0.025
2140,0.0,0.05,0.2107,4,0.057534246575342465,0.166335893426383,3400.0,0.025
2141,0.0,0.05,0.2446,0,0.057534246575342465,0.19532343029963528,3500.0,0.025
2142,1073.5,1084.9,0.0,0,0.06027397260273973,-0.4696528732936137,1800.0,1079.2
2143,1024.2,1035.5,0.0,0,0.06027397260273973,-0.4422538991054992,1850.0,1029.85
2144,974.3,985.7,0.0,0,0.06027397260273973,-0.4155856520233379,1900.0,980.0
2145,923.9,935.3,0.0,0,0.06027397260273973,-0.3896101656200773,1950.0,929.5999999999999
2146,879.4,881.6,0.4905,0,0.06027397260273973,-0.3642923576357874,2000.0,880.5
2147,829.4,831.5,0.0,0,0.06027397260273973,-0.33959974504541585,2050.0,830.45
2148,779.4,781.6,0.0,0,0.06027397260273973,-0.3155021934663554,2100.0,780.5
2149,729.7,731.8,0.4083,375,0.06027397260273973,-0.29197169605616125,2150.0,730.75
2150,679.7,681.9,0.3719,0,0.06027397260273973,-0.2689821778314625,2200.0,680.8
2151,629.9,632.0,0.3606,0,0.06027397260273973,-0.2465093219794039,2250.0,630.95
2152,604.9,607.1,0.3483,0,0.06027397260273973,-0.23545948579281892,2275.0,606.0
2153,579.9,582.1,0.3269,0,0.06027397260273973,-0.22453041526062864,2300.0,581.0
2154,555.1,557.3,0.3358,0,0.06027397260273973,-0.21371949915641303,2325.0,556.2
2155,530.2,532.4,0.3271,0,0.06027397260273973,-0.20302421003966506,2350.0,531.3
2156,505.2,507.4,0.3083,0,0.06027397260273973,-0.19244210070912812,2375.0,506.29999999999995
2157,480.3,482.5,0.2988,0,0.06027397260273973,-0.1819708008418327,2400.0,481.4
2158,455.3,457.6,0.2847,0,0.06027397260273973,-0.17160801380628612,2425.0,456.45000000000005
2159,430.6,432.8,0.2833,0,0.06027397260273973,-0.16135151363909703,2450.0,431.70000000000005
2160,405.8,408.1,0.278,0,0.06027397260273973,-0.15119914217507902,2475.0,406.95000000000005
2161,381.0,383.2,0.2665,0,0.06027397260273973,-0.14114880632157759,2500.0,382.1
2162,356.2,358.4,0.256,0,0.06027397260273973,-0.1311984754684095,2525.0,357.29999999999995
2163,351.1,353.4,0.2508,0,0.06027397260273973,-0.1292202354563038,2530.0,352.25
2164,341.2,343.5,0.247,0,0.06027397260273973,-0.1252754571652875,2540.0,342.35
2165,331.5,333.7,0.2474,0,0.06027397260273973,-0.12134617902539786,2550.0,332.6
2166,321.5,323.7,0.2402,0,0.06027397260273973,-0.11743227970426158,2560.0,322.6
2167,311.7,313.9,0.2382,0,0.06027397260273973,-0.11353363928860419,2570.0,312.79999999999995
2168,306.7,308.9,0.2346,0,0.06027397260273973,-0.11159000408003318,2575.0,307.79999999999995
2169,301.9,304.2,0.2368,0,0.06027397260273973,-0.10965013926220661,2580.0,303.04999999999995
2170,292.0,294.3,0.2317,0,0.06027397260273973,-0.10578166248428633,2590.0,293.15
2171,282.2,284.3,0.2264,2,0.06027397260273973,-0.10192809316829628,2600.0,283.25
2172,272.3,274.5,0.222,0,0.06027397260273973,-0.09808931686113065,2610.0,273.4
2173,262.4,264.6,0.2164,0,0.06027397260273973,-0.09426522042272713,2620.0,263.5
2174,257.7,259.9,0.2179,0,0.06027397260273973,-0.09235864215214558,2625.0,258.79999999999995
2175,252.6,254.8,0.2125,16,0.06027397260273973,-0.09045569200605948,2630.0,253.7
2176,242.9,245.1,0.2098,0,0.06027397260273973,-0.08666062103750792,2640.0,244.0
2177,233.3,235.4,0.2073,0,0.06027397260273973,-0.0828798981976018,2650.0,234.35000000000002
2178,223.4,225.6,0.2016,0,0.06027397260273973,-0.07911341540212498,2660.0,224.5
2179,218.5,220.7,0.199,0,0.06027397260273973,-0.07723548057792484,2665.0,219.6
2180,213.7,215.8,0.197,0,0.06027397260273973,-0.07536106578357445,2670.0,214.75
2181,208.9,211.0,0.1955,0,0.06027397260273973,-0.07349015784776276,2675.0,209.95
2182,204.2,206.3,0.195,0,0.06027397260273973,-0.07162274367296735,2680.0,205.25
2183,199.2,201.3,0.191,0,0.06027397260273973,-0.06975881023490467,2685.0,200.25
2184,194.5,196.5,0.1897,0,0.06027397260273973,-0.06789834458198497,2690.0,195.5
2185,189.6,191.7,0.1873,0,0.06027397260273973,-0.06604133383477213,2695.0,190.64999999999998
2186,184.8,186.9,0.1852,2,0.06027397260273973,-0.06418776518544925,2700.0,185.85000000000002
2187,180.1,182.2,0.184,0,0.06027397260273973,-0.062337625897287814,2705.0,181.14999999999998
2188,175.4,177.3,0.1817,0,0.06027397260273973,-0.06049090330412315,2710.0,176.35000000000002
2189,170.6,172.7,0.1802,0,0.06027397260273973,-0.058647584809833946,2715.0,171.64999999999998
2190,165.9,167.8,0.1777,0,0.06027397260273973,-0.05680765788782678,2720.0,166.85000000000002
2191,161.2,163.2,0.1764,0,0.06027397260273973,-0.054971110080525236,2725.0,162.2
2192,156.4,158.3,0.1732,0,0.06027397260273973,-0.0531379289988643,2730.0,157.35000000000002
2193,151.7,153.6,0.1712,6,0.06027397260273973,-0.05130810232178815,2735.0,152.64999999999998
2194,147.0,149.0,0.1695,0,0.06027397260273973,-0.04948161779575385,2740.0,148.0
2195,142.3,144.2,0.1668,0,0.06027397260273973,-0.04765846323423877,2745.0,143.25
2196,137.8,139.7,0.1658,0,0.06027397260273973,-0.045838626517252706,2750.0,138.75
2197,133.1,134.9,0.1629,0,0.06027397260273973,-0.04402209559085485,2755.0,134.0
2198,128.5,130.3,0.1609,10,0.06027397260273973,-0.04220885846667405,2760.0,129.4
2199,123.9,125.7,0.1587,10,0.06027397260273973,-0.04039890322143458,2765.0,124.80000000000001
2200,119.3,121.1,0.1564,5,0.06027397260273973,-0.038592217996485594,2770.0,120.19999999999999
2201,114.9,116.6,0.1548,5,0.06027397260273973,-0.0367887909973348,2775.0,115.75
2202,110.3,112.1,0.1525,0,0.06027397260273973,-0.03498861049318696,2780.0,111.19999999999999
2203,105.9,107.6,0.1505,0,0.06027397260273973,-0.03319166481648533,2785.0,106.75
2204,101.4,103.1,0.1481,2,0.06027397260273973,-0.03139794236245844,2790.0,102.25
2205,97.0,98.7,0.146,0,0.06027397260273973,-0.02960743158867024,2795.0,97.85
2206,92.8,94.4,0.1445,5,0.06027397260273973,-0.027820121014574394,2800.0,93.6
2207,88.4,89.9,0.1418,6,0.06027397260273973,-0.026035999221073018,2805.0,89.15
2208,84.1,85.6,0.1396,5,0.06027397260273973,-0.02425505485007828,2810.0,84.85
2209,79.9,81.3,0.1374,11,0.06027397260273973,-0.022477276604078996,2815.0,80.6
2210,76.3,76.8,0.1359,8,0.06027397260273973,-0.020702653245710502,2820.0,76.55
2211,72.2,72.6,0.1336,2,0.06027397260273973,-0.018931173597328366,2825.0,72.4
2212,68.1,68.5,0.1314,1,0.06027397260273973,-0.017162826540586398,2830.0,68.3
2213,64.1,64.5,0.1293,1,0.06027397260273973,-0.015397601016017283,2835.0,64.3
2214,60.1,60.6,0.1271,21,0.06027397260273973,-0.013635486022618026,2840.0,60.35
2215,56.2,56.7,0.1248,1,0.06027397260273973,-0.011876470617438477,2845.0,56.45
2216,52.4,52.9,0.1226,7,0.06027397260273973,-0.010120543915173473,2850.0,52.65
2217,48.7,49.2,0.1205,7,0.06027397260273973,-0.008367695087759114,2855.0,48.95
2218,45.1,45.6,0.1184,39,0.06027397260273973,-0.006617913363971453,2860.0,45.35
2219,41.7,42.1,0.1164,40,0.06027397260273973,-0.00487118802902981,2865.0,41.900000000000006
2220,38.3,38.7,0.1143,9,0.06027397260273973,-0.0031275084242029776,2870.0,38.5
2221,35.0,35.4,0.1122,65,0.06027397260273973,-0.0013868639464188668,2875.0,35.2
2222,31.9,32.3,0.1103,71,0.06027397260273973,0.0003507559521219104,2880.0,32.099999999999994
2223,28.9,29.3,0.1084,112,0.06027397260273973,0.0020853617643302107,2885.0,29.1
2224,26.1,26.5,0.1067,121,0.06027397260273973,0.003816963928608097,2890.0,26.3
2225,23.5,23.8,0.105,83,0.06027397260273973,0.005545572829225849,2895.0,23.65
2226,21.0,21.3,0.1034,943,0.06027397260273973,0.007271198796695605,2900.0,21.15
2227,18.6,19.0,0.1018,114,0.06027397260273973,0.00899385210814179,2905.0,18.8
2228,16.5,16.8,0.1004,75,0.06027397260273973,0.010713542987668584,2910.0,16.65
2229,14.4,14.8,0.0988,150,0.06027397260273973,0.012430281606723118,2915.0,14.600000000000001
2230,12.6,12.9,0.0974,560,0.06027397260273973,0.014144078084457773,2920.0,12.75
2231,10.9,11.2,0.096,194,0.06027397260273973,0.01585494248808719,2925.0,11.05
2232,9.4,9.7,0.0949,55,0.06027397260273973,0.017562884833243288,2930.0,9.55
2233,8.0,8.3,0.0936,1526,0.06027397260273973,0.0192679150843271,2935.0,8.15
2234,6.8,7.1,0.0925,1440,0.06027397260273973,0.02097004315485755,2940.0,6.949999999999999
2235,5.8,6.0,0.0916,87,0.06027397260273973,0.022669278907817315,2945.0,5.9
2236,4.8,5.1,0.0906,269,0.06027397260273973,0.02436563215599572,2950.0,4.949999999999999
2237,4.0,4.3,0.0898,85,0.06027397260273973,0.026059112662328764,2955.0,4.15
2238,3.3,3.6,0.089,91,0.06027397260273973,0.027749730140236226,2960.0,3.45
2239,2.75,3.0,0.0885,129,0.06027397260273973,0.02943749425395619,2965.0,2.875
2240,2.3,2.5,0.0882,4,0.06027397260273973,0.031122414618875646,2970.0,2.4
2241,1.9,2.1,0.0879,160,0.06027397260273973,0.03280450080186045,2975.0,2.0
2242,1.55,1.75,0.0876,1023,0.06027397260273973,0.03448376232158044,2980.0,1.65
2243,1.05,1.2,0.0874,3,0.06027397260273973,0.03783384920686237,2990.0,1.125
2244,0.75,0.9,0.0885,216,0.06027397260273973,0.04117275047237696,3000.0,0.825
2245,0.5,0.65,0.089,0,0.06027397260273973,0.04450054056505159,3010.0,0.575
2246,0.35,0.5,0.0904,0,0.06027397260273973,0.04781729319104567,3020.0,0.425
2247,0.3,0.45,0.0915,18,0.06027397260273973,0.04947155328707216,3025.0,0.375
2248,0.25,0.4,0.0923,0,0.06027397260273973,0.051123081325545126,3030.0,0.325
2249,0.15,0.3,0.0977,0,0.06027397260273973,0.05770205242358753,3050.0,0.22499999999999998
2250,0.05,0.2,0.1028,25,0.06027397260273973,0.06586536306274857,3075.0,0.125
2251,0.0,0.15,0.108,8,0.06027397260273973,0.07396257329536783,3100.0,0.075
2252,0.0,0.15,0.1186,3,0.06027397260273973,0.08199474499263221,3125.0,0.075
2253,0.0,0.15,0.129,39,0.06027397260273973,0.08996291464180897,3150.0,0.075
2254,0.0,0.1,0.1347,0,0.06027397260273973,0.09786809414892235,3175.0,0.05
2255,0.0,0.1,0.1441,0,0.06027397260273973,0.10571127160994814,3200.0,0.05
2256,0.0,0.1,0.1636,0,0.06027397260273973,0.1212154581459134,3250.0,0.05
2257,0.0,0.1,0.182,0,0.06027397260273973,0.13648293027670183,3300.0,0.05
2258,2072.6,2084.0,0.0,0,0.06575342465753424,-1.2805830895099424,800.0,2078.3
2259,1972.7,1984.1,0.0,0,0.06575342465753424,-1.162800053853559,900.0,1978.4
2260,1872.3,1883.7,0.0,0,0.06575342465753424,-1.0574395381957327,1000.0,1878.0
2261,1822.8,1834.1,0.0,0,0.06575342465753424,-1.0086493740263007,1050.0,1828.4499999999998
2262,1772.6,1784.0,0.0,0,0.06575342465753424,-0.9621293583914078,1100.0,1778.3
2263,1723.3,1734.7,0.0,0,0.06575342465753424,-0.917677595820574,1150.0,1729.0
2264,1673.0,1684.4,0.0,0,0.06575342465753424,-0.875117981401778,1200.0,1678.7
2265,1623.7,1635.1,0.0,0,0.06575342465753424,-0.8342959868815228,1250.0,1629.4
2266,1573.9,1585.2,0.0,0,0.06575342465753424,-0.7950752737282416,1300.0,1579.5500000000002
2267,1523.9,1535.2,0.0,0,0.06575342465753424,-0.7573349457453945,1350.0,1529.5500000000002
2268,1474.0,1484.3,0.0,6,0.06575342465753424,-0.7209673015745197,1400.0,1479.15
2269,1424.1,1435.5,0.7203,0,0.06575342465753424,-0.6858759817632497,1450.0,1429.8
2270,1373.9,1385.3,0.0,0,0.06575342465753424,-0.6519744300875684,1500.0,1379.6
2271,1323.9,1335.3,0.0,0,0.06575342465753424,-0.6191846072645775,1550.0,1329.6
2272,1274.0,1285.4,0.0,0,0.06575342465753424,-0.5874359089499972,1600.0,1279.7
2273,1224.1,1235.5,0.0,0,0.06575342465753424,-0.5566642502832435,1650.0,1229.8
2274,1174.3,1185.7,0.0,0,0.06575342465753424,-0.5268112871335623,1700.0,1180.0
2275,1124.3,1135.7,0.0,0,0.06575342465753424,-0.49782375026031,1750.0,1130.0
2276,1074.7,1086.1,0.5568,0,0.06575342465753424,-0.4696528732936137,1800.0,1080.4
2277,1024.6,1035.9,0.0,0,0.06575342465753424,-0.4422538991054992,1850.0,1030.25
2278,974.2,985.6,0.0,0,0.06575342465753424,-0.4155856520233379,1900.0,979.9000000000001
2279,924.3,935.7,0.0,0,0.06575342465753424,-0.3896101656200773,1950.0,930.0
2280,879.8,881.9,0.4913,0,0.06575342465753424,-0.3642923576357874,2000.0,880.8499999999999
2281,829.9,832.0,0.4651,0,0.06575342465753424,-0.33959974504541585,2050.0,830.95
2282,805.0,807.2,0.4705,0,0.06575342465753424,-0.32747838451307104,2075.0,806.1
2283,779.9,782.0,0.4137,0,0.06575342465753424,-0.3155021934663554,2100.0,780.95
2284,755.1,757.3,0.4417,0,0.06575342465753424,-0.3036677358193525,2125.0,756.2
2285,730.1,732.2,0.4125,0,0.06575342465753424,-0.29197169605616125,2150.0,731.1500000000001
2286,705.0,707.2,0.3789,0,0.06575342465753424,-0.28041087365508527,2175.0,706.1
2287,680.1,682.3,0.3769,0,0.06575342465753424,-0.2689821778314625,2200.0,681.2
2288,655.3,657.4,0.3793,0,0.06575342465753424,-0.2576826225775291,2225.0,656.3499999999999
2289,640.2,642.4,0.3599,0,0.06575342465753424,-0.25096367232878414,2240.0,641.3
2290,630.3,632.5,0.3657,0,0.06575342465753424,-0.2465093219794039,2250.0,631.4
2291,620.4,622.6,0.3686,0,0.06575342465753424,-0.2420747249115382,2260.0,621.5
2292,610.4,612.6,0.3611,0,0.06575342465753424,-0.23765970670242131,2270.0,611.5
2293,605.5,607.7,0.3667,0,0.06575342465753424,-0.23545948579281892,2275.0,606.6
2294,600.4,602.6,0.3534,0,0.06575342465753424,-0.2332640952293833,2280.0,601.5
2295,590.4,592.6,0.3456,0,0.06575342465753424,-0.22888772062958446,2290.0,591.5
2296,580.5,582.8,0.3523,0,0.06575342465753424,-0.22453041526062864,2300.0,581.65
2297,570.5,572.7,0.3404,0,0.06575342465753424,-0.22019201366203053,2310.0,571.6
2298,560.6,562.8,0.3415,0,0.06575342465753424,-0.21587235251751405,2320.0,561.7
2299,555.6,557.8,0.3378,0,0.06575342465753424,-0.21371949915641303,2325.0,556.7
2300,550.6,552.7,0.3301,0,0.06575342465753424,-0.21157127061812347,2330.0,551.6500000000001
2301,540.7,543.0,0.3377,0,0.06575342465753424,-0.20728860882612268,2340.0,541.85
2302,530.6,532.8,0.3196,0,0.06575342465753424,-0.20302421003966506,2350.0,531.7
2303,520.8,523.0,0.3266,0,0.06575342465753424,-0.198777919158214,2360.0,521.9
2304,510.8,513.0,0.3194,0,0.06575342465753424,-0.1945495830486928,2370.0,511.9
2305,505.7,507.9,0.309,0,0.06575342465753424,-0.19244210070912812,2375.0,506.79999999999995
2306,500.8,503.0,0.3123,0,0.06575342465753424,-0.19033905051234934,2380.0,501.9
2307,495.7,498.0,0.3055,0,0.06575342465753424,-0.18824041385542817,2385.0,496.85
2308,490.9,493.2,0.3139,0,0.06575342465753424,-0.18614617225231345,2390.0,492.04999999999995
2309,485.7,488.0,0.2983,0,0.06575342465753424,-0.18405630733285408,2395.0,486.85
2310,480.9,483.1,0.3041,0,0.06575342465753424,-0.1819708008418327,2400.0,482.0
2311,476.0,478.2,0.306,0,0.06575342465753424,-0.17988963463800817,2405.0,477.1
2312,470.8,473.1,0.2942,0,0.06575342465753424,-0.17781279069316908,2410.0,471.95000000000005
2313,465.8,468.1,0.2907,0,0.06575342465753424,-0.17574025109119673,2415.0,466.95000000000005
2314,461.1,463.4,0.3027,0,0.06575342465753424,-0.1736719980271376,2420.0,462.25
2315,456.1,458.3,0.2968,0,0.06575342465753424,-0.17160801380628612,2425.0,457.20000000000005
2316,451.1,453.3,0.2933,0,0.06575342465753424,-0.16954828084327558,2430.0,452.20000000000005
2317,446.2,448.5,0.2966,0,0.06575342465753424,-0.1674927816611796,2435.0,447.35
2318,441.1,443.3,0.2864,0,0.06575342465753424,-0.16544149889062224,2440.0,442.20000000000005
2319,436.2,438.4,0.2875,0,0.06575342465753424,-0.16339441526889728,2445.0,437.29999999999995
2320,431.1,433.4,0.2818,10,0.06575342465753424,-0.16135151363909703,2450.0,432.25
2321,426.3,428.6,0.2866,0,0.06575342465753424,-0.15931277694924878,2455.0,427.45000000000005
2322,421.4,423.7,0.2869,0,0.06575342465753424,-0.15727818825146125,2460.0,422.54999999999995
2323,416.3,418.5,0.2778,0,0.06575342465753424,-0.1552477307010793,2465.0,417.4
2324,411.4,413.6,0.278,1,0.06575342465753424,-0.1532213875558468,2470.0,412.5
2325,406.5,408.7,0.2782,0,0.06575342465753424,-0.15119914217507902,2475.0,407.6
2326,401.5,403.7,0.2747,0,0.06575342465753424,-0.14918097801884186,2480.0,402.6
2327,396.6,398.9,0.2763,0,0.06575342465753424,-0.14716687864714065,2485.0,397.75
2328,391.6,393.8,0.2712,0,0.06575342465753424,-0.14515682771911648,2490.0,392.70000000000005
2329,386.7,389.0,0.2724,0,0.06575342465753424,-0.14315080899225063,2495.0,387.85
2330,381.7,383.9,0.2674,11,0.06575342465753424,-0.14114880632157759,2500.0,382.79999999999995
2331,376.8,379.1,0.2682,0,0.06575342465753424,-0.13915080365890456,2505.0,377.95000000000005
2332,371.7,373.9,0.2604,1,0.06575342465753424,-0.13715678505204018,2510.0,372.79999999999995
2333,366.9,369.2,0.264,0,0.06575342465753424,-0.1351667346440302,2515.0,368.04999999999995
2334,361.9,364.1,0.2591,0,0.06575342465753424,-0.13318063667240068,2520.0,363.0
2335,356.9,359.1,0.2557,1,0.06575342465753424,-0.1311984754684095,2525.0,358.0
2336,352.0,354.2,0.2548,0,0.06575342465753424,-0.1292202354563038,2530.0,353.1
2337,347.0,349.2,0.2513,0,0.06575342465753424,-0.12724590115258622,2535.0,348.1
2338,342.2,344.5,0.254,0,0.06575342465753424,-0.1252754571652875,2540.0,343.35
2339,337.2,339.4,0.2493,3,0.06575342465753424,-0.12330888819324655,2545.0,338.29999999999995
2340,332.2,334.4,0.2457,256,0.06575342465753424,-0.12134617902539786,2550.0,333.29999999999995
2341,327.4,329.5,0.2456,0,0.06575342465753424,-0.11938731454006492,2555.0,328.45
2342,322.4,324.6,0.2432,0,0.06575342465753424,-0.11743227970426158,2560.0,323.5
2343,317.3,319.6,0.2386,3,0.06575342465753424,-0.11548105957299987,2565.0,318.45000000000005
2344,312.5,314.7,0.2382,0,0.06575342465753424,-0.11353363928860419,2570.0,313.6
2345,307.6,309.8,0.2366,0,0.06575342465753424,-0.11159000408003318,2575.0,308.70000000000005
2346,302.7,304.9,0.235,0,0.06575342465753424,-0.10965013926220661,2580.0,303.79999999999995
2347,297.9,300.1,0.2351,0,0.06575342465753424,-0.10771403023534024,2585.0,299.0
2348,292.9,295.1,0.2315,0,0.06575342465753424,-0.10578166248428633,2590.0,294.0
2349,288.0,289.9,0.227,0,0.06575342465753424,-0.10385302157788065,2595.0,288.95
2350,283.1,285.0,0.2252,7,0.06575342465753424,-0.10192809316829628,2600.0,284.05
2351,278.2,280.1,0.2232,0,0.06575342465753424,-0.10000686299040243,2605.0,279.15
2352,273.3,275.1,0.2204,0,0.06575342465753424,-0.09808931686113065,2610.0,274.20000000000005
2353,268.6,270.3,0.2207,0,0.06575342465753424,-0.0961754406788465,2615.0,269.45000000000005
2354,263.5,265.4,0.217,0,0.06575342465753424,-0.09426522042272713,2620.0,264.45
2355,258.6,260.5,0.2149,0,0.06575342465753424,-0.09235864215214558,2625.0,259.55
2356,254.0,255.7,0.2154,0,0.06575342465753424,-0.09045569200605948,2630.0,254.85
2357,248.9,250.7,0.211,0,0.06575342465753424,-0.08855635620240704,2635.0,249.8
2358,244.1,245.9,0.21,536,0.06575342465753424,-0.08666062103750792,2640.0,245.0
2359,239.2,241.0,0.2075,0,0.06575342465753424,-0.08476847288546992,2645.0,240.1
2360,234.5,236.2,0.2069,15,0.06575342465753424,-0.0828798981976018,2650.0,235.35
2361,229.5,231.4,0.2043,0,0.06575342465753424,-0.08099488350183051,2655.0,230.45
2362,224.7,226.6,0.2028,0,0.06575342465753424,-0.07911341540212498,2660.0,225.64999999999998
2363,220.0,221.6,0.2006,1,0.06575342465753424,-0.07723548057792484,2665.0,220.8
2364,215.2,216.8,0.1989,1,0.06575342465753424,-0.07536106578357445,2670.0,216.0
2365,210.2,212.0,0.1961,3,0.06575342465753424,-0.07349015784776276,2675.0,211.1
2366,205.4,207.2,0.1942,7,0.06575342465753424,-0.07162274367296735,2680.0,206.3
2367,200.6,202.4,0.1922,0,0.06575342465753424,-0.06975881023490467,2685.0,201.5
2368,195.9,197.5,0.1902,0,0.06575342465753424,-0.06789834458198497,2690.0,196.7
2369,191.0,192.9,0.1885,10,0.06575342465753424,-0.06604133383477213,2695.0,191.95
2370,186.3,188.1,0.1866,27,0.06575342465753424,-0.06418776518544925,2700.0,187.2
2371,181.6,183.2,0.1843,1,0.06575342465753424,-0.062337625897287814,2705.0,182.39999999999998
2372,176.9,178.5,0.1827,0,0.06575342465753424,-0.06049090330412315,2710.0,177.7
2373,172.1,173.8,0.1805,3,0.06575342465753424,-0.058647584809833946,2715.0,172.95
2374,167.5,169.0,0.1787,1,0.06575342465753424,-0.05680765788782678,2720.0,168.25
2375,162.7,164.3,0.1763,359,0.06575342465753424,-0.054971110080525236,2725.0,163.5
2376,158.0,159.7,0.1746,83,0.06575342465753424,-0.0531379289988643,2730.0,158.85
2377,153.4,154.9,0.1724,79,0.06575342465753424,-0.05130810232178815,2735.0,154.15
2378,148.7,150.4,0.1708,55,0.06575342465753424,-0.04948161779575385,2740.0,149.55
2379,144.0,145.6,0.168,26,0.06575342465753424,-0.04765846323423877,2745.0,144.8
2380,139.5,141.0,0.1664,111,0.06575342465753424,-0.045838626517252706,2750.0,140.25
2381,135.0,136.4,0.1647,84,0.06575342465753424,-0.04402209559085485,2755.0,135.7
2382,130.3,131.8,0.1622,99,0.06575342465753424,-0.04220885846667405,2760.0,131.05
2383,125.8,127.2,0.1601,79,0.06575342465753424,-0.04039890322143458,2765.0,126.5
2384,121.2,122.7,0.1579,50,0.06575342465753424,-0.038592217996485594,2770.0,121.95
2385,116.7,118.2,0.1559,94,0.06575342465753424,-0.0367887909973348,2775.0,117.45
2386,112.3,113.7,0.1539,151,0.06575342465753424,-0.03498861049318696,2780.0,113.0
2387,107.8,109.3,0.1518,32,0.06575342465753424,-0.03319166481648533,2785.0,108.55
2388,103.5,104.8,0.1498,25,0.06575342465753424,-0.03139794236245844,2790.0,104.15
2389,99.1,100.4,0.1476,116,0.06575342465753424,-0.02960743158867024,2795.0,99.75
2390,94.8,96.1,0.1456,503,0.06575342465753424,-0.027820121014574394,2800.0,95.44999999999999
2391,90.5,91.9,0.1438,146,0.06575342465753424,-0.026035999221073018,2805.0,91.2
2392,86.3,87.6,0.1417,109,0.06575342465753424,-0.02425505485007828,2810.0,86.94999999999999
2393,82.5,82.9,0.1394,111,0.06575342465753424,-0.022477276604078996,2815.0,82.7
2394,78.4,78.8,0.1375,182,0.06575342465753424,-0.020702653245710502,2820.0,78.6
2395,74.3,74.7,0.1354,757,0.06575342465753424,-0.018931173597328366,2825.0,74.5
2396,70.2,70.6,0.1331,240,0.06575342465753424,-0.017162826540586398,2830.0,70.4
2397,66.3,66.7,0.1313,326,0.06575342465753424,-0.015397601016017283,2835.0,66.5
2398,62.4,62.8,0.1292,275,0.06575342465753424,-0.013635486022618026,2840.0,62.599999999999994
2399,58.5,58.9,0.1269,248,0.06575342465753424,-0.011876470617438477,2845.0,58.7
2400,54.8,55.2,0.125,3863,0.06575342465753424,-0.010120543915173473,2850.0,55.0
2401,51.1,51.5,0.1229,356,0.06575342465753424,-0.008367695087759114,2855.0,51.3
2402,47.5,47.9,0.1208,1166,0.06575342465753424,-0.006617913363971453,2860.0,47.7
2403,44.1,44.4,0.1189,403,0.06575342465753424,-0.00487118802902981,2865.0,44.25
2404,40.7,41.1,0.117,714,0.06575342465753424,-0.0031275084242029776,2870.0,40.900000000000006
2405,37.4,37.8,0.1149,398,0.06575342465753424,-0.0013868639464188668,2875.0,37.599999999999994
2406,34.3,34.7,0.1131,857,0.06575342465753424,0.0003507559521219104,2880.0,34.5
2407,31.3,31.7,0.1113,461,0.06575342465753424,0.0020853617643302107,2885.0,31.5
2408,28.4,28.8,0.1094,653,0.06575342465753424,0.003816963928608097,2890.0,28.6
2409,25.7,26.1,0.1077,303,0.06575342465753424,0.005545572829225849,2895.0,25.9
2410,23.2,23.5,0.1061,9620,0.06575342465753424,0.007271198796695605,2900.0,23.35
2411,20.8,21.1,0.1046,556,0.06575342465753424,0.00899385210814179,2905.0,20.950000000000003
2412,18.5,18.8,0.1029,247,0.06575342465753424,0.010713542987668584,2910.0,18.65
2413,16.4,16.7,0.1014,652,0.06575342465753424,0.012430281606723118,2915.0,16.549999999999997
2414,14.5,14.7,0.1,2060,0.06575342465753424,0.014144078084457773,2920.0,14.6
2415,12.7,12.9,0.0986,3010,0.06575342465753424,0.01585494248808719,2925.0,12.8
2416,11.0,11.3,0.0973,15279,0.06575342465753424,0.017562884833243288,2930.0,11.15
2417,9.6,9.8,0.0962,1899,0.06575342465753424,0.0192679150843271,2935.0,9.7
2418,8.2,8.5,0.0949,840,0.06575342465753424,0.02097004315485755,2940.0,8.35
2419,7.0,7.3,0.0938,354,0.06575342465753424,0.022669278907817315,2945.0,7.15
2420,6.0,6.2,0.0928,4591,0.06575342465753424,0.02436563215599572,2950.0,6.1
2421,5.0,5.3,0.0918,15422,0.06575342465753424,0.026059112662328764,2955.0,5.15
2422,4.3,4.5,0.0913,457,0.06575342465753424,0.027749730140236226,2960.0,4.4
2423,3.6,3.8,0.0905,212,0.06575342465753424,0.02943749425395619,2965.0,3.7
2424,3.0,3.2,0.0899,3464,0.06575342465753424,0.031122414618875646,2970.0,3.1
2425,2.55,2.7,0.0897,1523,0.06575342465753424,0.03280450080186045,2975.0,2.625
2426,2.15,2.25,0.0893,1185,0.06575342465753424,0.03448376232158044,2980.0,2.2
2427,1.8,1.9,0.0891,147,0.06575342465753424,0.036160208648832744,2985.0,1.85
2428,1.5,1.65,0.0893,559,0.06575342465753424,0.03783384920686237,2990.0,1.575
2429,1.25,1.4,0.0893,205,0.06575342465753424,0.03950469337167996,2995.0,1.325
2430,1.05,1.2,0.0895,4584,0.06575342465753424,0.04117275047237696,3000.0,1.125
2431,0.9,1.0,0.0896,154,0.06575342465753424,0.04283802979143815,3005.0,0.95
2432,0.75,0.9,0.0903,548,0.06575342465753424,0.04450054056505159,3010.0,0.825
2433,0.65,0.75,0.0906,50,0.06575342465753424,0.04616029198341618,3015.0,0.7
2434,0.55,0.65,0.0911,34,0.06575342465753424,0.04781729319104567,3020.0,0.6000000000000001
2435,0.45,0.6,0.0918,1327,0.06575342465753424,0.04947155328707216,3025.0,0.525
2436,0.4,0.5,0.0923,58,0.06575342465753424,0.051123081325545126,3030.0,0.45
2437,0.35,0.45,0.0933,10,0.06575342465753424,0.05277188631572892,3035.0,0.4
2438,0.3,0.4,0.0941,36,0.06575342465753424,0.05441797722239764,3040.0,0.35
2439,0.25,0.4,0.0956,66,0.06575342465753424,0.05606136296612764,3045.0,0.325
2440,0.2,0.35,0.0958,124,0.06575342465753424,0.05770205242358753,3050.0,0.275
2441,0.2,0.3,0.097,0,0.06575342465753424,0.059340054427825896,3055.0,0.25
2442,0.15,0.3,0.0982,20,0.06575342465753424,0.06097537776855663,3060.0,0.22499999999999998
2443,0.15,0.3,0.1006,0,0.06575342465753424,0.06260803119244214,3065.0,0.22499999999999998
2444,0.15,0.25,0.1013,26,0.06575342465753424,0.06423802340337319,3070.0,0.2
2445,0.1,0.25,0.1021,100,0.06575342465753424,0.06586536306274857,3075.0,0.175
2446,0.1,0.25,0.1044,6,0.06575342465753424,0.06749005878975045,3080.0,0.175
2447,0.1,0.2,0.1047,25,0.06575342465753424,0.06911211916161847,3085.0,0.15000000000000002
2448,0.05,0.2,0.1047,6,0.06575342465753424,0.07073155271392141,3090.0,0.125
2449,0.05,0.2,0.1068,0,0.06575342465753424,0.07234836794082672,3095.0,0.125
2450,0.05,0.2,0.1089,403,0.06575342465753424,0.07396257329536783,3100.0,0.125
2451,0.05,0.2,0.1112,0,0.06575342465753424,0.07557417718970934,3105.0,0.125
2452,0.05,0.15,0.1108,0,0.06575342465753424,0.07718318799541,3110.0,0.1
2453,0.05,0.15,0.1147,0,0.06575342465753424,0.08039346362565838,3120.0,0.1
2454,0.05,0.15,0.1168,4,0.06575342465753424,0.08199474499263221,3125.0,0.1
2455,0.0,0.15,0.1234,159,0.06575342465753424,0.08996291464180897,3150.0,0.075
2456,0.0,0.1,0.1286,0,0.06575342465753424,0.09786809414892235,3175.0,0.05
2457,0.0,0.1,0.1379,30,0.06575342465753424,0.10571127160994814,3200.0,0.05
2458,0.0,0.1,0.1565,0,0.06575342465753424,0.1212154581459134,3250.0,0.05
2459,0.0,0.1,0.1746,265,0.06575342465753424,0.13648293027670183,3300.0,0.05
2460,0.0,0.05,0.1971,0,0.06575342465753424,0.166335893426383,3400.0,0.025
2461,0.0,0.05,0.2285,0,0.06575342465753424,0.19532343029963528,3500.0,0.025
2462,0.0,0.05,0.259,0,0.06575342465753424,0.22349430726633163,3600.0,0.025
2463,1074.1,1085.5,0.0,0,0.07397260273972603,-0.4696528732936137,1800.0,1079.8
2464,973.9,985.3,0.0,0,0.07397260273972603,-0.4155856520233379,1900.0,979.5999999999999
2465,924.3,935.7,0.0,0,0.07397260273972603,-0.3896101656200773,1950.0,930.0
2466,879.5,881.6,0.4566,0,0.07397260273972603,-0.3642923576357874,2000.0,880.55
2467,829.7,831.9,0.4597,0,0.07397260273972603,-0.33959974504541585,2050.0,830.8
2468,779.6,781.8,0.3918,0,0.07397260273972603,-0.3155021934663554,2100.0,780.7
2469,729.8,732.0,0.3884,0,0.07397260273972603,-0.29197169605616125,2150.0,730.9
2470,680.0,682.2,0.3748,0,0.07397260273972603,-0.2689821778314625,2200.0,681.1
2471,630.1,632.3,0.3474,0,0.07397260273972603,-0.2465093219794039,2250.0,631.2
2472,580.3,582.5,0.3295,0,0.07397260273972603,-0.22453041526062864,2300.0,581.4
2473,555.4,557.6,0.3195,0,0.07397260273972603,-0.21371949915641303,2325.0,556.5
2474,530.6,532.9,0.318,0,0.07397260273972603,-0.20302421003966506,2350.0,531.75
2475,505.6,507.8,0.298,0,0.07397260273972603,-0.19244210070912812,2375.0,506.70000000000005
2476,480.8,483.0,0.2917,0,0.07397260273972603,-0.1819708008418327,2400.0,481.9
2477,456.0,458.2,0.2839,0,0.07397260273972603,-0.17160801380628612,2425.0,457.1
2478,431.2,433.4,0.2749,0,0.07397260273972603,-0.16135151363909703,2450.0,432.29999999999995
2479,406.4,408.6,0.265,0,0.07397260273972603,-0.15119914217507902,2475.0,407.5
2480,381.7,383.9,0.257,0,0.07397260273972603,-0.14114880632157759,2500.0,382.79999999999995
2481,356.9,359.1,0.2454,0,0.07397260273972603,-0.1311984754684095,2525.0,358.0
2482,332.4,334.7,0.2403,0,0.07397260273972603,-0.12134617902539786,2550.0,333.54999999999995
2483,322.4,324.6,0.2326,0,0.07397260273972603,-0.11743227970426158,2560.0,323.5
2484,312.7,314.8,0.2304,0,0.07397260273972603,-0.11353363928860419,2570.0,313.75
2485,307.8,310.0,0.2295,0,0.07397260273972603,-0.11159000408003318,2575.0,308.9
2486,302.9,305.1,0.2278,0,0.07397260273972603,-0.10965013926220661,2580.0,304.0
2487,293.0,295.2,0.2225,0,0.07397260273972603,-0.10578166248428633,2590.0,294.1
2488,283.2,285.3,0.2179,0,0.07397260273972603,-0.10192809316829628,2600.0,284.25
2489,273.5,275.6,0.2152,0,0.07397260273972603,-0.09808931686113065,2610.0,274.55
2490,263.6,265.8,0.2102,0,0.07397260273972603,-0.09426522042272713,2620.0,264.70000000000005
2491,258.8,261.0,0.2093,0,0.07397260273972603,-0.09235864215214558,2625.0,259.9
2492,254.0,256.1,0.2076,0,0.07397260273972603,-0.09045569200605948,2630.0,255.05
2493,244.2,246.3,0.2028,0,0.07397260273972603,-0.08666062103750792,2640.0,245.25
2494,234.6,236.7,0.2001,0,0.07397260273972603,-0.0828798981976018,2650.0,235.64999999999998
2495,225.0,227.1,0.1969,0,0.07397260273972603,-0.07911341540212498,2660.0,226.05
2496,215.3,217.3,0.1919,0,0.07397260273972603,-0.07536106578357445,2670.0,216.3
2497,210.5,212.5,0.1901,0,0.07397260273972603,-0.07349015784776276,2675.0,211.5
2498,205.6,207.7,0.1877,0,0.07397260273972603,-0.07162274367296735,2680.0,206.64999999999998
2499,196.1,198.1,0.184,0,0.07397260273972603,-0.06789834458198497,2690.0,197.1
2500,186.6,188.6,0.1803,0,0.07397260273972603,-0.06418776518544925,2700.0,187.6
2501,181.9,183.9,0.1788,0,0.07397260273972603,-0.062337625897287814,2705.0,182.9
2502,177.1,179.1,0.1763,0,0.07397260273972603,-0.06049090330412315,2710.0,178.1
2503,172.5,174.5,0.1752,0,0.07397260273972603,-0.058647584809833946,2715.0,173.5
2504,167.7,169.7,0.1726,0,0.07397260273972603,-0.05680765788782678,2720.0,168.7
2505,163.1,165.1,0.1713,0,0.07397260273972603,-0.054971110080525236,2725.0,164.1
2506,158.3,160.3,0.1685,0,0.07397260273972603,-0.0531379289988643,2730.0,159.3
2507,153.8,155.7,0.1673,0,0.07397260273972603,-0.05130810232178815,2735.0,154.75
2508,149.1,151.1,0.1652,0,0.07397260273972603,-0.04948161779575385,2740.0,150.1
2509,144.5,146.4,0.1631,0,0.07397260273972603,-0.04765846323423877,2745.0,145.45
2510,139.9,141.8,0.1611,0,0.07397260273972603,-0.045838626517252706,2750.0,140.85000000000002
2511,135.4,137.3,0.1596,0,0.07397260273972603,-0.04402209559085485,2755.0,136.35000000000002
2512,130.9,132.7,0.1577,0,0.07397260273972603,-0.04220885846667405,2760.0,131.8
2513,126.3,128.1,0.1554,0,0.07397260273972603,-0.04039890322143458,2765.0,127.19999999999999
2514,121.8,123.7,0.1537,2,0.07397260273972603,-0.038592217996485594,2770.0,122.75
2515,117.3,119.1,0.1513,0,0.07397260273972603,-0.0367887909973348,2775.0,118.19999999999999
2516,112.8,114.6,0.1491,2,0.07397260273972603,-0.03498861049318696,2780.0,113.69999999999999
2517,108.5,110.3,0.1477,0,0.07397260273972603,-0.03319166481648533,2785.0,109.4
2518,104.1,105.8,0.1454,0,0.07397260273972603,-0.03139794236245844,2790.0,104.94999999999999
2519,99.8,101.4,0.1434,0,0.07397260273972603,-0.02960743158867024,2795.0,100.6
2520,95.4,97.1,0.1413,10,0.07397260273972603,-0.027820121014574394,2800.0,96.25
2521,91.3,92.9,0.1398,10,0.07397260273972603,-0.026035999221073018,2805.0,92.1
2522,87.0,88.5,0.1373,0,0.07397260273972603,-0.02425505485007828,2810.0,87.75
2523,83.3,83.8,0.1352,0,0.07397260273972603,-0.022477276604078996,2815.0,83.55
2524,79.2,79.6,0.1331,0,0.07397260273972603,-0.020702653245710502,2820.0,79.4
2525,75.1,75.6,0.1313,0,0.07397260273972603,-0.018931173597328366,2825.0,75.35
2526,71.1,71.6,0.1293,0,0.07397260273972603,-0.017162826540586398,2830.0,71.35
2527,67.1,67.6,0.1272,0,0.07397260273972603,-0.015397601016017283,2835.0,67.35
2528,63.2,63.7,0.1252,2,0.07397260273972603,-0.013635486022618026,2840.0,63.45
2529,59.4,59.9,0.1233,0,0.07397260273972603,-0.011876470617438477,2845.0,59.65
2530,55.7,56.2,0.1214,10,0.07397260273972603,-0.010120543915173473,2850.0,55.95
2531,52.1,52.5,0.1195,0,0.07397260273972603,-0.008367695087759114,2855.0,52.3
2532,48.5,48.9,0.1175,0,0.07397260273972603,-0.006617913363971453,2860.0,48.7
2533,45.0,45.5,0.1156,12,0.07397260273972603,-0.00487118802902981,2865.0,45.25
2534,41.7,42.1,0.1138,12,0.07397260273972603,-0.0031275084242029776,2870.0,41.900000000000006
2535,38.4,38.9,0.1119,12,0.07397260273972603,-0.0013868639464188668,2875.0,38.65
2536,35.3,35.7,0.1101,15,0.07397260273972603,0.0003507559521219104,2880.0,35.5
2537,32.3,32.7,0.1083,50,0.07397260273972603,0.0020853617643302107,2885.0,32.5
2538,29.4,29.9,0.1067,66,0.07397260273972603,0.003816963928608097,2890.0,29.65
2539,26.7,27.1,0.105,30,0.07397260273972603,0.005545572829225849,2895.0,26.9
2540,24.1,24.5,0.1033,882,0.07397260273972603,0.007271198796695605,2900.0,24.3
2541,21.7,22.1,0.1019,16,0.07397260273972603,0.00899385210814179,2905.0,21.9
2542,19.4,19.8,0.1004,24,0.07397260273972603,0.010713542987668584,2910.0,19.6
2543,17.3,17.7,0.0991,25,0.07397260273972603,0.012430281606723118,2915.0,17.5
2544,15.4,15.7,0.0979,75,0.07397260273972603,0.014144078084457773,2920.0,15.55
2545,13.5,13.9,0.0965,187,0.07397260273972603,0.01585494248808719,2925.0,13.7
2546,11.8,12.2,0.0952,338,0.07397260273972603,0.017562884833243288,2930.0,12.0
2547,10.3,10.7,0.0941,38,0.07397260273972603,0.0192679150843271,2935.0,10.5
2548,8.9,9.3,0.0929,31,0.07397260273972603,0.02097004315485755,2940.0,9.100000000000001
2549,7.7,8.1,0.0921,45,0.07397260273972603,0.022669278907817315,2945.0,7.9
2550,6.6,6.9,0.0909,37,0.07397260273972603,0.02436563215599572,2950.0,6.75
2551,5.6,6.0,0.0902,1433,0.07397260273972603,0.026059112662328764,2955.0,5.8
2552,4.8,5.1,0.0894,46,0.07397260273972603,0.027749730140236226,2960.0,4.949999999999999
2553,4.1,4.4,0.089,0,0.07397260273972603,0.02943749425395619,2965.0,4.25
2554,3.4,3.7,0.0881,67,0.07397260273972603,0.031122414618875646,2970.0,3.55
2555,2.95,3.2,0.0881,71,0.07397260273972603,0.03280450080186045,2975.0,3.075
2556,2.45,2.65,0.0873,8,0.07397260273972603,0.03448376232158044,2980.0,2.55
2557,1.75,1.95,0.0872,23,0.07397260273972603,0.03783384920686237,2990.0,1.85
2558,1.25,1.4,0.0872,155,0.07397260273972603,0.04117275047237696,3000.0,1.325
2559,0.85,1.05,0.0874,0,0.07397260273972603,0.04450054056505159,3010.0,0.95
2560,0.65,0.8,0.0886,5,0.07397260273972603,0.04781729319104567,3020.0,0.7250000000000001
2561,0.55,0.7,0.0891,0,0.07397260273972603,0.04947155328707216,3025.0,0.625
2562,0.45,0.6,0.0892,105,0.07397260273972603,0.051123081325545126,3030.0,0.525
2563,0.25,0.4,0.0925,1,0.07397260273972603,0.05770205242358753,3050.0,0.325
2564,0.1,0.3,0.0977,25,0.07397260273972603,0.06586536306274857,3075.0,0.2
2565,0.05,0.2,0.1029,4,0.07397260273972603,0.07396257329536783,3100.0,0.125
2566,0.0,0.2,0.1102,4,0.07397260273972603,0.08199474499263221,3125.0,0.1
2567,0.0,0.15,0.1164,0,0.07397260273972603,0.08996291464180897,3150.0,0.075
2568,0.0,0.1,0.1214,0,0.07397260273972603,0.09786809414892235,3175.0,0.05
2569,0.0,0.1,0.1303,0,0.07397260273972603,0.10571127160994814,3200.0,0.05
2570,0.0,0.1,0.1477,0,0.07397260273972603,0.1212154581459134,3250.0,0.05
2571,0.0,0.1,0.1646,0,0.07397260273972603,0.13648293027670183,3300.0,0.05
2572,1072.8,1088.9,0.6458,0,0.07945205479452055,-0.4696528732936137,1800.0,1080.85
2573,973.1,989.2,0.5874,0,0.07945205479452055,-0.4155856520233379,1900.0,981.1500000000001
2574,923.2,939.3,0.5543,0,0.07945205479452055,-0.3896101656200773,1950.0,931.25
2575,879.9,881.8,0.4662,0,0.07945205479452055,-0.3642923576357874,2000.0,880.8499999999999
2576,830.1,831.9,0.4453,0,0.07945205479452055,-0.33959974504541585,2050.0,831.0
2577,780.2,782.1,0.4229,0,0.07945205479452055,-0.3155021934663554,2100.0,781.1500000000001
2578,730.3,732.2,0.3945,0,0.07945205479452055,-0.29197169605616125,2150.0,731.25
2579,680.3,682.2,0.3549,0,0.07945205479452055,-0.2689821778314625,2200.0,681.25
2580,630.6,632.5,0.348,0,0.07945205479452055,-0.2465093219794039,2250.0,631.55
2581,580.8,582.6,0.324,0,0.07945205479452055,-0.22453041526062864,2300.0,581.7
2582,556.0,557.9,0.3224,0,0.07945205479452055,-0.21371949915641303,2325.0,556.95
2583,531.1,533.1,0.3133,0,0.07945205479452055,-0.20302421003966506,2350.0,532.1
2584,506.3,508.2,0.3034,0,0.07945205479452055,-0.19244210070912812,2375.0,507.25
2585,481.3,483.2,0.2869,0,0.07945205479452055,-0.1819708008418327,2400.0,482.25
2586,456.5,458.4,0.2785,0,0.07945205479452055,-0.17160801380628612,2425.0,457.45
2587,431.9,433.8,0.2754,0,0.07945205479452055,-0.16135151363909703,2450.0,432.85
2588,407.1,409.1,0.2659,0,0.07945205479452055,-0.15119914217507902,2475.0,408.1
2589,382.4,384.4,0.2567,0,0.07945205479452055,-0.14114880632157759,2500.0,383.4
2590,357.6,359.5,0.2435,0,0.07945205479452055,-0.1311984754684095,2525.0,358.55
2591,333.0,334.9,0.2347,0,0.07945205479452055,-0.12134617902539786,2550.0,333.95
2592,313.3,315.3,0.2274,0,0.07945205479452055,-0.11353363928860419,2570.0,314.3
2593,308.4,310.4,0.2256,0,0.07945205479452055,-0.11159000408003318,2575.0,309.4
2594,303.6,305.5,0.2245,0,0.07945205479452055,-0.10965013926220661,2580.0,304.55
2595,293.8,295.7,0.2206,0,0.07945205479452055,-0.10578166248428633,2590.0,294.75
2596,284.2,286.1,0.2192,0,0.07945205479452055,-0.10192809316829628,2600.0,285.15
2597,274.4,276.4,0.2154,0,0.07945205479452055,-0.09808931686113065,2610.0,275.4
2598,264.7,266.6,0.2114,0,0.07945205479452055,-0.09426522042272713,2620.0,265.65
2599,259.7,261.7,0.2085,0,0.07945205479452055,-0.09235864215214558,2625.0,260.7
2600,255.0,256.8,0.2072,0,0.07945205479452055,-0.09045569200605948,2630.0,255.9
2601,245.3,247.2,0.2038,0,0.07945205479452055,-0.08666062103750792,2640.0,246.25
2602,235.6,237.4,0.1992,0,0.07945205479452055,-0.0828798981976018,2650.0,236.5
2603,226.0,228.0,0.1966,0,0.07945205479452055,-0.07911341540212498,2660.0,227.0
2604,216.4,218.2,0.192,0,0.07945205479452055,-0.07536106578357445,2670.0,217.3
2605,211.6,213.4,0.19,0,0.07945205479452055,-0.07349015784776276,2675.0,212.5
2606,206.8,208.6,0.1879,0,0.07945205479452055,-0.07162274367296735,2680.0,207.7
2607,197.3,199.1,0.1843,0,0.07945205479452055,-0.06789834458198497,2690.0,198.2
2608,187.8,189.6,0.1804,0,0.07945205479452055,-0.06418776518544925,2700.0,188.7
2609,178.4,180.2,0.1768,0,0.07945205479452055,-0.06049090330412315,2710.0,179.3
2610,173.8,175.7,0.1759,0,0.07945205479452055,-0.058647584809833946,2715.0,174.75
2611,169.0,170.8,0.1729,0,0.07945205479452055,-0.05680765788782678,2720.0,169.9
2612,164.4,166.2,0.1714,0,0.07945205479452055,-0.054971110080525236,2725.0,165.3
2613,159.8,161.6,0.1698,0,0.07945205479452055,-0.0531379289988643,2730.0,160.7
2614,155.2,156.9,0.1677,0,0.07945205479452055,-0.05130810232178815,2735.0,156.05
2615,150.6,152.4,0.1662,0,0.07945205479452055,-0.04948161779575385,2740.0,151.5
2616,146.0,147.8,0.1642,0,0.07945205479452055,-0.04765846323423877,2745.0,146.9
2617,141.4,143.2,0.1621,0,0.07945205479452055,-0.045838626517252706,2750.0,142.3
2618,136.9,138.7,0.1605,0,0.07945205479452055,-0.04402209559085485,2755.0,137.8
2619,132.3,134.1,0.1582,0,0.07945205479452055,-0.04220885846667405,2760.0,133.2
2620,127.8,129.6,0.1562,0,0.07945205479452055,-0.04039890322143458,2765.0,128.7
2621,123.3,125.0,0.154,0,0.07945205479452055,-0.038592217996485594,2770.0,124.15
2622,118.9,120.6,0.1523,0,0.07945205479452055,-0.0367887909973348,2775.0,119.75
2623,114.4,116.1,0.15,0,0.07945205479452055,-0.03498861049318696,2780.0,115.25
2624,110.2,111.8,0.1486,0,0.07945205479452055,-0.03319166481648533,2785.0,111.0
2625,105.7,107.3,0.1461,0,0.07945205479452055,-0.03139794236245844,2790.0,106.5
2626,101.4,103.0,0.1442,0,0.07945205479452055,-0.02960743158867024,2795.0,102.2
2627,97.2,98.7,0.1424,0,0.07945205479452055,-0.027820121014574394,2800.0,97.95
2628,93.0,94.5,0.1406,0,0.07945205479452055,-0.026035999221073018,2805.0,93.75
2629,89.3,89.9,0.1388,0,0.07945205479452055,-0.02425505485007828,2810.0,89.6
2630,85.2,85.7,0.1369,0,0.07945205479452055,-0.022477276604078996,2815.0,85.45
2631,81.1,81.6,0.1349,0,0.07945205479452055,-0.020702653245710502,2820.0,81.35
2632,77.1,77.6,0.1332,0,0.07945205479452055,-0.018931173597328366,2825.0,77.35
2633,73.1,73.6,0.1312,0,0.07945205479452055,-0.017162826540586398,2830.0,73.35
2634,69.2,69.7,0.1293,0,0.07945205479452055,-0.015397601016017283,2835.0,69.45
2635,65.3,65.8,0.1273,0,0.07945205479452055,-0.013635486022618026,2840.0,65.55
2636,61.5,62.0,0.1253,0,0.07945205479452055,-0.011876470617438477,2845.0,61.75
2637,57.8,58.3,0.1235,0,0.07945205479452055,-0.010120543915173473,2850.0,58.05
2638,54.2,54.7,0.1217,0,0.07945205479452055,-0.008367695087759114,2855.0,54.45
2639,50.6,51.1,0.1196,0,0.07945205479452055,-0.006617913363971453,2860.0,50.85
2640,47.2,47.7,0.118,0,0.07945205479452055,-0.00487118802902981,2865.0,47.45
2641,43.8,44.3,0.116,0,0.07945205479452055,-0.0031275084242029776,2870.0,44.05
2642,40.6,41.1,0.1144,0,0.07945205479452055,-0.0013868639464188668,2875.0,40.85
2643,37.4,37.9,0.1124,0,0.07945205479452055,0.0003507559521219104,2880.0,37.65
2644,34.4,34.9,0.1107,0,0.07945205479452055,0.0020853617643302107,2885.0,34.65
2645,31.5,32.0,0.109,0,0.07945205479452055,0.003816963928608097,2890.0,31.75
2646,28.8,29.3,0.1076,0,0.07945205479452055,0.005545572829225849,2895.0,29.05
2647,26.2,26.6,0.1059,0,0.07945205479452055,0.007271198796695605,2900.0,26.4
2648,23.7,24.1,0.1044,0,0.07945205479452055,0.00899385210814179,2905.0,23.9
2649,21.3,21.8,0.1029,0,0.07945205479452055,0.010713542987668584,2910.0,21.55
2650,19.1,19.6,0.1015,0,0.07945205479452055,0.012430281606723118,2915.0,19.35
2651,17.1,17.5,0.1001,0,0.07945205479452055,0.014144078084457773,2920.0,17.3
2652,15.2,15.6,0.0988,0,0.07945205479452055,0.01585494248808719,2925.0,15.399999999999999
2653,13.4,13.8,0.0975,0,0.07945205479452055,0.017562884833243288,2930.0,13.600000000000001
2654,11.8,12.2,0.0963,0,0.07945205479452055,0.0192679150843271,2935.0,12.0
2655,10.3,10.8,0.0953,0,0.07945205479452055,0.02097004315485755,2940.0,10.55
2656,9.0,9.4,0.0942,0,0.07945205479452055,0.022669278907817315,2945.0,9.2
2657,7.8,8.2,0.0932,0,0.07945205479452055,0.02436563215599572,2950.0,8.0
2658,6.7,7.1,0.0922,0,0.07945205479452055,0.026059112662328764,2955.0,6.9
2659,5.8,6.1,0.0914,0,0.07945205479452055,0.027749730140236226,2960.0,5.949999999999999
2660,5.0,5.3,0.0909,0,0.07945205479452055,0.02943749425395619,2965.0,5.15
2661,4.3,4.6,0.0905,0,0.07945205479452055,0.031122414618875646,2970.0,4.449999999999999
2662,3.7,3.9,0.0899,0,0.07945205479452055,0.03280450080186045,2975.0,3.8
2663,3.1,3.4,0.0894,0,0.07945205479452055,0.03448376232158044,2980.0,3.25
2664,2.3,2.45,0.0889,0,0.07945205479452055,0.03783384920686237,2990.0,2.375
2665,1.6,1.8,0.0883,0,0.07945205479452055,0.04117275047237696,3000.0,1.7000000000000002
2666,1.2,1.35,0.0889,0,0.07945205479452055,0.04450054056505159,3010.0,1.275
2667,0.9,1.05,0.0898,0,0.07945205479452055,0.04781729319104567,3020.0,0.9750000000000001
2668,0.75,0.9,0.0898,0,0.07945205479452055,0.04947155328707216,3025.0,0.825
2669,0.7,0.8,0.0909,0,0.07945205479452055,0.051123081325545126,3030.0,0.75
2670,0.4,0.5,0.0933,0,0.07945205479452055,0.05770205242358753,3050.0,0.45
2671,0.2,0.35,0.0981,0,0.07945205479452055,0.06586536306274857,3075.0,0.275
2672,0.1,0.25,0.1031,0,0.07945205479452055,0.07396257329536783,3100.0,0.175
2673,0.05,0.2,0.1089,0,0.07945205479452055,0.08199474499263221,3125.0,0.125
2674,0.0,0.2,0.1155,0,0.07945205479452055,0.08996291464180897,3150.0,0.1
2675,0.0,0.15,0.1214,0,0.07945205479452055,0.09786809414892235,3175.0,0.075
2676,0.0,0.15,0.13,0,0.07945205479452055,0.10571127160994814,3200.0,0.075
2677,0.0,0.1,0.1424,0,0.07945205479452055,0.1212154581459134,3250.0,0.05
2678,0.0,0.1,0.1585,0,0.07945205479452055,0.13648293027670183,3300.0,0.05
2679,2070.6,2081.9,0.0,0,0.08493150684931507,-1.2805830895099424,800.0,2076.25
2680,1970.8,1982.2,0.0,0,0.08493150684931507,-1.162800053853559,900.0,1976.5
2681,1871.0,1882.4,0.0,0,0.08493150684931507,-1.0574395381957327,1000.0,1876.7
2682,1821.2,1832.5,0.0,0,0.08493150684931507,-1.0086493740263007,1050.0,1826.85
2683,1770.8,1782.2,0.0,0,0.08493150684931507,-0.9621293583914078,1100.0,1776.5
2684,1720.8,1732.2,0.0,0,0.08493150684931507,-0.917677595820574,1150.0,1726.5
2685,1671.5,1682.9,0.0,0,0.08493150684931507,-0.875117981401778,1200.0,1677.2
2686,1621.6,1633.0,0.0,0,0.08493150684931507,-0.8342959868815228,1250.0,1627.3
2687,1571.5,1582.9,0.0,0,0.08493150684931507,-0.7950752737282416,1300.0,1577.2
2688,1521.4,1532.8,0.0,0,0.08493150684931507,-0.7573349457453945,1350.0,1527.1
2689,1471.9,1483.3,0.0,0,0.08493150684931507,-0.7209673015745197,1400.0,1477.6
2690,1422.1,1433.5,0.0,0,0.08493150684931507,-0.6858759817632497,1450.0,1427.8
2691,1372.6,1383.9,0.0,0,0.08493150684931507,-0.6519744300875684,1500.0,1378.25
2692,1321.9,1333.3,0.0,0,0.08493150684931507,-0.6191846072645775,1550.0,1327.6
2693,1272.5,1283.8,0.0,0,0.08493150684931507,-0.5874359089499972,1600.0,1278.15
2694,1222.4,1233.8,0.0,0,0.08493150684931507,-0.5566642502832435,1650.0,1228.1
2695,1172.3,1183.7,0.0,0,0.08493150684931507,-0.5268112871335623,1700.0,1178.0
2696,1123.3,1133.6,0.0,0,0.08493150684931507,-0.49782375026031,1750.0,1128.4499999999998
2697,1072.6,1084.0,0.0,0,0.08493150684931507,-0.4696528732936137,1800.0,1078.3
2698,1023.2,1034.6,0.0,0,0.08493150684931507,-0.4422538991054992,1850.0,1028.9
2699,973.4,984.8,0.0,0,0.08493150684931507,-0.4155856520233379,1900.0,979.0999999999999
2700,923.5,934.9,0.0,0,0.08493150684931507,-0.3896101656200773,1950.0,929.2
2701,878.6,880.8,0.4605,0,0.08493150684931507,-0.3642923576357874,2000.0,879.7
2702,828.6,830.7,0.406,0,0.08493150684931507,-0.33959974504541585,2050.0,829.6500000000001
2703,803.6,805.8,0.3922,0,0.08493150684931507,-0.32747838451307104,2075.0,804.7
2704,778.8,781.1,0.4089,0,0.08493150684931507,-0.3155021934663554,2100.0,779.95
2705,753.9,756.0,0.3888,0,0.08493150684931507,-0.3036677358193525,2125.0,754.95
2706,728.9,731.1,0.3749,0,0.08493150684931507,-0.29197169605616125,2150.0,730.0
2707,704.0,706.2,0.3668,0,0.08493150684931507,-0.28041087365508527,2175.0,705.1
2708,679.2,681.5,0.3707,0,0.08493150684931507,-0.2689821778314625,2200.0,680.35
2709,654.2,656.4,0.3485,0,0.08493150684931507,-0.2576826225775291,2225.0,655.3
2710,639.3,641.4,0.3419,0,0.08493150684931507,-0.25096367232878414,2240.0,640.3499999999999
2711,629.2,631.5,0.3347,1,0.08493150684931507,-0.2465093219794039,2250.0,630.35
2712,619.3,621.5,0.3317,0,0.08493150684931507,-0.2420747249115382,2260.0,620.4
2713,609.5,611.8,0.3413,1,0.08493150684931507,-0.23765970670242131,2270.0,610.65
2714,604.5,606.7,0.335,1,0.08493150684931507,-0.23545948579281892,2275.0,605.6
2715,599.5,601.7,0.3316,0,0.08493150684931507,-0.2332640952293833,2280.0,600.6
2716,589.5,591.7,0.3248,0,0.08493150684931507,-0.22888772062958446,2290.0,590.6
2717,579.4,581.7,0.3149,0,0.08493150684931507,-0.22453041526062864,2300.0,580.55
2718,569.7,572.0,0.3251,0,0.08493150684931507,-0.22019201366203053,2310.0,570.85
2719,559.7,562.0,0.3184,0,0.08493150684931507,-0.21587235251751405,2320.0,560.85
2720,554.8,557.1,0.3199,0,0.08493150684931507,-0.21371949915641303,2325.0,555.95
2721,549.8,552.0,0.3142,0,0.08493150684931507,-0.21157127061812347,2330.0,550.9
2722,539.9,542.2,0.3144,0,0.08493150684931507,-0.20728860882612268,2340.0,541.05
2723,529.8,532.0,0.301,0,0.08493150684931507,-0.20302421003966506,2350.0,530.9
2724,520.0,522.2,0.3034,0,0.08493150684931507,-0.198777919158214,2360.0,521.1
2725,510.0,512.2,0.2969,0,0.08493150684931507,-0.1945495830486928,2370.0,511.1
2726,505.1,507.3,0.2977,0,0.08493150684931507,-0.19244210070912812,2375.0,506.20000000000005
2727,500.1,502.3,0.2944,0,0.08493150684931507,-0.19033905051234934,2380.0,501.20000000000005
2728,490.2,492.4,0.2917,0,0.08493150684931507,-0.18614617225231345,2390.0,491.29999999999995
2729,480.3,482.5,0.2888,1,0.08493150684931507,-0.1819708008418327,2400.0,481.4
2730,470.2,472.5,0.2806,0,0.08493150684931507,-0.17781279069316908,2410.0,471.35
2731,460.5,462.7,0.2823,0,0.08493150684931507,-0.1736719980271376,2420.0,461.6
2732,455.5,457.7,0.2791,1,0.08493150684931507,-0.17160801380628612,2425.0,456.6
2733,450.6,452.9,0.2803,0,0.08493150684931507,-0.16954828084327558,2430.0,451.75
2734,440.7,442.9,0.2752,0,0.08493150684931507,-0.16544149889062224,2440.0,441.79999999999995
2735,430.8,433.0,0.2715,240,0.08493150684931507,-0.16135151363909703,2450.0,431.9
2736,420.8,423.0,0.2651,0,0.08493150684931507,-0.15727818825146125,2460.0,421.9
2737,416.0,418.3,0.2679,0,0.08493150684931507,-0.1552477307010793,2465.0,417.15
2738,411.1,413.3,0.2658,0,0.08493150684931507,-0.1532213875558468,2470.0,412.20000000000005
2739,405.9,408.2,0.2591,0,0.08493150684931507,-0.15119914217507902,2475.0,407.04999999999995
2740,401.1,403.3,0.2594,0,0.08493150684931507,-0.14918097801884186,2480.0,402.20000000000005
2741,396.2,398.4,0.2584,0,0.08493150684931507,-0.14716687864714065,2485.0,397.29999999999995
2742,391.3,393.5,0.2573,0,0.08493150684931507,-0.14515682771911648,2490.0,392.4
2743,386.3,388.5,0.2541,0,0.08493150684931507,-0.14315080899225063,2495.0,387.4
2744,381.3,383.5,0.2509,6,0.08493150684931507,-0.14114880632157759,2500.0,382.4
2745,376.5,378.7,0.2517,0,0.08493150684931507,-0.13915080365890456,2505.0,377.6
2746,371.6,373.9,0.2513,0,0.08493150684931507,-0.13715678505204018,2510.0,372.75
2747,366.7,368.9,0.249,0,0.08493150684931507,-0.1351667346440302,2515.0,367.79999999999995
2748,361.7,363.8,0.2448,0,0.08493150684931507,-0.13318063667240068,2520.0,362.75
2749,356.6,358.9,0.2416,6,0.08493150684931507,-0.1311984754684095,2525.0,357.75
2750,351.9,354.0,0.2419,0,0.08493150684931507,-0.1292202354563038,2530.0,352.95
2751,347.0,349.1,0.2404,0,0.08493150684931507,-0.12724590115258622,2535.0,348.05
2752,342.1,344.2,0.2387,0,0.08493150684931507,-0.1252754571652875,2540.0,343.15
2753,337.2,339.2,0.2363,0,0.08493150684931507,-0.12330888819324655,2545.0,338.2
2754,332.3,334.4,0.2353,0,0.08493150684931507,-0.12134617902539786,2550.0,333.35
2755,327.4,329.5,0.2336,0,0.08493150684931507,-0.11938731454006492,2555.0,328.45
2756,322.5,324.6,0.2317,0,0.08493150684931507,-0.11743227970426158,2560.0,323.55
2757,317.5,319.7,0.2291,0,0.08493150684931507,-0.11548105957299987,2565.0,318.6
2758,312.7,314.8,0.2279,0,0.08493150684931507,-0.11353363928860419,2570.0,313.75
2759,307.7,309.9,0.2253,0,0.08493150684931507,-0.11159000408003318,2575.0,308.79999999999995
2760,302.8,305.0,0.2233,0,0.08493150684931507,-0.10965013926220661,2580.0,303.9
2761,298.0,300.1,0.2219,0,0.08493150684931507,-0.10771403023534024,2585.0,299.05
2762,293.2,295.2,0.2204,0,0.08493150684931507,-0.10578166248428633,2590.0,294.2
2763,288.3,290.2,0.2177,0,0.08493150684931507,-0.10385302157788065,2595.0,289.25
2764,283.3,285.3,0.2149,0,0.08493150684931507,-0.10192809316829628,2600.0,284.3
2765,278.5,280.5,0.2139,0,0.08493150684931507,-0.10000686299040243,2605.0,279.5
2766,273.8,275.6,0.2127,0,0.08493150684931507,-0.09808931686113065,2610.0,274.70000000000005
2767,268.8,270.8,0.2104,0,0.08493150684931507,-0.0961754406788465,2615.0,269.8
2768,264.0,265.9,0.2086,10,0.08493150684931507,-0.09426522042272713,2620.0,264.95
2769,259.1,261.1,0.2067,0,0.08493150684931507,-0.09235864215214558,2625.0,260.1
2770,254.5,256.2,0.2057,10,0.08493150684931507,-0.09045569200605948,2630.0,255.35
2771,249.7,251.4,0.2042,0,0.08493150684931507,-0.08855635620240704,2635.0,250.55
2772,244.7,246.6,0.2016,1,0.08493150684931507,-0.08666062103750792,2640.0,245.64999999999998
2773,239.9,241.8,0.1999,1,0.08493150684931507,-0.08476847288546992,2645.0,240.85000000000002
2774,235.1,237.0,0.1982,4,0.08493150684931507,-0.0828798981976018,2650.0,236.05
2775,230.3,232.2,0.1964,0,0.08493150684931507,-0.08099488350183051,2655.0,231.25
2776,225.5,227.4,0.1945,9,0.08493150684931507,-0.07911341540212498,2660.0,226.45
2777,220.9,222.6,0.1933,0,0.08493150684931507,-0.07723548057792484,2665.0,221.75
2778,216.1,217.8,0.1913,4,0.08493150684931507,-0.07536106578357445,2670.0,216.95
2779,211.3,213.0,0.1892,0,0.08493150684931507,-0.07349015784776276,2675.0,212.15
2780,206.4,208.3,0.187,2,0.08493150684931507,-0.07162274367296735,2680.0,207.35000000000002
2781,201.8,203.5,0.1855,9,0.08493150684931507,-0.06975881023490467,2685.0,202.65
2782,196.9,198.8,0.1832,7,0.08493150684931507,-0.06789834458198497,2690.0,197.85000000000002
2783,192.4,194.0,0.1818,1,0.08493150684931507,-0.06604133383477213,2695.0,193.2
2784,187.7,189.3,0.18,10,0.08493150684931507,-0.06418776518544925,2700.0,188.5
2785,183.0,184.6,0.1782,470,0.08493150684931507,-0.062337625897287814,2705.0,183.8
2786,178.2,180.0,0.1762,26,0.08493150684931507,-0.06049090330412315,2710.0,179.1
2787,173.7,175.3,0.1748,1,0.08493150684931507,-0.058647584809833946,2715.0,174.5
2788,168.9,170.6,0.1723,14,0.08493150684931507,-0.05680765788782678,2720.0,169.75
2789,164.4,165.9,0.1707,27,0.08493150684931507,-0.054971110080525236,2725.0,165.15
2790,159.8,161.3,0.1689,47,0.08493150684931507,-0.0531379289988643,2730.0,160.55
2791,155.0,156.7,0.1665,35,0.08493150684931507,-0.05130810232178815,2735.0,155.85
2792,150.6,152.1,0.1651,71,0.08493150684931507,-0.04948161779575385,2740.0,151.35
2793,146.0,147.5,0.1631,60,0.08493150684931507,-0.04765846323423877,2745.0,146.75
2794,141.5,143.0,0.1614,25,0.08493150684931507,-0.045838626517252706,2750.0,142.25
2795,137.0,138.4,0.1594,34,0.08493150684931507,-0.04402209559085485,2755.0,137.7
2796,132.5,134.0,0.1577,13,0.08493150684931507,-0.04220885846667405,2760.0,133.25
2797,128.1,129.5,0.1559,24,0.08493150684931507,-0.04039890322143458,2765.0,128.8
2798,123.5,125.0,0.1536,38,0.08493150684931507,-0.038592217996485594,2770.0,124.25
2799,119.1,120.6,0.1517,42,0.08493150684931507,-0.0367887909973348,2775.0,119.85
2800,114.8,116.3,0.1502,21,0.08493150684931507,-0.03498861049318696,2780.0,115.55
2801,110.4,111.9,0.1481,6565,0.08493150684931507,-0.03319166481648533,2785.0,111.15
2802,106.2,107.6,0.1465,443,0.08493150684931507,-0.03139794236245844,2790.0,106.9
2803,102.0,103.3,0.1447,28,0.08493150684931507,-0.02960743158867024,2795.0,102.65
2804,97.8,99.0,0.1428,153,0.08493150684931507,-0.027820121014574394,2800.0,98.4
2805,93.9,94.4,0.1407,107,0.08493150684931507,-0.026035999221073018,2805.0,94.15
2806,89.8,90.2,0.1388,663,0.08493150684931507,-0.02425505485007828,2810.0,90.0
2807,85.7,86.1,0.137,186,0.08493150684931507,-0.022477276604078996,2815.0,85.9
2808,81.6,82.1,0.1351,216,0.08493150684931507,-0.020702653245710502,2820.0,81.85
2809,77.6,78.1,0.1333,1004,0.08493150684931507,-0.018931173597328366,2825.0,77.85
2810,73.7,74.1,0.1314,111,0.08493150684931507,-0.017162826540586398,2830.0,73.9
2811,69.8,70.3,0.1296,267,0.08493150684931507,-0.015397601016017283,2835.0,70.05
2812,66.0,66.5,0.1278,281,0.08493150684931507,-0.013635486022618026,2840.0,66.25
2813,62.3,62.7,0.1259,22,0.08493150684931507,-0.011876470617438477,2845.0,62.5
2814,58.6,59.0,0.124,883,0.08493150684931507,-0.010120543915173473,2850.0,58.8
2815,55.0,55.4,0.1222,58,0.08493150684931507,-0.008367695087759114,2855.0,55.2
2816,51.5,51.9,0.1204,111,0.08493150684931507,-0.006617913363971453,2860.0,51.7
2817,48.1,48.5,0.1186,131,0.08493150684931507,-0.00487118802902981,2865.0,48.3
2818,44.8,45.2,0.1169,6600,0.08493150684931507,-0.0031275084242029776,2870.0,45.0
2819,41.6,42.0,0.1153,6493,0.08493150684931507,-0.0013868639464188668,2875.0,41.8
2820,38.5,38.9,0.1136,273,0.08493150684931507,0.0003507559521219104,2880.0,38.7
2821,35.5,35.9,0.1119,111,0.08493150684931507,0.0020853617643302107,2885.0,35.7
2822,32.6,33.0,0.1102,137,0.08493150684931507,0.003816963928608097,2890.0,32.8
2823,29.9,30.3,0.1087,250,0.08493150684931507,0.005545572829225849,2895.0,30.1
2824,27.3,27.6,0.1071,15717,0.08493150684931507,0.007271198796695605,2900.0,27.450000000000003
2825,24.8,25.2,0.1057,218,0.08493150684931507,0.00899385210814179,2905.0,25.0
2826,22.5,22.8,0.1043,166,0.08493150684931507,0.010713542987668584,2910.0,22.65
2827,20.3,20.6,0.1029,214,0.08493150684931507,0.012430281606723118,2915.0,20.450000000000003
2828,18.2,18.5,0.1015,1065,0.08493150684931507,0.014144078084457773,2920.0,18.35
2829,16.3,16.6,0.1003,7128,0.08493150684931507,0.01585494248808719,2925.0,16.450000000000003
2830,14.5,14.8,0.0991,3460,0.08493150684931507,0.017562884833243288,2930.0,14.65
2831,12.9,13.1,0.0979,76,0.08493150684931507,0.0192679150843271,2935.0,13.0
2832,11.3,11.6,0.0967,16364,0.08493150684931507,0.02097004315485755,2940.0,11.45
2833,10.0,10.2,0.0957,103,0.08493150684931507,0.022669278907817315,2945.0,10.1
2834,8.7,9.0,0.0948,3738,0.08493150684931507,0.02436563215599572,2950.0,8.85
2835,7.6,7.8,0.0938,133,0.08493150684931507,0.026059112662328764,2955.0,7.699999999999999
2836,6.6,6.8,0.093,1482,0.08493150684931507,0.027749730140236226,2960.0,6.699999999999999
2837,5.7,5.9,0.0922,281,0.08493150684931507,0.02943749425395619,2965.0,5.800000000000001
2838,4.9,5.2,0.0917,772,0.08493150684931507,0.031122414618875646,2970.0,5.050000000000001
2839,4.2,4.5,0.0911,584,0.08493150684931507,0.03280450080186045,2975.0,4.35
2840,3.7,3.9,0.091,2100,0.08493150684931507,0.03448376232158044,2980.0,3.8
2841,3.1,3.3,0.0901,239,0.08493150684931507,0.036160208648832744,2985.0,3.2
2842,2.7,2.85,0.09,4159,0.08493150684931507,0.03783384920686237,2990.0,2.7750000000000004
2843,2.35,2.5,0.0901,34,0.08493150684931507,0.03950469337167996,2995.0,2.425
2844,2.0,2.15,0.0899,171,0.08493150684931507,0.04117275047237696,3000.0,2.075
2845,1.7,1.9,0.0899,16,0.08493150684931507,0.04283802979143815,3005.0,1.7999999999999998
2846,1.5,1.65,0.0902,2952,0.08493150684931507,0.04450054056505159,3010.0,1.575
2847,1.25,1.45,0.0902,101,0.08493150684931507,0.04616029198341618,3015.0,1.35
2848,1.1,1.25,0.0904,132,0.08493150684931507,0.04781729319104567,3020.0,1.175
2849,0.95,1.1,0.0908,27,0.08493150684931507,0.04947155328707216,3025.0,1.025
2850,0.85,1.0,0.0916,12,0.08493150684931507,0.051123081325545126,3030.0,0.925
2851,0.75,0.9,0.0923,112,0.08493150684931507,0.05277188631572892,3035.0,0.825
2852,0.65,0.8,0.0928,1,0.08493150684931507,0.05441797722239764,3040.0,0.7250000000000001
2853,0.55,0.7,0.093,0,0.08493150684931507,0.05606136296612764,3045.0,0.625
2854,0.5,0.65,0.0941,68,0.08493150684931507,0.05770205242358753,3050.0,0.575
2855,0.45,0.6,0.0951,0,0.08493150684931507,0.059340054427825896,3055.0,0.525
2856,0.4,0.55,0.0959,103,0.08493150684931507,0.06097537776855663,3060.0,0.47500000000000003
2857,0.35,0.5,0.0966,0,0.08493150684931507,0.06260803119244214,3065.0,0.425
2858,0.3,0.45,0.0971,0,0.08493150684931507,0.06423802340337319,3070.0,0.375
2859,0.25,0.4,0.0974,24,0.08493150684931507,0.06586536306274857,3075.0,0.325
2860,0.25,0.4,0.0995,0,0.08493150684931507,0.06749005878975045,3080.0,0.325
2861,0.2,0.35,0.0996,0,0.08493150684931507,0.06911211916161847,3085.0,0.275
2862,0.2,0.35,0.1015,0,0.08493150684931507,0.07073155271392141,3090.0,0.275
2863,0.15,0.3,0.1012,0,0.08493150684931507,0.07234836794082672,3095.0,0.22499999999999998
2864,0.15,0.3,0.1032,40,0.08493150684931507,0.07396257329536783,3100.0,0.22499999999999998
2865,0.15,0.3,0.1051,0,0.08493150684931507,0.07557417718970934,3105.0,0.22499999999999998
2866,0.1,0.25,0.1041,0,0.08493150684931507,0.07718318799541,3110.0,0.175
2867,0.1,0.25,0.1079,0,0.08493150684931507,0.08039346362565838,3120.0,0.175
2868,0.1,0.2,0.1079,100,0.08493150684931507,0.08199474499263221,3125.0,0.15000000000000002
2869,0.05,0.2,0.1149,267,0.08493150684931507,0.08996291464180897,3150.0,0.125
2870,0.0,0.15,0.1177,0,0.08493150684931507,0.09786809414892235,3175.0,0.075
2871,0.0,0.15,0.1262,15,0.08493150684931507,0.10571127160994814,3200.0,0.075
2872,0.0,0.1,0.138,4,0.08493150684931507,0.1212154581459134,3250.0,0.05
2873,0.0,0.1,0.154,129,0.08493150684931507,0.13648293027670183,3300.0,0.05
2874,0.0,0.1,0.1844,0,0.08493150684931507,0.166335893426383,3400.0,0.05
2875,0.0,0.1,0.2136,0,0.08493150684931507,0.19532343029963528,3500.0,0.05
2876,0.0,0.1,0.2417,0,0.08493150684931507,0.22349430726633163,3600.0,0.05
2877,0.0,0.1,0.2682,0,0.08493150684931507,0.25089328145444606,3700.0,0.05
2878,0.0,0.1,0.2941,0,0.08493150684931507,0.27756152853660737,3800.0,0.05
2880,1869.0,1880.4,0.0,0,0.10410958904109589,-1.0574395381957327,1000.0,1874.7
2882,1769.7,1781.0,0.0,0,0.10410958904109589,-0.9621293583914078,1100.0,1775.35
2884,1669.7,1681.1,0.0,0,0.10410958904109589,-0.875117981401778,1200.0,1675.4
2886,1570.4,1581.8,0.0,0,0.10410958904109589,-0.7950752737282416,1300.0,1576.1
2888,1545.1,1556.5,0.0,0,0.10410958904109589,-0.7760270787575471,1325.0,1550.8
2890,1520.3,1531.7,0.0,0,0.10410958904109589,-0.7573349457453945,1350.0,1526.0
2892,1495.4,1506.8,0.0,0,0.10410958904109589,-0.738985807077198,1375.0,1501.1
2894,1470.8,1482.2,0.0,0,0.10410958904109589,-0.7209673015745197,1400.0,1476.5
2896,1445.6,1457.0,0.0,0,0.10410958904109589,-0.7032677244751188,1425.0,1451.3
2898,1420.9,1432.3,0.0,0,0.10410958904109589,-0.6858759817632497,1450.0,1426.6
2900,1395.5,1406.9,0.0,1,0.10410958904109589,-0.6687815484039495,1475.0,1401.2
2902,1370.8,1382.2,0.0,1,0.10410958904109589,-0.6519744300875684,1500.0,1376.5
2904,1345.4,1356.8,0.0,0,0.10410958904109589,-0.6354451281363578,1525.0,1351.1
2906,1320.5,1331.9,0.0,0,0.10410958904109589,-0.6191846072645775,1550.0,1326.2
2908,1296.2,1307.6,0.0,0,0.10410958904109589,-0.6031842659181363,1575.0,1301.9
2910,1271.1,1282.5,0.0,0,0.10410958904109589,-0.5874359089499972,1600.0,1276.8
2912,1246.5,1257.9,0.0,0,0.10410958904109589,-0.5719317224140319,1625.0,1252.2
2914,1221.7,1233.1,0.0,0,0.10410958904109589,-0.5566642502832435,1650.0,1227.4
2916,1196.3,1207.7,0.0,0,0.10410958904109589,-0.541626372918703,1675.0,1202.0
2918,1171.0,1182.4,0.0,0,0.10410958904109589,-0.5268112871335623,1700.0,1176.7
2920,1146.1,1157.5,0.0,0,0.10410958904109589,-0.5122124877124096,1725.0,1151.8
2922,1121.2,1132.6,0.0,0,0.10410958904109589,-0.49782375026031,1750.0,1126.9
2924,1096.3,1107.7,0.0,0,0.10410958904109589,-0.48363911526835357,1775.0,1102.0
2926,1071.9,1083.3,0.0,0,0.10410958904109589,-0.4696528732936137,1800.0,1077.6
2928,1047.0,1058.3,0.0,0,0.10410958904109589,-0.45585955116127785,1825.0,1052.65
2930,1032.0,1043.4,0.0,0,0.10410958904109589,-0.4476739665748384,1840.0,1037.7
2932,1022.0,1033.4,0.0,0,0.10410958904109589,-0.4422538991054992,1850.0,1027.7
2934,1012.1,1023.5,0.0,0,0.10410958904109589,-0.4368630504706227,1860.0,1017.8
2936,1002.5,1013.9,0.4672,0,0.10410958904109589,-0.4315011073292374,1870.0,1008.2
2938,997.1,1008.5,0.0,0,0.10410958904109589,-0.42883087877335857,1875.0,1002.8
2940,992.2,1003.5,0.0,0,0.10410958904109589,-0.4261677613538749,1880.0,997.85
2942,982.2,993.6,0.0,0,0.10410958904109589,-0.4208627091241816,1890.0,987.9000000000001
2944,972.1,983.5,0.0,0,0.10410958904109589,-0.4155856520233379,1900.0,977.8
2946,962.3,973.7,0.0,0,0.10410958904109589,-0.41033629613719425,1910.0,968.0
2948,951.8,963.2,0.0,0,0.10410958904109589,-0.40511435215604247,1920.0,957.5
2950,947.7,959.1,0.4484,0,0.10410958904109589,-0.4025135704559851,1925.0,953.4000000000001
2952,942.3,953.7,0.0,0,0.10410958904109589,-0.39991953527893853,1930.0,948.0
2954,932.4,943.7,0.0,0,0.10410958904109589,-0.39475156512049586,1940.0,938.05
2956,922.4,933.8,0.0,0,0.10410958904109589,-0.3896101656200773,1950.0,928.0999999999999
2958,912.4,923.7,0.0,0,0.10410958904109589,-0.3844950649533069,1960.0,918.05
2960,902.0,913.4,0.0,0,0.10410958904109589,-0.37940599544583553,1970.0,907.7
2962,897.5,908.9,0.0,0,0.10410958904109589,-0.3768711398426475,1975.0,903.2
2964,892.8,904.2,0.4129,0,0.10410958904109589,-0.37434269348928884,1980.0,898.5
2966,882.6,893.9,0.0,0,0.10410958904109589,-0.3693048994593316,1990.0,888.25
2968,877.3,879.5,0.3686,96,0.10410958904109589,-0.3642923576357874,2000.0,878.4
2970,867.4,869.6,0.3834,0,0.10410958904109589,-0.35930481612474835,2010.0,868.5
2972,857.4,859.6,0.3732,0,0.10410958904109589,-0.3543420267826193,2020.0,858.5
2974,852.7,854.8,0.4083,0,0.10410958904109589,-0.35186983763723023,2025.0,853.75
2976,847.4,849.6,0.3611,0,0.10410958904109589,-0.34940374514203676,2030.0,848.5
2978,837.6,839.7,0.382,0,0.10410958904109589,-0.3444897303396076,2040.0,838.6500000000001
2980,827.5,829.7,0.3635,1,0.10410958904109589,-0.33959974504541585,2050.0,828.6
2982,817.7,820.0,0.3913,0,0.10410958904109589,-0.33473355539424304,2060.0,818.85
2984,807.7,809.8,0.3708,1,0.10410958904109589,-0.32989093091845495,2070.0,808.75
2986,802.6,804.8,0.3587,0,0.10410958904109589,-0.32747838451307104,2075.0,803.7
2988,797.7,799.9,0.3693,0,0.10410958904109589,-0.3250716444825061,2080.0,798.8
2990,787.8,790.0,0.3731,0,0.10410958904109589,-0.320275472219013,2090.0,788.9
2992,777.7,779.9,0.3524,0,0.10410958904109589,-0.3155021934663554,2100.0,778.8
2994,772.8,775.0,0.3613,0,0.10410958904109589,-0.31312407106138795,2105.0,773.9
2996,767.9,770.0,0.3629,0,0.10410958904109589,-0.3107515907077576,2110.0,768.95
2998,762.9,765.1,0.3641,0,0.10410958904109589,-0.3083847256974913,2115.0,764.0
3000,757.9,760.1,0.3603,0,0.10410958904109589,-0.30602344951181154,2120.0,759.0
3002,753.1,755.2,0.37,0,0.10410958904109589,-0.3036677358193525,2125.0,754.1500000000001
3004,747.9,750.1,0.3527,0,0.10410958904109589,-0.30131755847439895,2130.0,749.0
3006,743.0,745.2,0.3584,0,0.10410958904109589,-0.29897289151514483,2135.0,744.1
3008,738.0,740.2,0.3547,0,0.10410958904109589,-0.2966337091619725,2140.0,739.1
3010,732.9,735.1,0.3412,0,0.10410958904109589,-0.29429998581575234,2145.0,734.0
3012,728.0,730.2,0.3473,1,0.10410958904109589,-0.29197169605616125,2150.0,729.1
3014,723.1,725.3,0.3525,0,0.10410958904109589,-0.28964881464002157,2155.0,724.2
3016,718.1,720.3,0.3489,0,0.10410958904109589,-0.2873313164996591,2160.0,719.2
3018,713.0,715.2,0.3364,0,0.10410958904109589,-0.2850191767412794,2165.0,714.1
3020,708.1,710.3,0.3417,0,0.10410958904109589,-0.28271237064336446,2170.0,709.2
3022,703.2,705.4,0.346,0,0.10410958904109589,-0.28041087365508527,2175.0,704.3
3024,698.2,700.4,0.3426,0,0.10410958904109589,-0.27811466139473506,2180.0,699.3
3026,693.2,695.4,0.3391,0,0.10410958904109589,-0.27582370964817926,2185.0,694.3
3028,688.3,690.4,0.3393,0,0.10410958904109589,-0.2735379943673232,2190.0,689.3499999999999
3030,683.3,685.5,0.3393,0,0.10410958904109589,-0.27125749166859797,2195.0,684.4
3032,678.3,680.4,0.3324,0,0.10410958904109589,-0.2689821778314625,2200.0,679.3499999999999
3034,673.3,675.5,0.3325,0,0.10410958904109589,-0.2667120292969234,2205.0,674.4
3036,668.2,670.5,0.3254,0,0.10410958904109589,-0.2644470226660713,2210.0,669.35
3038,663.4,665.6,0.332,0,0.10410958904109589,-0.26218713469863364,2215.0,664.5
3040,658.4,660.6,0.3287,0,0.10410958904109589,-0.25993234231154455,2220.0,659.5
3042,653.4,655.6,0.3253,0,0.10410958904109589,-0.2576826225775291,2225.0,654.5
3044,648.5,650.7,0.3279,0,0.10410958904109589,-0.2554379527237053,2230.0,649.6
3046,643.5,645.8,0.3273,0,0.10410958904109589,-0.25319831013020055,2235.0,644.65
3048,638.5,640.7,0.3214,0,0.10410958904109589,-0.25096367232878414,2240.0,639.6
3050,633.6,635.8,0.3235,0,0.10410958904109589,-0.248734017001515,2245.0,634.7
3052,628.5,630.7,0.3148,10,0.10410958904109589,-0.2465093219794039,2250.0,629.6
3054,623.6,625.8,0.317,0,0.10410958904109589,-0.24428956524109102,2255.0,624.7
3056,618.8,621.0,0.3235,0,0.10410958904109589,-0.2420747249115382,2260.0,619.9
3058,613.6,615.8,0.3105,0,0.10410958904109589,-0.23986477926073527,2265.0,614.7
3060,608.7,610.9,0.3124,0,0.10410958904109589,-0.23765970670242131,2270.0,609.8
3062,603.6,605.9,0.3067,0,0.10410958904109589,-0.23545948579281892,2275.0,604.75
3064,598.7,600.9,0.3061,0,0.10410958904109589,-0.2332640952293833,2280.0,599.8
3066,593.8,596.0,0.3076,0,0.10410958904109589,-0.2310735138495647,2285.0,594.9
3068,588.7,591.0,0.3021,0,0.10410958904109589,-0.22888772062958446,2290.0,589.85
3070,583.9,586.2,0.3078,0,0.10410958904109589,-0.22670669468322416,2295.0,585.05
3072,578.9,581.1,0.3026,0,0.10410958904109589,-0.22453041526062864,2300.0,580.0
3074,573.9,576.1,0.2995,0,0.10410958904109589,-0.22235886174712086,2305.0,575.0
3076,569.0,571.2,0.3005,0,0.10410958904109589,-0.22019201366203053,2310.0,570.1
3078,564.1,566.4,0.3031,0,0.10410958904109589,-0.21802985065753533,2315.0,565.25
3080,559.0,561.2,0.2943,0,0.10410958904109589,-0.21587235251751405,2320.0,560.1
3082,554.1,556.3,0.2951,0,0.10410958904109589,-0.21371949915641303,2325.0,555.2
3084,549.1,551.3,0.292,43,0.10410958904109589,-0.21157127061812347,2330.0,550.2
3086,544.2,546.4,0.2926,0,0.10410958904109589,-0.20942764707487208,2335.0,545.3
3088,539.1,541.4,0.2877,0,0.10410958904109589,-0.20728860882612268,2340.0,540.25
3090,534.3,536.5,0.2899,20,0.10410958904109589,-0.20515413629748994,2345.0,535.4
3092,529.4,531.7,0.2916,4,0.10410958904109589,-0.20302421003966506,2350.0,530.55
3094,524.4,526.7,0.2885,4,0.10410958904109589,-0.2008988107273516,2355.0,525.55
3096,519.5,521.8,0.2885,0,0.10410958904109589,-0.198777919158214,2360.0,520.65
3098,514.4,516.6,0.2809,0,0.10410958904109589,-0.19666151625183645,2365.0,515.5
3100,509.7,511.9,0.2866,0,0.10410958904109589,-0.1945495830486928,2370.0,510.79999999999995
3102,504.6,506.8,0.2808,0,0.10410958904109589,-0.19244210070912812,2375.0,505.70000000000005
3104,499.7,502.0,0.2819,0,0.10410958904109589,-0.19033905051234934,2380.0,500.85
3106,494.7,496.9,0.2776,0,0.10410958904109589,-0.18824041385542817,2385.0,495.79999999999995
3108,489.8,492.1,0.2785,0,0.10410958904109589,-0.18614617225231345,2390.0,490.95000000000005
3110,484.9,487.1,0.2767,0,0.10410958904109589,-0.18405630733285408,2395.0,486.0
3112,479.9,482.2,0.2749,20,0.10410958904109589,-0.1819708008418327,2400.0,481.04999999999995
3114,474.9,477.1,0.2707,0,0.10410958904109589,-0.17988963463800817,2405.0,476.0
3116,469.8,472.1,0.2664,0,0.10410958904109589,-0.17781279069316908,2410.0,470.95000000000005
3118,465.1,467.3,0.2693,0,0.10410958904109589,-0.17574025109119673,2415.0,466.20000000000005
3120,460.0,462.2,0.2641,0,0.10410958904109589,-0.1736719980271376,2420.0,461.1
3122,455.2,457.5,0.2666,0,0.10410958904109589,-0.17160801380628612,2425.0,456.35
3124,450.2,452.4,0.2625,0,0.10410958904109589,-0.16954828084327558,2430.0,451.29999999999995
3126,445.2,447.4,0.2595,0,0.10410958904109589,-0.1674927816611796,2435.0,446.29999999999995
3128,440.4,442.7,0.2617,0,0.10410958904109589,-0.16544149889062224,2440.0,441.54999999999995
3130,435.4,437.6,0.2577,0,0.10410958904109589,-0.16339441526889728,2445.0,436.5
3132,430.4,432.6,0.2547,1,0.10410958904109589,-0.16135151363909703,2450.0,431.5
3134,425.6,427.8,0.2556,0,0.10410958904109589,-0.15931277694924878,2455.0,426.70000000000005
3136,420.6,422.8,0.2526,0,0.10410958904109589,-0.15727818825146125,2460.0,421.70000000000005
3138,415.7,417.9,0.2515,0,0.10410958904109589,-0.1552477307010793,2465.0,416.79999999999995
3140,410.7,412.9,0.2485,0,0.10410958904109589,-0.1532213875558468,2470.0,411.79999999999995
3142,405.8,408.0,0.2473,17,0.10410958904109589,-0.15119914217507902,2475.0,406.9
3144,401.0,403.1,0.2469,1,0.10410958904109589,-0.14918097801884186,2480.0,402.05
3146,396.2,398.3,0.2471,0,0.10410958904109589,-0.14716687864714065,2485.0,397.25
3148,391.2,393.4,0.2449,0,0.10410958904109589,-0.14515682771911648,2490.0,392.29999999999995
3150,386.2,388.4,0.2419,0,0.10410958904109589,-0.14315080899225063,2495.0,387.29999999999995
3152,381.3,383.4,0.2396,1,0.10410958904109589,-0.14114880632157759,2500.0,382.35
3154,376.4,378.5,0.2381,0,0.10410958904109589,-0.13915080365890456,2505.0,377.45
3156,371.5,373.6,0.2366,0,0.10410958904109589,-0.13715678505204018,2510.0,372.55
3158,366.6,368.7,0.235,3,0.10410958904109589,-0.1351667346440302,2515.0,367.65
3160,361.6,363.8,0.2326,0,0.10410958904109589,-0.13318063667240068,2520.0,362.70000000000005
3162,356.9,359.1,0.2336,0,0.10410958904109589,-0.1311984754684095,2525.0,358.0
3164,352.1,354.2,0.2325,3,0.10410958904109589,-0.1292202354563038,2530.0,353.15
3166,347.0,349.2,0.2288,0,0.10410958904109589,-0.12724590115258622,2535.0,348.1
3168,342.2,344.4,0.2282,9,0.10410958904109589,-0.1252754571652875,2540.0,343.29999999999995
3170,337.3,339.5,0.2264,0,0.10410958904109589,-0.12330888819324655,2545.0,338.4
3172,332.5,334.7,0.2256,0,0.10410958904109589,-0.12134617902539786,2550.0,333.6
3174,327.5,329.7,0.2225,0,0.10410958904109589,-0.11938731454006492,2555.0,328.6
3176,322.7,324.9,0.2217,0,0.10410958904109589,-0.11743227970426158,2560.0,323.79999999999995
3178,317.7,319.9,0.2186,0,0.10410958904109589,-0.11548105957299987,2565.0,318.79999999999995
3180,312.9,315.0,0.2171,0,0.10410958904109589,-0.11353363928860419,2570.0,313.95
3182,308.1,310.2,0.2161,9,0.10410958904109589,-0.11159000408003318,2575.0,309.15
3184,303.2,305.3,0.2139,226,0.10410958904109589,-0.10965013926220661,2580.0,304.25
3186,298.5,300.7,0.2142,11,0.10410958904109589,-0.10771403023534024,2585.0,299.6
3188,293.5,295.6,0.2106,2,0.10410958904109589,-0.10578166248428633,2590.0,294.55
3190,288.9,290.9,0.2107,10,0.10410958904109589,-0.10385302157788065,2595.0,289.9
3192,284.0,286.0,0.2084,9,0.10410958904109589,-0.10192809316829628,2600.0,285.0
3194,279.1,281.1,0.2061,20,0.10410958904109589,-0.10000686299040243,2605.0,280.1
3196,274.3,276.3,0.2046,3,0.10410958904109589,-0.09808931686113065,2610.0,275.3
3198,269.6,271.5,0.2035,120,0.10410958904109589,-0.0961754406788465,2615.0,270.55
3200,264.8,266.7,0.2019,28,0.10410958904109589,-0.09426522042272713,2620.0,265.75
3202,260.0,261.9,0.2002,22,0.10410958904109589,-0.09235864215214558,2625.0,260.95
3204,255.2,257.1,0.1985,2,0.10410958904109589,-0.09045569200605948,2630.0,256.15
3206,250.3,252.3,0.1964,7,0.10410958904109589,-0.08855635620240704,2635.0,251.3
3208,245.6,247.6,0.1953,20,0.10410958904109589,-0.08666062103750792,2640.0,246.6
3210,240.9,242.9,0.1941,7,0.10410958904109589,-0.08476847288546992,2645.0,241.9
3212,236.1,238.1,0.1921,49,0.10410958904109589,-0.0828798981976018,2650.0,237.1
3214,231.3,233.2,0.1898,7,0.10410958904109589,-0.08099488350183051,2655.0,232.25
3216,226.5,228.5,0.1881,36,0.10410958904109589,-0.07911341540212498,2660.0,227.5
3218,221.9,223.8,0.1869,9,0.10410958904109589,-0.07723548057792484,2665.0,222.85000000000002
3220,217.2,219.1,0.1854,40,0.10410958904109589,-0.07536106578357445,2670.0,218.14999999999998
3222,212.5,214.4,0.1838,41,0.10410958904109589,-0.07349015784776276,2675.0,213.45
3224,207.8,209.7,0.1821,7,0.10410958904109589,-0.07162274367296735,2680.0,208.75
3226,203.2,205.1,0.1809,23,0.10410958904109589,-0.06975881023490467,2685.0,204.14999999999998
3228,198.5,200.3,0.1788,32,0.10410958904109589,-0.06789834458198497,2690.0,199.4
3230,193.8,195.7,0.1772,87,0.10410958904109589,-0.06604133383477213,2695.0,194.75
3232,189.1,191.0,0.1752,91,0.10410958904109589,-0.06418776518544925,2700.0,190.05
3234,184.6,186.4,0.1739,12,0.10410958904109589,-0.062337625897287814,2705.0,185.5
3236,179.9,181.7,0.1718,71,0.10410958904109589,-0.06049090330412315,2710.0,180.8
3238,175.3,177.1,0.1701,99,0.10410958904109589,-0.058647584809833946,2715.0,176.2
3240,170.8,172.5,0.1686,675,0.10410958904109589,-0.05680765788782678,2720.0,171.65
3242,166.1,168.0,0.1668,83,0.10410958904109589,-0.054971110080525236,2725.0,167.05
3244,161.6,163.4,0.1651,213,0.10410958904109589,-0.0531379289988643,2730.0,162.5
3246,157.1,158.9,0.1635,131,0.10410958904109589,-0.05130810232178815,2735.0,158.0
3248,152.7,154.4,0.162,160,0.10410958904109589,-0.04948161779575385,2740.0,153.55
3250,148.1,149.9,0.1601,180,0.10410958904109589,-0.04765846323423877,2745.0,149.0
3252,143.8,145.4,0.1586,179,0.10410958904109589,-0.045838626517252706,2750.0,144.60000000000002
3254,139.4,140.9,0.1569,78,0.10410958904109589,-0.04402209559085485,2755.0,140.15
3256,135.0,136.6,0.1554,77,0.10410958904109589,-0.04220885846667405,2760.0,135.8
3258,130.5,132.1,0.1533,109,0.10410958904109589,-0.04039890322143458,2765.0,131.3
3260,126.1,127.7,0.1514,298,0.10410958904109589,-0.038592217996485594,2770.0,126.9
3262,121.9,123.4,0.15,452,0.10410958904109589,-0.0367887909973348,2775.0,122.65
3264,117.5,119.1,0.1481,921,0.10410958904109589,-0.03498861049318696,2780.0,118.3
3266,113.3,114.9,0.1466,237,0.10410958904109589,-0.03319166481648533,2785.0,114.1
3268,109.1,110.6,0.1448,934,0.10410958904109589,-0.03139794236245844,2790.0,109.85
3270,105.4,105.8,0.1429,162,0.10410958904109589,-0.02960743158867024,2795.0,105.6
3272,101.3,101.7,0.1413,903,0.10410958904109589,-0.027820121014574394,2800.0,101.5
3274,97.2,97.6,0.1397,330,0.10410958904109589,-0.026035999221073018,2805.0,97.4
3276,93.1,93.5,0.1379,1020,0.10410958904109589,-0.02425505485007828,2810.0,93.3
3278,89.1,89.5,0.1362,241,0.10410958904109589,-0.022477276604078996,2815.0,89.3
3280,85.1,85.5,0.1344,2167,0.10410958904109589,-0.020702653245710502,2820.0,85.3
3282,81.2,81.6,0.1328,299,0.10410958904109589,-0.018931173597328366,2825.0,81.4
3284,77.4,77.7,0.1311,1090,0.10410958904109589,-0.017162826540586398,2830.0,77.55000000000001
3286,73.6,73.9,0.1294,93,0.10410958904109589,-0.015397601016017283,2835.0,73.75
3288,69.8,70.2,0.1277,400,0.10410958904109589,-0.013635486022618026,2840.0,70.0
3290,66.2,66.5,0.1261,109,0.10410958904109589,-0.011876470617438477,2845.0,66.35
3292,62.6,62.9,0.1244,514,0.10410958904109589,-0.010120543915173473,2850.0,62.75
3294,59.1,59.4,0.1229,1213,0.10410958904109589,-0.008367695087759114,2855.0,59.25
3296,55.6,56.0,0.1212,2456,0.10410958904109589,-0.006617913363971453,2860.0,55.8
3298,52.3,52.6,0.1196,173,0.10410958904109589,-0.00487118802902981,2865.0,52.45
3300,49.0,49.4,0.1181,738,0.10410958904109589,-0.0031275084242029776,2870.0,49.2
3302,45.8,46.2,0.1165,650,0.10410958904109589,-0.0013868639464188668,2875.0,46.0
3304,42.7,43.1,0.1149,1277,0.10410958904109589,0.0003507559521219104,2880.0,42.900000000000006
3306,39.8,40.1,0.1135,752,0.10410958904109589,0.0020853617643302107,2885.0,39.95
3308,36.9,37.2,0.1119,1562,0.10410958904109589,0.003816963928608097,2890.0,37.05
3310,34.1,34.5,0.1105,1020,0.10410958904109589,0.005545572829225849,2895.0,34.3
3312,31.5,31.8,0.1091,948,0.10410958904109589,0.007271198796695605,2900.0,31.65
3314,29.0,29.3,0.1078,189,0.10410958904109589,0.00899385210814179,2905.0,29.15
3316,26.6,26.9,0.1065,1292,0.10410958904109589,0.010713542987668584,2910.0,26.75
3318,24.3,24.6,0.1052,170,0.10410958904109589,0.012430281606723118,2915.0,24.450000000000003
3320,22.1,22.4,0.1039,217,0.10410958904109589,0.014144078084457773,2920.0,22.25
3322,20.1,20.3,0.1026,149,0.10410958904109589,0.01585494248808719,2925.0,20.200000000000003
3324,18.2,18.4,0.1015,325,0.10410958904109589,0.017562884833243288,2930.0,18.299999999999997
3326,16.4,16.6,0.1003,187,0.10410958904109589,0.0192679150843271,2935.0,16.5
3328,14.7,15.0,0.0993,192,0.10410958904109589,0.02097004315485755,2940.0,14.85
3330,13.2,13.5,0.0985,289,0.10410958904109589,0.022669278907817315,2945.0,13.35
3332,11.8,12.1,0.0976,1387,0.10410958904109589,0.02436563215599572,2950.0,11.95
3334,10.5,10.8,0.0967,499,0.10410958904109589,0.026059112662328764,2955.0,10.65
3336,9.3,9.6,0.0958,851,0.10410958904109589,0.027749730140236226,2960.0,9.45
3338,8.2,8.5,0.0949,198,0.10410958904109589,0.02943749425395619,2965.0,8.35
3340,7.3,7.5,0.0943,163,0.10410958904109589,0.031122414618875646,2970.0,7.4
3342,6.4,6.6,0.0936,379,0.10410958904109589,0.03280450080186045,2975.0,6.5
3344,5.6,5.9,0.0932,2423,0.10410958904109589,0.03448376232158044,2980.0,5.75
3346,4.9,5.2,0.0927,235,0.10410958904109589,0.036160208648832744,2985.0,5.050000000000001
3348,4.4,4.6,0.0927,408,0.10410958904109589,0.03783384920686237,2990.0,4.5
3350,3.8,4.0,0.092,145,0.10410958904109589,0.03950469337167996,2995.0,3.9
3352,3.3,3.5,0.0916,711,0.10410958904109589,0.04117275047237696,3000.0,3.4
3354,2.95,3.1,0.0917,395,0.10410958904109589,0.04283802979143815,3005.0,3.0250000000000004
3356,2.6,2.7,0.0916,207,0.10410958904109589,0.04450054056505159,3010.0,2.6500000000000004
3358,2.3,2.4,0.0917,178,0.10410958904109589,0.04616029198341618,3015.0,2.3499999999999996
3360,2.0,2.1,0.0916,135,0.10410958904109589,0.04781729319104567,3020.0,2.05
3362,1.75,1.9,0.0919,304,0.10410958904109589,0.04947155328707216,3025.0,1.825
3364,1.55,1.65,0.0919,120,0.10410958904109589,0.051123081325545126,3030.0,1.6
3366,1.35,1.5,0.0922,7,0.10410958904109589,0.05277188631572892,3035.0,1.425
3368,1.2,1.35,0.0927,187,0.10410958904109589,0.05441797722239764,3040.0,1.275
3370,1.1,1.2,0.0932,12,0.10410958904109589,0.05606136296612764,3045.0,1.15
3372,0.95,1.1,0.0936,140,0.10410958904109589,0.05770205242358753,3050.0,1.025
3374,0.85,1.0,0.0942,82,0.10410958904109589,0.059340054427825896,3055.0,0.925
3376,0.75,0.9,0.0946,199,0.10410958904109589,0.06097537776855663,3060.0,0.825
3378,0.7,0.8,0.0953,0,0.10410958904109589,0.06260803119244214,3065.0,0.75
3380,0.6,0.75,0.0958,77,0.10410958904109589,0.06423802340337319,3070.0,0.675
3382,0.55,0.7,0.0967,63,0.10410958904109589,0.06586536306274857,3075.0,0.625
3384,0.5,0.65,0.0976,20,0.10410958904109589,0.06749005878975045,3080.0,0.575
3386,0.45,0.6,0.0983,0,0.10410958904109589,0.06911211916161847,3085.0,0.525
3388,0.4,0.55,0.0989,22,0.10410958904109589,0.07073155271392141,3090.0,0.47500000000000003
3390,0.4,0.5,0.1001,0,0.10410958904109589,0.07234836794082672,3095.0,0.45
3392,0.35,0.5,0.1012,156,0.10410958904109589,0.07396257329536783,3100.0,0.425
3394,0.3,0.45,0.1015,0,0.10410958904109589,0.07557417718970934,3105.0,0.375
3396,0.3,0.4,0.1024,149,0.10410958904109589,0.07718318799541,3110.0,0.35
3398,0.25,0.35,0.1041,0,0.10410958904109589,0.08039346362565838,3120.0,0.3
3400,0.25,0.35,0.1059,111,0.10410958904109589,0.08199474499263221,3125.0,0.3
3402,0.2,0.35,0.1066,0,0.10410958904109589,0.08359346635632921,3130.0,0.275
3404,0.2,0.3,0.1089,0,0.10410958904109589,0.08678326172442932,3140.0,0.25
3406,0.15,0.25,0.1096,27,0.10410958904109589,0.08996291464180897,3150.0,0.2
3408,0.1,0.25,0.1113,0,0.10410958904109589,0.09313248940308798,3160.0,0.175
3410,0.1,0.25,0.1148,0,0.10410958904109589,0.09629204969345664,3170.0,0.175
3412,0.1,0.2,0.1146,7,0.10410958904109589,0.09786809414892235,3175.0,0.15000000000000002
3414,0.1,0.2,0.1162,0,0.10410958904109589,0.09944165859635283,3180.0,0.15000000000000002
3416,0.05,0.2,0.1204,10,0.10410958904109589,0.10571127160994814,3200.0,0.125
3418,0.05,0.15,0.1253,0,0.10410958904109589,0.1134934120520032,3225.0,0.1
3420,0.0,0.15,0.1295,156,0.10410958904109589,0.1212154581459134,3250.0,0.075
3422,0.0,0.1,0.1393,389,0.10410958904109589,0.13648293027670183,3300.0,0.05
3424,0.0,0.1,0.1666,305,0.10410958904109589,0.166335893426383,3400.0,0.05
3426,0.0,0.05,0.1826,4,0.10410958904109589,0.19532343029963528,3500.0,0.025
3428,0.0,0.05,0.2067,2,0.10410958904109589,0.22349430726633163,3600.0,0.025
3430,0.0,0.05,0.2299,0,0.10410958904109589,0.25089328145444606,3700.0,0.025
3432,1570.7,1582.1,0.0,0,0.1232876712328767,-0.7950752737282416,1300.0,1576.4
3433,1470.7,1482.1,0.0,0,0.1232876712328767,-0.7209673015745197,1400.0,1476.4
3434,1370.7,1382.1,0.0,0,0.1232876712328767,-0.6519744300875684,1500.0,1376.4
3435,1271.1,1282.5,0.0,0,0.1232876712328767,-0.5874359089499972,1600.0,1276.8
3436,1171.5,1182.9,0.0,0,0.1232876712328767,-0.5268112871335623,1700.0,1177.2
3437,1122.2,1133.6,0.0,0,0.1232876712328767,-0.49782375026031,1750.0,1127.9
3438,1072.8,1084.1,0.4494,0,0.1232876712328767,-0.4696528732936137,1800.0,1078.4499999999998
3439,1022.9,1034.3,0.4254,0,0.1232876712328767,-0.4422538991054992,1850.0,1028.6
3440,972.8,984.2,0.0,0,0.1232876712328767,-0.4155856520233379,1900.0,978.5
3441,923.0,934.4,0.0,0,0.1232876712328767,-0.3896101656200773,1950.0,928.7
3442,877.8,880.3,0.3552,0,0.1232876712328767,-0.3642923576357874,2000.0,879.05
3443,828.2,830.7,0.3662,0,0.1232876712328767,-0.33959974504541585,2050.0,829.45
3444,778.4,780.9,0.3468,0,0.1232876712328767,-0.3155021934663554,2100.0,779.65
3445,753.5,756.0,0.337,0,0.1232876712328767,-0.3036677358193525,2125.0,754.75
3446,728.8,731.4,0.3427,0,0.1232876712328767,-0.29197169605616125,2150.0,730.0999999999999
3447,703.9,706.5,0.3318,0,0.1232876712328767,-0.28041087365508527,2175.0,705.2
3448,679.1,681.7,0.3257,0,0.1232876712328767,-0.2689821778314625,2200.0,680.4000000000001
3449,654.1,656.7,0.3101,0,0.1232876712328767,-0.2576826225775291,2225.0,655.4000000000001
3450,629.3,631.9,0.3035,0,0.1232876712328767,-0.2465093219794039,2250.0,630.5999999999999
3451,604.7,607.2,0.3015,0,0.1232876712328767,-0.23545948579281892,2275.0,605.95
3452,579.9,582.5,0.2946,0,0.1232876712328767,-0.22453041526062864,2300.0,581.2
3453,570.0,572.6,0.2916,0,0.1232876712328767,-0.22019201366203053,2310.0,571.3
3454,560.1,562.6,0.2872,0,0.1232876712328767,-0.21587235251751405,2320.0,561.35
3455,555.0,557.6,0.2829,0,0.1232876712328767,-0.21371949915641303,2325.0,556.3
3456,550.2,552.8,0.2854,0,0.1232876712328767,-0.21157127061812347,2330.0,551.5
3457,540.3,542.9,0.2821,0,0.1232876712328767,-0.20728860882612268,2340.0,541.5999999999999
3458,530.5,533.1,0.281,0,0.1232876712328767,-0.20302421003966506,2350.0,531.8
3459,520.6,523.1,0.2765,0,0.1232876712328767,-0.198777919158214,2360.0,521.85
3460,510.6,513.2,0.2719,0,0.1232876712328767,-0.1945495830486928,2370.0,511.90000000000003
3461,505.6,508.2,0.269,0,0.1232876712328767,-0.19244210070912812,2375.0,506.9
3462,500.8,503.4,0.2703,0,0.1232876712328767,-0.19033905051234934,2380.0,502.1
3463,490.9,493.5,0.2667,0,0.1232876712328767,-0.18614617225231345,2390.0,492.2
3464,481.1,483.8,0.2657,0,0.1232876712328767,-0.1819708008418327,2400.0,482.45000000000005
3465,471.2,473.6,0.2591,0,0.1232876712328767,-0.17781279069316908,2410.0,472.4
3466,461.4,463.8,0.257,0,0.1232876712328767,-0.1736719980271376,2420.0,462.6
3467,456.5,458.8,0.255,0,0.1232876712328767,-0.17160801380628612,2425.0,457.65
3468,451.6,454.0,0.2547,0,0.1232876712328767,-0.16954828084327558,2430.0,452.8
3469,441.7,444.1,0.2506,0,0.1232876712328767,-0.16544149889062224,2440.0,442.9
3470,431.9,434.3,0.248,0,0.1232876712328767,-0.16135151363909703,2450.0,433.1
3471,422.1,424.5,0.2453,0,0.1232876712328767,-0.15727818825146125,2460.0,423.3
3472,412.3,414.7,0.2424,0,0.1232876712328767,-0.1532213875558468,2470.0,413.5
3473,407.4,409.8,0.2409,0,0.1232876712328767,-0.15119914217507902,2475.0,408.6
3474,402.6,404.9,0.24,0,0.1232876712328767,-0.14918097801884186,2480.0,403.75
3475,392.9,395.1,0.2374,0,0.1232876712328767,-0.14515682771911648,2490.0,394.0
3476,383.0,385.4,0.234,9,0.1232876712328767,-0.14114880632157759,2500.0,384.2
3477,373.3,375.6,0.2311,0,0.1232876712328767,-0.13715678505204018,2510.0,374.45000000000005
3478,363.5,365.8,0.2275,235,0.1232876712328767,-0.13318063667240068,2520.0,364.65
3479,358.6,361.0,0.2262,3,0.1232876712328767,-0.1311984754684095,2525.0,359.8
3480,353.8,356.1,0.2248,11,0.1232876712328767,-0.1292202354563038,2530.0,354.95000000000005
3481,348.9,351.2,0.2229,0,0.1232876712328767,-0.12724590115258622,2535.0,350.04999999999995
3482,344.1,346.4,0.2219,1,0.1232876712328767,-0.1252754571652875,2540.0,345.25
3483,339.2,341.6,0.2204,0,0.1232876712328767,-0.12330888819324655,2545.0,340.4
3484,334.4,336.7,0.2189,0,0.1232876712328767,-0.12134617902539786,2550.0,335.54999999999995
3485,329.5,331.9,0.2173,0,0.1232876712328767,-0.11938731454006492,2555.0,330.7
3486,324.7,327.0,0.2157,0,0.1232876712328767,-0.11743227970426158,2560.0,325.85
3487,319.9,322.2,0.2145,0,0.1232876712328767,-0.11548105957299987,2565.0,321.04999999999995
3488,315.0,317.3,0.2123,0,0.1232876712328767,-0.11353363928860419,2570.0,316.15
3489,310.2,312.5,0.211,0,0.1232876712328767,-0.11159000408003318,2575.0,311.35
3490,305.4,307.7,0.2096,0,0.1232876712328767,-0.10965013926220661,2580.0,306.54999999999995
3491,300.6,302.9,0.2082,0,0.1232876712328767,-0.10771403023534024,2585.0,301.75
3492,295.8,298.1,0.2067,0,0.1232876712328767,-0.10578166248428633,2590.0,296.95000000000005
3493,291.0,293.3,0.2052,0,0.1232876712328767,-0.10385302157788065,2595.0,292.15
3494,286.2,288.5,0.2036,0,0.1232876712328767,-0.10192809316829628,2600.0,287.35
3495,281.5,283.7,0.2024,0,0.1232876712328767,-0.10000686299040243,2605.0,282.6
3496,276.7,278.9,0.2007,0,0.1232876712328767,-0.09808931686113065,2610.0,277.79999999999995
3497,271.9,274.1,0.199,0,0.1232876712328767,-0.0961754406788465,2615.0,273.0
3498,267.1,269.4,0.1976,0,0.1232876712328767,-0.09426522042272713,2620.0,268.25
3499,262.5,264.7,0.1967,0,0.1232876712328767,-0.09235864215214558,2625.0,263.6
3500,257.6,259.9,0.1945,0,0.1232876712328767,-0.09045569200605948,2630.0,258.75
3501,252.9,255.1,0.1929,0,0.1232876712328767,-0.08855635620240704,2635.0,254.0
3502,248.2,250.4,0.1916,0,0.1232876712328767,-0.08666062103750792,2640.0,249.3
3503,243.4,245.6,0.1896,0,0.1232876712328767,-0.08476847288546992,2645.0,244.5
3504,238.7,240.9,0.1881,78,0.1232876712328767,-0.0828798981976018,2650.0,239.8
3505,234.1,236.2,0.1869,0,0.1232876712328767,-0.08099488350183051,2655.0,235.14999999999998
3506,229.4,231.5,0.1853,0,0.1232876712328767,-0.07911341540212498,2660.0,230.45
3507,224.7,226.8,0.1837,0,0.1232876712328767,-0.07723548057792484,2665.0,225.75
3508,220.2,222.2,0.1828,0,0.1232876712328767,-0.07536106578357445,2670.0,221.2
3509,215.4,217.5,0.1807,0,0.1232876712328767,-0.07349015784776276,2675.0,216.45
3510,210.8,212.8,0.1792,0,0.1232876712328767,-0.07162274367296735,2680.0,211.8
3511,206.2,208.3,0.178,0,0.1232876712328767,-0.06975881023490467,2685.0,207.25
3512,201.5,203.6,0.1761,0,0.1232876712328767,-0.06789834458198497,2690.0,202.55
3513,196.9,199.0,0.1745,0,0.1232876712328767,-0.06604133383477213,2695.0,197.95
3514,192.4,194.4,0.1732,79,0.1232876712328767,-0.06418776518544925,2700.0,193.4
3515,187.8,189.8,0.1715,0,0.1232876712328767,-0.062337625897287814,2705.0,188.8
3516,183.3,185.3,0.1702,28,0.1232876712328767,-0.06049090330412315,2710.0,184.3
3517,178.7,180.7,0.1684,29,0.1232876712328767,-0.058647584809833946,2715.0,179.7
3518,174.2,176.2,0.1669,15,0.1232876712328767,-0.05680765788782678,2720.0,175.2
3519,169.7,171.7,0.1654,0,0.1232876712328767,-0.054971110080525236,2725.0,170.7
3520,165.2,167.1,0.1635,285,0.1232876712328767,-0.0531379289988643,2730.0,166.14999999999998
3521,160.8,162.7,0.1622,53,0.1232876712328767,-0.05130810232178815,2735.0,161.75
3522,156.3,158.2,0.1604,0,0.1232876712328767,-0.04948161779575385,2740.0,157.25
3523,151.9,153.8,0.1589,0,0.1232876712328767,-0.04765846323423877,2745.0,152.85000000000002
3524,147.6,149.4,0.1575,152,0.1232876712328767,-0.045838626517252706,2750.0,148.5
3525,143.2,145.0,0.1559,0,0.1232876712328767,-0.04402209559085485,2755.0,144.1
3526,138.9,140.6,0.1543,12,0.1232876712328767,-0.04220885846667405,2760.0,139.75
3527,134.6,136.3,0.1528,13,0.1232876712328767,-0.04039890322143458,2765.0,135.45
3528,130.3,132.0,0.1512,56,0.1232876712328767,-0.038592217996485594,2770.0,131.15
3529,126.1,127.7,0.1496,7,0.1232876712328767,-0.0367887909973348,2775.0,126.9
3530,121.8,123.4,0.1478,13,0.1232876712328767,-0.03498861049318696,2780.0,122.6
3531,117.6,119.2,0.1462,29,0.1232876712328767,-0.03319166481648533,2785.0,118.4
3532,114.1,114.6,0.145,25,0.1232876712328767,-0.03139794236245844,2790.0,114.35
3533,110.0,110.5,0.1435,48,0.1232876712328767,-0.02960743158867024,2795.0,110.25
3534,105.9,106.4,0.1419,45,0.1232876712328767,-0.027820121014574394,2800.0,106.15
3535,101.9,102.4,0.1404,57,0.1232876712328767,-0.026035999221073018,2805.0,102.15
3536,97.9,98.4,0.1389,20,0.1232876712328767,-0.02425505485007828,2810.0,98.15
3537,93.9,94.4,0.1372,29,0.1232876712328767,-0.022477276604078996,2815.0,94.15
3538,90.0,90.5,0.1356,50,0.1232876712328767,-0.020702653245710502,2820.0,90.25
3539,86.2,86.6,0.1341,158,0.1232876712328767,-0.018931173597328366,2825.0,86.4
3540,82.3,82.8,0.1324,11,0.1232876712328767,-0.017162826540586398,2830.0,82.55
3541,78.6,79.1,0.131,22,0.1232876712328767,-0.015397601016017283,2835.0,78.85
3542,74.9,75.4,0.1294,7,0.1232876712328767,-0.013635486022618026,2840.0,75.15
3543,71.2,71.7,0.1277,55,0.1232876712328767,-0.011876470617438477,2845.0,71.45
3544,67.7,68.1,0.1262,7559,0.1232876712328767,-0.010120543915173473,2850.0,67.9
3545,64.2,64.6,0.1246,75,0.1232876712328767,-0.008367695087759114,2855.0,64.4
3546,60.7,61.2,0.1231,29,0.1232876712328767,-0.006617913363971453,2860.0,60.95
3547,57.4,57.8,0.1216,25,0.1232876712328767,-0.00487118802902981,2865.0,57.599999999999994
3548,54.1,54.5,0.12,15,0.1232876712328767,-0.0031275084242029776,2870.0,54.3
3549,50.9,51.3,0.1185,85,0.1232876712328767,-0.0013868639464188668,2875.0,51.099999999999994
3550,47.8,48.2,0.1171,57,0.1232876712328767,0.0003507559521219104,2880.0,48.0
3551,44.7,45.2,0.1156,8,0.1232876712328767,0.0020853617643302107,2885.0,44.95
3552,41.8,42.2,0.1141,76,0.1232876712328767,0.003816963928608097,2890.0,42.0
3553,39.0,39.4,0.1127,11,0.1232876712328767,0.005545572829225849,2895.0,39.2
3554,36.3,36.7,0.1114,943,0.1232876712328767,0.007271198796695605,2900.0,36.5
3555,33.6,34.1,0.11,245,0.1232876712328767,0.00899385210814179,2905.0,33.85
3556,31.1,31.5,0.1086,14685,0.1232876712328767,0.010713542987668584,2910.0,31.3
3557,28.7,29.1,0.1073,39,0.1232876712328767,0.012430281606723118,2915.0,28.9
3558,26.4,26.8,0.1061,72,0.1232876712328767,0.014144078084457773,2920.0,26.6
3559,24.3,24.7,0.1051,8230,0.1232876712328767,0.01585494248808719,2925.0,24.5
3560,22.2,22.6,0.1038,20,0.1232876712328767,0.017562884833243288,2930.0,22.4
3561,20.3,20.6,0.1027,92,0.1232876712328767,0.0192679150843271,2935.0,20.450000000000003
3562,18.4,18.8,0.1015,133,0.1232876712328767,0.02097004315485755,2940.0,18.6
3563,16.7,17.1,0.1005,56,0.1232876712328767,0.022669278907817315,2945.0,16.9
3564,15.1,15.5,0.0995,1176,0.1232876712328767,0.02436563215599572,2950.0,15.3
3565,13.6,14.0,0.0985,113,0.1232876712328767,0.026059112662328764,2955.0,13.8
3566,12.3,12.7,0.0979,14735,0.1232876712328767,0.027749730140236226,2960.0,12.5
3567,11.0,11.4,0.0969,1932,0.1232876712328767,0.02943749425395619,2965.0,11.2
3568,9.9,10.3,0.0964,691,0.1232876712328767,0.031122414618875646,2970.0,10.100000000000001
3569,8.9,9.2,0.0957,242,0.1232876712328767,0.03280450080186045,2975.0,9.05
3570,7.9,8.3,0.0951,348,0.1232876712328767,0.03448376232158044,2980.0,8.100000000000001
3571,7.1,7.4,0.0946,64,0.1232876712328767,0.036160208648832744,2985.0,7.25
3572,6.3,6.6,0.0941,22,0.1232876712328767,0.03783384920686237,2990.0,6.449999999999999
3573,5.6,5.9,0.0937,9,0.1232876712328767,0.03950469337167996,2995.0,5.75
3574,5.0,5.3,0.0935,205,0.1232876712328767,0.04117275047237696,3000.0,5.15
3575,4.4,4.7,0.093,27,0.1232876712328767,0.04283802979143815,3005.0,4.550000000000001
3576,3.9,4.2,0.0928,1284,0.1232876712328767,0.04450054056505159,3010.0,4.05
3577,3.5,3.8,0.0929,212,0.1232876712328767,0.04616029198341618,3015.0,3.65
3578,3.2,3.4,0.0931,351,0.1232876712328767,0.04781729319104567,3020.0,3.3
3579,2.8,3.1,0.0932,72,0.1232876712328767,0.04947155328707216,3025.0,2.95
3580,2.55,2.7,0.0931,19,0.1232876712328767,0.051123081325545126,3030.0,2.625
3581,2.3,2.45,0.0934,20,0.1232876712328767,0.05277188631572892,3035.0,2.375
3582,2.05,2.2,0.0935,1472,0.1232876712328767,0.05441797722239764,3040.0,2.125
3583,1.65,1.8,0.0941,40,0.1232876712328767,0.05770205242358753,3050.0,1.725
3584,1.35,1.5,0.095,0,0.1232876712328767,0.06097537776855663,3060.0,1.425
3585,1.0,1.15,0.0965,164,0.1232876712328767,0.06586536306274857,3075.0,1.075
3586,0.65,0.75,0.0994,176,0.1232876712328767,0.07396257329536783,3100.0,0.7
3587,0.4,0.55,0.1029,152,0.1232876712328767,0.08199474499263221,3125.0,0.47500000000000003
3588,0.25,0.4,0.1063,123,0.1232876712328767,0.08996291464180897,3150.0,0.325
3589,0.15,0.3,0.1097,0,0.1232876712328767,0.09786809414892235,3175.0,0.22499999999999998
3590,0.1,0.25,0.1143,18,0.1232876712328767,0.10571127160994814,3200.0,0.175
3591,0.0,0.2,0.1222,4,0.1232876712328767,0.1212154581459134,3250.0,0.1
3592,0.0,0.15,0.1324,235,0.1232876712328767,0.13648293027670183,3300.0,0.075
3593,0.0,0.1,0.1533,0,0.1232876712328767,0.166335893426383,3400.0,0.05
3594,1869.1,1880.5,0.0,0,0.14246575342465753,-1.0574395381957327,1000.0,1874.8
3595,1769.5,1780.9,0.0,0,0.14246575342465753,-0.9621293583914078,1100.0,1775.2
3596,1669.6,1681.0,0.0,0,0.14246575342465753,-0.875117981401778,1200.0,1675.3
3597,1569.8,1581.2,0.0,0,0.14246575342465753,-0.7950752737282416,1300.0,1575.5
3598,1470.1,1481.4,0.0,0,0.14246575342465753,-0.7209673015745197,1400.0,1475.75
3599,1420.2,1431.6,0.0,0,0.14246575342465753,-0.6858759817632497,1450.0,1425.9
3600,1370.9,1382.3,0.0,0,0.14246575342465753,-0.6519744300875684,1500.0,1376.6
3601,1321.0,1332.4,0.0,0,0.14246575342465753,-0.6191846072645775,1550.0,1326.7
3602,1270.9,1282.3,0.0,0,0.14246575342465753,-0.5874359089499972,1600.0,1276.6
3603,1221.1,1232.5,0.0,0,0.14246575342465753,-0.5566642502832435,1650.0,1226.8
3604,1171.8,1183.2,0.0,0,0.14246575342465753,-0.5268112871335623,1700.0,1177.5
3605,1121.6,1133.0,0.0,1,0.14246575342465753,-0.49782375026031,1750.0,1127.3
3606,1096.7,1108.1,0.0,1,0.14246575342465753,-0.48363911526835357,1775.0,1102.4
3607,1072.3,1083.7,0.0,1,0.14246575342465753,-0.4696528732936137,1800.0,1078.0
3608,1047.4,1058.8,0.0,0,0.14246575342465753,-0.45585955116127785,1825.0,1053.1
3609,1022.3,1033.6,0.0,0,0.14246575342465753,-0.4422538991054992,1850.0,1027.9499999999998
3610,997.7,1009.1,0.3697,0,0.14246575342465753,-0.42883087877335857,1875.0,1003.4000000000001
3611,972.7,984.1,0.298,1,0.14246575342465753,-0.4155856520233379,1900.0,978.4000000000001
3612,947.9,959.3,0.3558,0,0.14246575342465753,-0.4025135704559851,1925.0,953.5999999999999
3613,923.0,934.3,0.3348,0,0.14246575342465753,-0.3896101656200773,1950.0,928.65
3614,898.2,909.6,0.3571,0,0.14246575342465753,-0.3768711398426475,1975.0,903.9000000000001
3615,878.3,880.4,0.3803,0,0.14246575342465753,-0.3642923576357874,2000.0,879.3499999999999
3616,853.3,855.5,0.3662,0,0.14246575342465753,-0.35186983763723023,2025.0,854.4
3617,828.4,830.6,0.3556,0,0.14246575342465753,-0.33959974504541585,2050.0,829.5
3618,803.6,805.8,0.3509,0,0.14246575342465753,-0.32747838451307104,2075.0,804.7
3619,778.6,780.9,0.3372,0,0.14246575342465753,-0.3155021934663554,2100.0,779.75
3620,753.9,756.1,0.3344,0,0.14246575342465753,-0.3036677358193525,2125.0,755.0
3621,738.9,741.2,0.3273,110,0.14246575342465753,-0.2966337091619725,2140.0,740.05
3622,729.2,731.5,0.3342,0,0.14246575342465753,-0.29197169605616125,2150.0,730.35
3623,719.2,721.4,0.3261,0,0.14246575342465753,-0.2873313164996591,2160.0,720.3
3624,709.3,711.5,0.324,0,0.14246575342465753,-0.28271237064336446,2170.0,710.4
3625,704.4,706.7,0.3266,0,0.14246575342465753,-0.28041087365508527,2175.0,705.55
3626,699.3,701.5,0.318,2,0.14246575342465753,-0.27811466139473506,2180.0,700.4
3627,689.5,691.7,0.3195,0,0.14246575342465753,-0.2735379943673232,2190.0,690.6
3628,679.6,681.9,0.3186,3,0.14246575342465753,-0.2689821778314625,2200.0,680.75
3629,669.8,672.0,0.3175,0,0.14246575342465753,-0.2644470226660713,2210.0,670.9
3630,659.8,662.1,0.3132,0,0.14246575342465753,-0.25993234231154455,2220.0,660.95
3631,654.8,657.0,0.3088,1,0.14246575342465753,-0.2576826225775291,2225.0,655.9
3632,649.9,652.2,0.3103,0,0.14246575342465753,-0.2554379527237053,2230.0,651.05
3633,640.1,642.3,0.3088,0,0.14246575342465753,-0.25096367232878414,2240.0,641.2
3634,630.2,632.4,0.3057,2,0.14246575342465753,-0.2465093219794039,2250.0,631.3
3635,620.2,622.5,0.3013,0,0.14246575342465753,-0.2420747249115382,2260.0,621.35
3636,610.3,612.6,0.2981,0,0.14246575342465753,-0.23765970670242131,2270.0,611.45
3637,605.3,607.5,0.294,0,0.14246575342465753,-0.23545948579281892,2275.0,606.4
3638,600.5,602.7,0.2959,0,0.14246575342465753,-0.2332640952293833,2280.0,601.6
3639,590.5,592.7,0.2904,0,0.14246575342465753,-0.22888772062958446,2290.0,591.6
3640,580.5,582.7,0.2848,0,0.14246575342465753,-0.22453041526062864,2300.0,581.6
3641,570.7,572.9,0.2836,0,0.14246575342465753,-0.22019201366203053,2310.0,571.8
3642,560.9,563.2,0.2833,0,0.14246575342465753,-0.21587235251751405,2320.0,562.05
3643,555.9,558.1,0.2795,0,0.14246575342465753,-0.21371949915641303,2325.0,557.0
3644,550.8,553.1,0.2757,24,0.14246575342465753,-0.21157127061812347,2330.0,551.95
3645,541.1,543.3,0.2751,52,0.14246575342465753,-0.20728860882612268,2340.0,542.2
3646,531.4,533.6,0.2751,0,0.14246575342465753,-0.20302421003966506,2350.0,532.5
3647,521.4,523.6,0.2696,0,0.14246575342465753,-0.198777919158214,2360.0,522.5
3648,511.6,513.6,0.2658,35,0.14246575342465753,-0.1945495830486928,2370.0,512.6
3649,506.6,508.7,0.2639,4,0.14246575342465753,-0.19244210070912812,2375.0,507.65
3650,501.6,503.8,0.262,0,0.14246575342465753,-0.19033905051234934,2380.0,502.70000000000005
3651,491.9,493.9,0.2597,0,0.14246575342465753,-0.18614617225231345,2390.0,492.9
3652,482.0,484.1,0.2566,250,0.14246575342465753,-0.1819708008418327,2400.0,483.05
3653,477.1,479.2,0.2553,0,0.14246575342465753,-0.17988963463800817,2405.0,478.15
3654,472.1,474.3,0.2533,0,0.14246575342465753,-0.17781279069316908,2410.0,473.20000000000005
3655,467.2,469.4,0.252,0,0.14246575342465753,-0.17574025109119673,2415.0,468.29999999999995
3656,462.4,464.5,0.2514,96,0.14246575342465753,-0.1736719980271376,2420.0,463.45
3657,457.4,459.6,0.2493,2,0.14246575342465753,-0.17160801380628612,2425.0,458.5
3658,452.5,454.7,0.2479,25,0.14246575342465753,-0.16954828084327558,2430.0,453.6
3659,447.6,449.8,0.2465,0,0.14246575342465753,-0.1674927816611796,2435.0,448.70000000000005
3660,442.8,444.9,0.2456,26,0.14246575342465753,-0.16544149889062224,2440.0,443.85
3661,437.9,440.0,0.2441,0,0.14246575342465753,-0.16339441526889728,2445.0,438.95
3662,433.1,435.0,0.2426,47,0.14246575342465753,-0.16135151363909703,2450.0,434.05
3663,428.3,430.2,0.2422,0,0.14246575342465753,-0.15931277694924878,2455.0,429.25
3664,423.4,425.3,0.2406,25,0.14246575342465753,-0.15727818825146125,2460.0,424.35
3665,418.4,420.4,0.2384,0,0.14246575342465753,-0.1552477307010793,2465.0,419.4
3666,413.5,415.5,0.2368,1,0.14246575342465753,-0.1532213875558468,2470.0,414.5
3667,408.6,410.6,0.2351,25,0.14246575342465753,-0.15119914217507902,2475.0,409.6
3668,403.7,405.8,0.234,8,0.14246575342465753,-0.14918097801884186,2480.0,404.75
3669,399.0,400.9,0.2333,0,0.14246575342465753,-0.14716687864714065,2485.0,399.95
3670,393.9,396.0,0.2305,8,0.14246575342465753,-0.14515682771911648,2490.0,394.95
3671,389.1,391.2,0.2297,0,0.14246575342465753,-0.14315080899225063,2495.0,390.15
3672,384.4,386.3,0.2289,601,0.14246575342465753,-0.14114880632157759,2500.0,385.35
3673,379.3,381.5,0.2266,0,0.14246575342465753,-0.13915080365890456,2505.0,380.4
3674,374.5,376.6,0.2252,121,0.14246575342465753,-0.13715678505204018,2510.0,375.55
3675,369.9,371.7,0.2247,0,0.14246575342465753,-0.1351667346440302,2515.0,370.79999999999995
3676,364.8,366.9,0.2223,87,0.14246575342465753,-0.13318063667240068,2520.0,365.85
3677,360.2,362.0,0.2217,56,0.14246575342465753,-0.1311984754684095,2525.0,361.1
3678,355.2,357.2,0.2197,82,0.14246575342465753,-0.1292202354563038,2530.0,356.2
3679,350.4,352.4,0.2186,0,0.14246575342465753,-0.12724590115258622,2535.0,351.4
3680,345.6,347.5,0.217,171,0.14246575342465753,-0.1252754571652875,2540.0,346.55
3681,340.9,342.7,0.2161,0,0.14246575342465753,-0.12330888819324655,2545.0,341.79999999999995
3682,335.9,337.9,0.214,635,0.14246575342465753,-0.12134617902539786,2550.0,336.9
3683,331.1,333.1,0.2127,0,0.14246575342465753,-0.11938731454006492,2555.0,332.1
3684,326.3,328.3,0.2113,40,0.14246575342465753,-0.11743227970426158,2560.0,327.3
3685,321.5,323.5,0.2099,0,0.14246575342465753,-0.11548105957299987,2565.0,322.5
3686,316.7,318.7,0.2085,250,0.14246575342465753,-0.11353363928860419,2570.0,317.7
3687,311.9,313.9,0.207,308,0.14246575342465753,-0.11159000408003318,2575.0,312.9
3688,307.1,309.1,0.2054,285,0.14246575342465753,-0.10965013926220661,2580.0,308.1
3689,302.4,304.3,0.2042,0,0.14246575342465753,-0.10771403023534024,2585.0,303.35
3690,297.5,299.6,0.2026,91,0.14246575342465753,-0.10578166248428633,2590.0,298.55
3691,292.8,294.7,0.2009,13,0.14246575342465753,-0.10385302157788065,2595.0,293.75
3692,288.1,290.0,0.1998,614,0.14246575342465753,-0.10192809316829628,2600.0,289.05
3693,283.3,285.2,0.1981,0,0.14246575342465753,-0.10000686299040243,2605.0,284.25
3694,278.7,280.5,0.1972,132,0.14246575342465753,-0.09808931686113065,2610.0,279.6
3695,273.8,275.7,0.1951,1,0.14246575342465753,-0.0961754406788465,2615.0,274.75
3696,269.0,271.0,0.1936,112,0.14246575342465753,-0.09426522042272713,2620.0,270.0
3697,264.4,266.3,0.1925,348,0.14246575342465753,-0.09235864215214558,2625.0,265.35
3698,259.7,261.6,0.1911,142,0.14246575342465753,-0.09045569200605948,2630.0,260.65
3699,255.0,256.9,0.1897,0,0.14246575342465753,-0.08855635620240704,2635.0,255.95
3700,250.3,252.2,0.1882,96,0.14246575342465753,-0.08666062103750792,2640.0,251.25
3701,245.6,247.5,0.1866,0,0.14246575342465753,-0.08476847288546992,2645.0,246.55
3702,241.0,242.8,0.1853,948,0.14246575342465753,-0.0828798981976018,2650.0,241.9
3703,236.3,238.1,0.1836,0,0.14246575342465753,-0.08099488350183051,2655.0,237.2
3704,231.8,233.5,0.1827,240,0.14246575342465753,-0.07911341540212498,2660.0,232.65
3705,227.0,228.8,0.1807,0,0.14246575342465753,-0.07723548057792484,2665.0,227.9
3706,222.4,224.2,0.1793,91,0.14246575342465753,-0.07536106578357445,2670.0,223.3
3707,217.9,219.6,0.1782,1040,0.14246575342465753,-0.07349015784776276,2675.0,218.75
3708,213.1,215.0,0.1763,190,0.14246575342465753,-0.07162274367296735,2680.0,214.05
3709,208.5,210.4,0.1747,0,0.14246575342465753,-0.06975881023490467,2685.0,209.45
3710,204.0,205.8,0.1734,114,0.14246575342465753,-0.06789834458198497,2690.0,204.9
3711,199.6,201.2,0.1722,0,0.14246575342465753,-0.06604133383477213,2695.0,200.39999999999998
3712,194.9,196.7,0.1705,3964,0.14246575342465753,-0.06418776518544925,2700.0,195.8
3713,190.3,192.1,0.1687,1,0.14246575342465753,-0.062337625897287814,2705.0,191.2
3714,185.9,187.6,0.1675,131,0.14246575342465753,-0.06049090330412315,2710.0,186.75
3715,181.4,183.1,0.166,677,0.14246575342465753,-0.058647584809833946,2715.0,182.25
3716,176.8,178.6,0.1642,259,0.14246575342465753,-0.05680765788782678,2720.0,177.7
3717,172.5,174.2,0.1631,1872,0.14246575342465753,-0.054971110080525236,2725.0,173.35
3718,168.1,169.7,0.1616,45,0.14246575342465753,-0.0531379289988643,2730.0,168.89999999999998
3719,163.7,165.2,0.16,62,0.14246575342465753,-0.05130810232178815,2735.0,164.45
3720,159.3,160.8,0.1585,33,0.14246575342465753,-0.04948161779575385,2740.0,160.05
3721,154.9,156.5,0.1571,3,0.14246575342465753,-0.04765846323423877,2745.0,155.7
3722,150.5,152.1,0.1554,3349,0.14246575342465753,-0.045838626517252706,2750.0,151.3
3723,146.2,147.8,0.154,13,0.14246575342465753,-0.04402209559085485,2755.0,147.0
3724,142.0,143.4,0.1525,181,0.14246575342465753,-0.04220885846667405,2760.0,142.7
3725,137.7,139.2,0.1511,61,0.14246575342465753,-0.04039890322143458,2765.0,138.45
3726,133.6,134.9,0.1497,54,0.14246575342465753,-0.038592217996485594,2770.0,134.25
3727,129.2,130.7,0.148,1376,0.14246575342465753,-0.0367887909973348,2775.0,129.95
3728,125.6,126.1,0.1467,206,0.14246575342465753,-0.03498861049318696,2780.0,125.85
3729,121.5,121.9,0.1452,841,0.14246575342465753,-0.03319166481648533,2785.0,121.7
3730,117.3,117.8,0.1436,586,0.14246575342465753,-0.03139794236245844,2790.0,117.55
3731,113.3,113.7,0.1422,46,0.14246575342465753,-0.02960743158867024,2795.0,113.5
3732,109.2,109.7,0.1407,3042,0.14246575342465753,-0.027820121014574394,2800.0,109.45
3733,105.2,105.6,0.1391,57,0.14246575342465753,-0.026035999221073018,2805.0,105.4
3734,101.2,101.7,0.1376,247,0.14246575342465753,-0.02425505485007828,2810.0,101.45
3735,97.3,97.7,0.136,74,0.14246575342465753,-0.022477276604078996,2815.0,97.5
3736,93.4,93.9,0.1346,1626,0.14246575342465753,-0.020702653245710502,2820.0,93.65
3737,89.6,90.0,0.1331,3187,0.14246575342465753,-0.018931173597328366,2825.0,89.8
3738,85.8,86.3,0.1316,338,0.14246575342465753,-0.017162826540586398,2830.0,86.05
3739,82.1,82.5,0.1301,122,0.14246575342465753,-0.015397601016017283,2835.0,82.3
3740,78.4,78.9,0.1287,378,0.14246575342465753,-0.013635486022618026,2840.0,78.65
3741,74.8,75.2,0.1271,539,0.14246575342465753,-0.011876470617438477,2845.0,75.0
3742,71.3,71.7,0.1257,8154,0.14246575342465753,-0.010120543915173473,2850.0,71.5
3743,67.8,68.2,0.1242,62,0.14246575342465753,-0.008367695087759114,2855.0,68.0
3744,64.3,64.7,0.1226,378,0.14246575342465753,-0.006617913363971453,2860.0,64.5
3745,61.0,61.4,0.1213,100,0.14246575342465753,-0.00487118802902981,2865.0,61.2
3746,57.7,58.1,0.1198,234,0.14246575342465753,-0.0031275084242029776,2870.0,57.900000000000006
3747,54.5,54.9,0.1184,17479,0.14246575342465753,-0.0013868639464188668,2875.0,54.7
3748,51.4,51.8,0.117,288,0.14246575342465753,0.0003507559521219104,2880.0,51.599999999999994
3749,48.3,48.7,0.1155,105,0.14246575342465753,0.0020853617643302107,2885.0,48.5
3750,45.4,45.7,0.1141,317,0.14246575342465753,0.003816963928608097,2890.0,45.55
3751,42.5,42.9,0.1128,150,0.14246575342465753,0.005545572829225849,2895.0,42.7
3752,39.7,40.1,0.1114,2965,0.14246575342465753,0.007271198796695605,2900.0,39.900000000000006
3753,37.1,37.4,0.1101,818,0.14246575342465753,0.00899385210814179,2905.0,37.25
3754,34.5,34.8,0.1088,234,0.14246575342465753,0.010713542987668584,2910.0,34.65
3755,32.0,32.4,0.1076,336,0.14246575342465753,0.012430281606723118,2915.0,32.2
3756,29.6,30.0,0.1063,887,0.14246575342465753,0.014144078084457773,2920.0,29.8
3757,27.4,27.7,0.1051,16083,0.14246575342465753,0.01585494248808719,2925.0,27.549999999999997
3758,25.2,25.6,0.104,1555,0.14246575342465753,0.017562884833243288,2930.0,25.4
3759,23.2,23.5,0.1028,208,0.14246575342465753,0.0192679150843271,2935.0,23.35
3760,21.3,21.6,0.1018,973,0.14246575342465753,0.02097004315485755,2940.0,21.450000000000003
3761,19.5,19.8,0.1008,459,0.14246575342465753,0.022669278907817315,2945.0,19.65
3762,17.8,18.1,0.0999,5757,0.14246575342465753,0.02436563215599572,2950.0,17.950000000000003
3763,16.2,16.5,0.0989,118,0.14246575342465753,0.026059112662328764,2955.0,16.35
3764,14.8,15.1,0.0983,126,0.14246575342465753,0.027749730140236226,2960.0,14.95
3765,13.4,13.7,0.0974,381,0.14246575342465753,0.02943749425395619,2965.0,13.55
3766,12.1,12.5,0.0968,613,0.14246575342465753,0.031122414618875646,2970.0,12.3
3767,11.0,11.3,0.0961,9961,0.14246575342465753,0.03280450080186045,2975.0,11.15
3768,9.9,10.2,0.0954,278,0.14246575342465753,0.03448376232158044,2980.0,10.05
3769,9.0,9.3,0.0952,376,0.14246575342465753,0.036160208648832744,2985.0,9.15
3770,8.1,8.4,0.0947,2287,0.14246575342465753,0.03783384920686237,2990.0,8.25
3771,7.3,7.6,0.0943,49,0.14246575342465753,0.03950469337167996,2995.0,7.449999999999999
3772,6.6,6.8,0.0939,7248,0.14246575342465753,0.04117275047237696,3000.0,6.699999999999999
3773,5.9,6.2,0.0936,79,0.14246575342465753,0.04283802979143815,3005.0,6.050000000000001
3774,5.3,5.6,0.0934,176,0.14246575342465753,0.04450054056505159,3010.0,5.449999999999999
3775,4.8,5.0,0.0932,68,0.14246575342465753,0.04616029198341618,3015.0,4.9
3776,4.3,4.6,0.0933,106,0.14246575342465753,0.04781729319104567,3020.0,4.449999999999999
3777,3.9,4.1,0.0931,1513,0.14246575342465753,0.04947155328707216,3025.0,4.0
3778,3.5,3.7,0.0931,108,0.14246575342465753,0.051123081325545126,3030.0,3.6
3779,3.2,3.4,0.0934,4,0.14246575342465753,0.05277188631572892,3035.0,3.3
3780,2.9,3.1,0.0936,35,0.14246575342465753,0.05441797722239764,3040.0,3.0
3781,2.65,2.8,0.0938,0,0.14246575342465753,0.05606136296612764,3045.0,2.7249999999999996
3782,2.35,2.5,0.0936,416,0.14246575342465753,0.05770205242358753,3050.0,2.425
3783,2.15,2.3,0.0941,0,0.14246575342465753,0.059340054427825896,3055.0,2.2249999999999996
3784,1.9,2.1,0.0941,118,0.14246575342465753,0.06097537776855663,3060.0,2.0
3785,1.75,1.9,0.0945,0,0.14246575342465753,0.06260803119244214,3065.0,1.825
3786,1.6,1.75,0.095,0,0.14246575342465753,0.06423802340337319,3070.0,1.675
3787,1.45,1.6,0.0953,28,0.14246575342465753,0.06586536306274857,3075.0,1.525
3788,1.35,1.45,0.0957,3,0.14246575342465753,0.06749005878975045,3080.0,1.4
3789,1.1,1.25,0.0966,5,0.14246575342465753,0.07073155271392141,3090.0,1.175
3790,0.95,1.05,0.0977,3371,0.14246575342465753,0.07396257329536783,3100.0,1.0
3791,0.75,0.9,0.0983,0,0.14246575342465753,0.07718318799541,3110.0,0.825
3792,0.65,0.8,0.0998,0,0.14246575342465753,0.08039346362565838,3120.0,0.7250000000000001
3793,0.6,0.75,0.1005,22,0.14246575342465753,0.08199474499263221,3125.0,0.675
3794,0.4,0.55,0.1038,300,0.14246575342465753,0.08996291464180897,3150.0,0.47500000000000003
3795,0.25,0.4,0.1065,0,0.14246575342465753,0.09786809414892235,3175.0,0.325
3796,0.2,0.3,0.1106,262,0.14246575342465753,0.10571127160994814,3200.0,0.25
3797,0.1,0.2,0.1182,12,0.14246575342465753,0.1212154581459134,3250.0,0.15000000000000002
3798,0.05,0.15,0.1265,228,0.14246575342465753,0.13648293027670183,3300.0,0.1
3799,0.0,0.1,0.1422,244,0.14246575342465753,0.166335893426383,3400.0,0.05
3800,0.0,0.1,0.165,0,0.14246575342465753,0.19532343029963528,3500.0,0.05
3801,1569.2,1580.6,0.0,0,0.16164383561643836,-0.7950752737282416,1300.0,1574.9
3802,1469.2,1480.6,0.0,0,0.16164383561643836,-0.7209673015745197,1400.0,1474.9
3803,1370.2,1381.5,0.0,0,0.16164383561643836,-0.6519744300875684,1500.0,1375.85
3804,1270.2,1281.6,0.0,0,0.16164383561643836,-0.5874359089499972,1600.0,1275.9
3805,1171.2,1182.6,0.0,0,0.16164383561643836,-0.5268112871335623,1700.0,1176.9
3806,1121.0,1132.4,0.0,0,0.16164383561643836,-0.49782375026031,1750.0,1126.7
3807,1071.8,1083.2,0.0,0,0.16164383561643836,-0.4696528732936137,1800.0,1077.5
3808,1022.0,1033.4,0.0,0,0.16164383561643836,-0.4422538991054992,1850.0,1027.7
3809,972.2,983.6,0.0,0,0.16164383561643836,-0.4155856520233379,1900.0,977.9000000000001
3810,922.6,934.0,0.3334,0,0.16164383561643836,-0.3896101656200773,1950.0,928.3
3811,877.8,880.1,0.3578,0,0.16164383561643836,-0.3642923576357874,2000.0,878.95
3812,828.1,830.4,0.3418,0,0.16164383561643836,-0.33959974504541585,2050.0,829.25
3813,778.5,780.7,0.3273,0,0.16164383561643836,-0.3155021934663554,2100.0,779.6
3814,728.8,731.1,0.3116,0,0.16164383561643836,-0.29197169605616125,2150.0,729.95
3815,704.2,706.5,0.3108,0,0.16164383561643836,-0.28041087365508527,2175.0,705.35
3816,679.4,681.7,0.3027,0,0.16164383561643836,-0.2689821778314625,2200.0,680.55
3817,654.9,657.1,0.3006,0,0.16164383561643836,-0.2576826225775291,2225.0,656.0
3818,629.9,632.2,0.288,0,0.16164383561643836,-0.2465093219794039,2250.0,631.05
3819,605.2,607.5,0.2813,0,0.16164383561643836,-0.23545948579281892,2275.0,606.35
3820,580.7,583.0,0.2778,0,0.16164383561643836,-0.22453041526062864,2300.0,581.85
3821,556.1,558.4,0.2715,0,0.16164383561643836,-0.21371949915641303,2325.0,557.25
3822,531.6,533.8,0.2654,0,0.16164383561643836,-0.20302421003966506,2350.0,532.7
3823,521.7,524.0,0.2623,0,0.16164383561643836,-0.198777919158214,2360.0,522.85
3824,511.8,514.0,0.2577,0,0.16164383561643836,-0.1945495830486928,2370.0,512.9
3825,507.0,509.2,0.2578,0,0.16164383561643836,-0.19244210070912812,2375.0,508.1
3826,502.1,504.3,0.2566,0,0.16164383561643836,-0.19033905051234934,2380.0,503.20000000000005
3827,492.2,494.4,0.2526,0,0.16164383561643836,-0.18614617225231345,2390.0,493.29999999999995
3828,482.5,484.7,0.2511,0,0.16164383561643836,-0.1819708008418327,2400.0,483.6
3829,472.7,474.9,0.2482,0,0.16164383561643836,-0.17781279069316908,2410.0,473.79999999999995
3830,463.0,465.2,0.2463,0,0.16164383561643836,-0.1736719980271376,2420.0,464.1
3831,458.2,460.3,0.2454,0,0.16164383561643836,-0.17160801380628612,2425.0,459.25
3832,453.2,455.4,0.2433,0,0.16164383561643836,-0.16954828084327558,2430.0,454.29999999999995
3833,443.5,445.7,0.2411,0,0.16164383561643836,-0.16544149889062224,2440.0,444.6
3834,433.7,435.9,0.2378,0,0.16164383561643836,-0.16135151363909703,2450.0,434.79999999999995
3835,424.0,426.2,0.2354,0,0.16164383561643836,-0.15727818825146125,2460.0,425.1
3836,414.4,416.5,0.2333,0,0.16164383561643836,-0.1532213875558468,2470.0,415.45
3837,409.4,411.5,0.2307,0,0.16164383561643836,-0.15119914217507902,2475.0,410.45
3838,404.6,406.8,0.2302,0,0.16164383561643836,-0.14918097801884186,2480.0,405.70000000000005
3839,394.9,397.0,0.227,0,0.16164383561643836,-0.14515682771911648,2490.0,395.95
3840,385.2,387.3,0.2241,0,0.16164383561643836,-0.14114880632157759,2500.0,386.25
3841,380.4,382.6,0.2234,0,0.16164383561643836,-0.13915080365890456,2505.0,381.5
3842,375.5,377.6,0.2211,0,0.16164383561643836,-0.13715678505204018,2510.0,376.55
3843,370.7,372.8,0.2199,0,0.16164383561643836,-0.1351667346440302,2515.0,371.75
3844,365.8,368.0,0.2183,0,0.16164383561643836,-0.13318063667240068,2520.0,366.9
3845,361.0,363.2,0.2171,0,0.16164383561643836,-0.1311984754684095,2525.0,362.1
3846,356.3,358.5,0.2165,0,0.16164383561643836,-0.1292202354563038,2530.0,357.4
3847,351.5,353.7,0.2152,0,0.16164383561643836,-0.12724590115258622,2535.0,352.6
3848,346.9,348.9,0.2145,0,0.16164383561643836,-0.1252754571652875,2540.0,347.9
3849,342.0,344.1,0.2127,0,0.16164383561643836,-0.12330888819324655,2545.0,343.05
3850,337.2,339.3,0.2113,0,0.16164383561643836,-0.12134617902539786,2550.0,338.25
3851,332.4,334.5,0.2098,0,0.16164383561643836,-0.11938731454006492,2555.0,333.45
3852,327.6,329.7,0.2083,0,0.16164383561643836,-0.11743227970426158,2560.0,328.65
3853,322.9,325.0,0.2073,0,0.16164383561643836,-0.11548105957299987,2565.0,323.95
3854,318.1,320.2,0.2058,0,0.16164383561643836,-0.11353363928860419,2570.0,319.15
3855,313.5,315.4,0.2047,0,0.16164383561643836,-0.11159000408003318,2575.0,314.45
3856,308.6,310.7,0.2031,0,0.16164383561643836,-0.10965013926220661,2580.0,309.65
3857,303.9,306.0,0.2019,0,0.16164383561643836,-0.10771403023534024,2585.0,304.95
3858,299.1,301.2,0.2002,0,0.16164383561643836,-0.10578166248428633,2590.0,300.15
3859,294.4,296.5,0.199,0,0.16164383561643836,-0.10385302157788065,2595.0,295.45
3860,289.7,291.7,0.1975,0,0.16164383561643836,-0.10192809316829628,2600.0,290.7
3861,284.9,286.9,0.1957,0,0.16164383561643836,-0.10000686299040243,2605.0,285.9
3862,280.4,282.4,0.1953,0,0.16164383561643836,-0.09808931686113065,2610.0,281.4
3863,275.6,277.6,0.1934,0,0.16164383561643836,-0.0961754406788465,2615.0,276.6
3864,270.9,272.9,0.192,0,0.16164383561643836,-0.09426522042272713,2620.0,271.9
3865,266.2,268.2,0.1905,0,0.16164383561643836,-0.09235864215214558,2625.0,267.2
3866,261.6,263.6,0.1895,0,0.16164383561643836,-0.09045569200605948,2630.0,262.6
3867,257.0,258.9,0.1881,0,0.16164383561643836,-0.08855635620240704,2635.0,257.95
3868,252.4,254.3,0.187,241,0.16164383561643836,-0.08666062103750792,2640.0,253.35000000000002
3869,247.6,249.6,0.1851,0,0.16164383561643836,-0.08476847288546992,2645.0,248.6
3870,243.0,245.0,0.1838,4,0.16164383561643836,-0.0828798981976018,2650.0,244.0
3871,238.3,240.3,0.1821,0,0.16164383561643836,-0.08099488350183051,2655.0,239.3
3872,233.8,235.7,0.1809,0,0.16164383561643836,-0.07911341540212498,2660.0,234.75
3873,229.2,231.1,0.1795,0,0.16164383561643836,-0.07723548057792484,2665.0,230.14999999999998
3874,224.7,226.6,0.1785,0,0.16164383561643836,-0.07536106578357445,2670.0,225.64999999999998
3875,220.2,222.0,0.1771,0,0.16164383561643836,-0.07349015784776276,2675.0,221.1
3876,215.5,217.4,0.1754,0,0.16164383561643836,-0.07162274367296735,2680.0,216.45
3877,211.0,212.9,0.1741,0,0.16164383561643836,-0.06975881023490467,2685.0,211.95
3878,206.4,208.3,0.1724,0,0.16164383561643836,-0.06789834458198497,2690.0,207.35000000000002
3879,202.0,203.9,0.1714,0,0.16164383561643836,-0.06604133383477213,2695.0,202.95
3880,197.4,199.3,0.1696,0,0.16164383561643836,-0.06418776518544925,2700.0,198.35000000000002
3881,193.2,194.9,0.1689,0,0.16164383561643836,-0.062337625897287814,2705.0,194.05
3882,188.6,190.4,0.1671,0,0.16164383561643836,-0.06049090330412315,2710.0,189.5
3883,184.2,185.9,0.1657,0,0.16164383561643836,-0.058647584809833946,2715.0,185.05
3884,179.8,181.5,0.1644,0,0.16164383561643836,-0.05680765788782678,2720.0,180.65
3885,175.5,177.1,0.1631,0,0.16164383561643836,-0.054971110080525236,2725.0,176.3
3886,171.0,172.7,0.1615,0,0.16164383561643836,-0.0531379289988643,2730.0,171.85
3887,166.7,168.4,0.1603,0,0.16164383561643836,-0.05130810232178815,2735.0,167.55
3888,162.3,164.0,0.1587,0,0.16164383561643836,-0.04948161779575385,2740.0,163.15
3889,157.9,159.6,0.157,0,0.16164383561643836,-0.04765846323423877,2745.0,158.75
3890,153.6,155.3,0.1556,1,0.16164383561643836,-0.045838626517252706,2750.0,154.45
3891,149.5,151.1,0.1545,0,0.16164383561643836,-0.04402209559085485,2755.0,150.3
3892,145.2,146.8,0.1529,1,0.16164383561643836,-0.04220885846667405,2760.0,146.0
3893,141.0,142.6,0.1516,361,0.16164383561643836,-0.04039890322143458,2765.0,141.8
3894,137.4,137.9,0.1502,0,0.16164383561643836,-0.038592217996485594,2770.0,137.65
3895,133.3,133.8,0.149,0,0.16164383561643836,-0.0367887909973348,2775.0,133.55
3896,129.1,129.7,0.1475,0,0.16164383561643836,-0.03498861049318696,2780.0,129.39999999999998
3897,125.0,125.5,0.1459,0,0.16164383561643836,-0.03319166481648533,2785.0,125.25
3898,121.0,121.5,0.1446,2,0.16164383561643836,-0.03139794236245844,2790.0,121.25
3899,116.9,117.4,0.143,0,0.16164383561643836,-0.02960743158867024,2795.0,117.15
3900,112.9,113.5,0.1417,2,0.16164383561643836,-0.027820121014574394,2800.0,113.2
3901,109.0,109.5,0.1403,1,0.16164383561643836,-0.026035999221073018,2805.0,109.25
3902,105.1,105.6,0.1389,1,0.16164383561643836,-0.02425505485007828,2810.0,105.35
3903,101.2,101.7,0.1374,0,0.16164383561643836,-0.022477276604078996,2815.0,101.45
3904,97.3,97.9,0.1359,0,0.16164383561643836,-0.020702653245710502,2820.0,97.6
3905,93.6,94.1,0.1346,0,0.16164383561643836,-0.018931173597328366,2825.0,93.85
3906,89.8,90.3,0.133,0,0.16164383561643836,-0.017162826540586398,2830.0,90.05
3907,86.1,86.6,0.1316,0,0.16164383561643836,-0.015397601016017283,2835.0,86.35
3908,82.5,83.0,0.1302,0,0.16164383561643836,-0.013635486022618026,2840.0,82.75
3909,78.9,79.4,0.1288,0,0.16164383561643836,-0.011876470617438477,2845.0,79.15
3910,75.4,75.9,0.1274,10,0.16164383561643836,-0.010120543915173473,2850.0,75.65
3911,71.9,72.4,0.1259,1,0.16164383561643836,-0.008367695087759114,2855.0,72.15
3912,68.5,69.0,0.1246,200,0.16164383561643836,-0.006617913363971453,2860.0,68.75
3913,65.1,65.6,0.123,0,0.16164383561643836,-0.00487118802902981,2865.0,65.35
3914,61.8,62.3,0.1216,76,0.16164383561643836,-0.0031275084242029776,2870.0,62.05
3915,58.6,59.1,0.1202,100,0.16164383561643836,-0.0013868639464188668,2875.0,58.85
3916,55.5,56.0,0.1189,72,0.16164383561643836,0.0003507559521219104,2880.0,55.75
3917,52.5,53.0,0.1177,24,0.16164383561643836,0.0020853617643302107,2885.0,52.75
3918,49.5,50.0,0.1163,7,0.16164383561643836,0.003816963928608097,2890.0,49.75
3919,46.6,47.1,0.115,5,0.16164383561643836,0.005545572829225849,2895.0,46.85
3920,43.8,44.3,0.1137,11,0.16164383561643836,0.007271198796695605,2900.0,44.05
3921,41.1,41.5,0.1124,28,0.16164383561643836,0.00899385210814179,2905.0,41.3
3922,38.5,38.9,0.1112,3,0.16164383561643836,0.010713542987668584,2910.0,38.7
3923,35.9,36.4,0.1099,0,0.16164383561643836,0.012430281606723118,2915.0,36.15
3924,33.5,33.9,0.1087,11,0.16164383561643836,0.014144078084457773,2920.0,33.7
3925,31.2,31.6,0.1076,101,0.16164383561643836,0.01585494248808719,2925.0,31.4
3926,28.9,29.4,0.1064,0,0.16164383561643836,0.017562884833243288,2930.0,29.15
3927,26.8,27.2,0.1053,0,0.16164383561643836,0.0192679150843271,2935.0,27.0
3928,24.8,25.2,0.1043,14515,0.16164383561643836,0.02097004315485755,2940.0,25.0
3929,22.9,23.3,0.1033,10,0.16164383561643836,0.022669278907817315,2945.0,23.1
3930,21.1,21.5,0.1024,1,0.16164383561643836,0.02436563215599572,2950.0,21.3
3931,19.4,19.8,0.1015,240,0.16164383561643836,0.026059112662328764,2955.0,19.6
3932,17.8,18.2,0.1006,946,0.16164383561643836,0.027749730140236226,2960.0,18.0
3933,16.3,16.8,0.0999,0,0.16164383561643836,0.02943749425395619,2965.0,16.55
3934,14.9,15.4,0.0992,0,0.16164383561643836,0.031122414618875646,2970.0,15.15
3935,13.6,14.1,0.0985,0,0.16164383561643836,0.03280450080186045,2975.0,13.85
3936,12.4,12.8,0.0977,0,0.16164383561643836,0.03448376232158044,2980.0,12.600000000000001
3937,11.3,11.7,0.0971,0,0.16164383561643836,0.036160208648832744,2985.0,11.5
3938,10.3,10.7,0.0967,2,0.16164383561643836,0.03783384920686237,2990.0,10.5
3939,9.4,9.8,0.0964,0,0.16164383561643836,0.03950469337167996,2995.0,9.600000000000001
3940,8.6,8.9,0.096,14516,0.16164383561643836,0.04117275047237696,3000.0,8.75
3941,7.8,8.1,0.0956,19,0.16164383561643836,0.04283802979143815,3005.0,7.949999999999999
3942,7.1,7.4,0.0954,1,0.16164383561643836,0.04450054056505159,3010.0,7.25
3943,6.4,6.8,0.0952,0,0.16164383561643836,0.04616029198341618,3015.0,6.6
3944,5.9,6.2,0.0952,0,0.16164383561643836,0.04781729319104567,3020.0,6.050000000000001
3945,5.4,5.6,0.095,0,0.16164383561643836,0.04947155328707216,3025.0,5.5
3946,4.9,5.2,0.0952,684,0.16164383561643836,0.051123081325545126,3030.0,5.050000000000001
3947,4.5,4.7,0.0951,1230,0.16164383561643836,0.05277188631572892,3035.0,4.6
3948,4.0,4.3,0.0949,6,0.16164383561643836,0.05441797722239764,3040.0,4.15
3949,3.4,3.6,0.0953,162,0.16164383561643836,0.05770205242358753,3050.0,3.5
3950,2.8,3.1,0.0958,1,0.16164383561643836,0.06097537776855663,3060.0,2.95
3951,2.15,2.35,0.0963,297,0.16164383561643836,0.06586536306274857,3075.0,2.25
3952,1.4,1.6,0.0982,5,0.16164383561643836,0.07396257329536783,3100.0,1.5
3953,0.95,1.1,0.1005,1,0.16164383561643836,0.08199474499263221,3125.0,1.025
3954,0.65,0.8,0.1033,1,0.16164383561643836,0.08996291464180897,3150.0,0.7250000000000001
3955,0.4,0.6,0.1055,0,0.16164383561643836,0.09786809414892235,3175.0,0.5
3956,0.3,0.45,0.1089,2,0.16164383561643836,0.10571127160994814,3200.0,0.375
3957,0.15,0.3,0.1159,4,0.16164383561643836,0.1212154581459134,3250.0,0.22499999999999998
3958,0.1,0.2,0.1235,0,0.16164383561643836,0.13648293027670183,3300.0,0.15000000000000002
3959,0.0,0.1,0.1336,241,0.16164383561643836,0.166335893426383,3400.0,0.05
3961,1866.4,1877.8,0.0,106,0.2,-1.0574395381957327,1000.0,1872.1
3963,1767.2,1778.6,0.0,0,0.2,-0.9621293583914078,1100.0,1772.9
3965,1717.7,1729.1,0.0,0,0.2,-0.917677595820574,1150.0,1723.4
3967,1668.0,1679.4,0.0,0,0.2,-0.875117981401778,1200.0,1673.7
3969,1643.2,1654.6,0.0,0,0.2,-0.8544986941990423,1225.0,1648.9
3971,1618.6,1630.0,0.0,0,0.2,-0.8342959868815228,1250.0,1624.3
3973,1593.5,1604.9,0.0,0,0.2,-0.8144933595853432,1275.0,1599.2
3975,1568.5,1579.9,0.0,0,0.2,-0.7950752737282416,1300.0,1574.2
3977,1543.3,1554.7,0.0,0,0.2,-0.7760270787575471,1325.0,1549.0
3979,1518.9,1530.3,0.0,0,0.2,-0.7573349457453945,1350.0,1524.6
3981,1494.1,1505.5,0.0,0,0.2,-0.738985807077198,1375.0,1499.8
3983,1469.3,1480.7,0.0,0,0.2,-0.7209673015745197,1400.0,1475.0
3985,1444.4,1455.8,0.0,0,0.2,-0.7032677244751188,1425.0,1450.1
3987,1419.6,1431.0,0.0,0,0.2,-0.6858759817632497,1450.0,1425.3
3989,1394.7,1406.1,0.0,0,0.2,-0.6687815484039495,1475.0,1400.4
3991,1369.9,1381.3,0.0,0,0.2,-0.6519744300875684,1500.0,1375.6
3993,1345.0,1356.4,0.0,0,0.2,-0.6354451281363578,1525.0,1350.7
3995,1320.2,1331.6,0.0,0,0.2,-0.6191846072645775,1550.0,1325.9
3997,1295.2,1306.6,0.0,19,0.2,-0.6031842659181363,1575.0,1300.9
3999,1270.5,1281.9,0.0,19,0.2,-0.5874359089499972,1600.0,1276.2
4001,1245.7,1257.1,0.0,0,0.2,-0.5719317224140319,1625.0,1251.4
4003,1220.8,1232.2,0.0,0,0.2,-0.5566642502832435,1650.0,1226.5
4005,1196.0,1207.4,0.0,0,0.2,-0.541626372918703,1675.0,1201.7
4007,1171.2,1182.5,0.0,0,0.2,-0.5268112871335623,1700.0,1176.85
4009,1146.7,1158.1,0.3791,0,0.2,-0.5122124877124096,1725.0,1152.4
4011,1121.9,1133.2,0.3754,0,0.2,-0.49782375026031,1750.0,1127.5500000000002
4013,1096.2,1107.6,0.0,0,0.2,-0.48363911526835357,1775.0,1101.9
4015,1071.9,1083.2,0.0,0,0.2,-0.4696528732936137,1800.0,1077.5500000000002
4017,1047.3,1058.7,0.3596,0,0.2,-0.45585955116127785,1825.0,1053.0
4019,1022.1,1033.4,0.0,0,0.2,-0.4422538991054992,1850.0,1027.75
4021,997.8,1009.1,0.3612,0,0.2,-0.42883087877335857,1875.0,1003.45
4023,972.6,984.0,0.3209,20,0.2,-0.4155856520233379,1900.0,978.3
4025,952.3,963.7,0.0,0,0.2,-0.40511435215604247,1920.0,958.0
4027,947.8,959.2,0.3225,0,0.2,-0.4025135704559851,1925.0,953.5
4029,942.9,954.3,0.3285,0,0.2,-0.39991953527893853,1930.0,948.5999999999999
4031,933.2,944.6,0.3443,0,0.2,-0.39475156512049586,1940.0,938.9000000000001
4033,923.0,934.4,0.321,5,0.2,-0.3896101656200773,1950.0,928.7
4035,913.5,924.8,0.345,0,0.2,-0.3844950649533069,1960.0,919.15
4037,903.3,914.7,0.3291,0,0.2,-0.37940599544583553,1970.0,909.0
4039,898.1,909.4,0.3043,0,0.2,-0.3768711398426475,1975.0,903.75
4041,892.7,904.1,0.0,0,0.2,-0.37434269348928884,1980.0,898.4000000000001
4043,882.8,894.2,0.0,0,0.2,-0.3693048994593316,1990.0,888.5
4045,878.2,880.4,0.3263,60,0.2,-0.3642923576357874,2000.0,879.3
4047,868.4,870.6,0.3297,0,0.2,-0.35930481612474835,2010.0,869.5
4049,858.4,860.6,0.3233,0,0.2,-0.3543420267826193,2020.0,859.5
4051,853.6,855.9,0.3312,0,0.2,-0.35186983763723023,2025.0,854.75
4053,848.6,850.8,0.326,0,0.2,-0.34940374514203676,2030.0,849.7
4055,838.7,840.9,0.324,0,0.2,-0.3444897303396076,2040.0,839.8
4057,828.7,830.9,0.3179,5,0.2,-0.33959974504541585,2050.0,829.8
4059,819.0,821.2,0.3231,0,0.2,-0.33473355539424304,2060.0,820.1
4061,809.0,811.3,0.319,0,0.2,-0.32989093091845495,2070.0,810.15
4063,803.9,806.2,0.3126,0,0.2,-0.32747838451307104,2075.0,805.05
4065,799.0,801.3,0.3132,0,0.2,-0.3250716444825061,2080.0,800.15
4067,789.2,791.4,0.3124,0,0.2,-0.320275472219013,2090.0,790.3
4069,779.3,781.5,0.3099,52,0.2,-0.3155021934663554,2100.0,780.4
4071,769.3,771.6,0.3058,0,0.2,-0.3107515907077576,2110.0,770.45
4073,759.7,761.9,0.3102,0,0.2,-0.30602344951181154,2120.0,760.8
4075,754.7,757.0,0.3087,0,0.2,-0.3036677358193525,2125.0,755.85
4077,749.8,752.1,0.3086,0,0.2,-0.30131755847439895,2130.0,750.95
4079,739.8,742.0,0.3018,0,0.2,-0.2966337091619725,2140.0,740.9
4081,730.1,732.3,0.3038,0,0.2,-0.29197169605616125,2150.0,731.2
4083,720.1,722.5,0.3007,0,0.2,-0.2873313164996591,2160.0,721.3
4085,710.4,712.6,0.2998,0,0.2,-0.28271237064336446,2170.0,711.5
4087,705.3,707.7,0.2972,0,0.2,-0.28041087365508527,2175.0,706.5
4089,700.3,702.6,0.2934,0,0.2,-0.27811466139473506,2180.0,701.45
4091,690.5,692.7,0.2914,0,0.2,-0.2735379943673232,2190.0,691.6
4093,685.6,688.0,0.2928,0,0.2,-0.27125749166859797,2195.0,686.8
4095,680.6,682.9,0.2892,9,0.2,-0.2689821778314625,2200.0,681.75
4097,675.8,678.1,0.2904,0,0.2,-0.2667120292969234,2205.0,676.95
4099,670.8,673.1,0.2878,0,0.2,-0.2644470226660713,2210.0,671.95
4101,665.9,668.2,0.2871,0,0.2,-0.26218713469863364,2215.0,667.05
4103,660.9,663.2,0.2845,0,0.2,-0.25993234231154455,2220.0,662.05
4105,656.1,658.4,0.2855,1,0.2,-0.2576826225775291,2225.0,657.25
4107,651.0,653.3,0.2812,0,0.2,-0.2554379527237053,2230.0,652.15
4109,646.2,648.4,0.2813,0,0.2,-0.25319831013020055,2235.0,647.3
4111,641.3,643.6,0.2812,0,0.2,-0.25096367232878414,2240.0,642.45
4113,636.3,638.6,0.2786,0,0.2,-0.248734017001515,2245.0,637.45
4115,631.4,633.7,0.2777,3,0.2,-0.2465093219794039,2250.0,632.55
4117,626.5,628.8,0.2768,0,0.2,-0.24428956524109102,2255.0,627.65
4119,621.8,623.9,0.2773,0,0.2,-0.2420747249115382,2260.0,622.8499999999999
4121,616.8,619.0,0.2755,0,0.2,-0.23986477926073527,2265.0,617.9
4123,611.7,614.0,0.2723,0,0.2,-0.23765970670242131,2270.0,612.85
4125,607.1,609.2,0.2741,0,0.2,-0.23545948579281892,2275.0,608.1500000000001
4127,602.1,604.3,0.2723,0,0.2,-0.2332640952293833,2280.0,603.2
4129,597.3,599.4,0.2719,0,0.2,-0.2310735138495647,2285.0,598.3499999999999
4131,592.4,594.5,0.2707,0,0.2,-0.22888772062958446,2290.0,593.45
4133,587.4,589.6,0.2689,0,0.2,-0.22670669468322416,2295.0,588.5
4135,582.6,584.7,0.2683,1002,0.2,-0.22453041526062864,2300.0,583.6500000000001
4137,577.6,579.8,0.2664,0,0.2,-0.22235886174712086,2305.0,578.7
4139,572.7,574.9,0.2652,0,0.2,-0.22019201366203053,2310.0,573.8
4141,567.8,570.0,0.2639,0,0.2,-0.21802985065753533,2315.0,568.9
4143,562.9,565.1,0.2626,0,0.2,-0.21587235251751405,2320.0,564.0
4145,557.9,560.1,0.2602,2,0.2,-0.21371949915641303,2325.0,559.0
4147,553.1,555.3,0.26,0,0.2,-0.21157127061812347,2330.0,554.2
4149,548.4,550.6,0.2609,0,0.2,-0.20942764707487208,2335.0,549.5
4151,543.4,545.6,0.2584,0,0.2,-0.20728860882612268,2340.0,544.5
4153,538.5,540.7,0.257,0,0.2,-0.20515413629748994,2345.0,539.6
4155,533.6,535.8,0.2556,3,0.2,-0.20302421003966506,2350.0,534.7
4157,528.8,531.0,0.2553,0,0.2,-0.2008988107273516,2355.0,529.9
4159,523.9,526.0,0.2533,0,0.2,-0.198777919158214,2360.0,524.95
4161,519.0,521.2,0.2523,0,0.2,-0.19666151625183645,2365.0,520.1
4163,514.1,516.3,0.2508,0,0.2,-0.1945495830486928,2370.0,515.2
4165,509.3,511.4,0.2498,17,0.2,-0.19244210070912812,2375.0,510.35
4167,504.4,506.6,0.2487,0,0.2,-0.19033905051234934,2380.0,505.5
4169,499.5,501.7,0.2472,0,0.2,-0.18824041385542817,2385.0,500.6
4171,494.6,496.8,0.2456,0,0.2,-0.18614617225231345,2390.0,495.70000000000005
4173,490.0,492.0,0.2458,0,0.2,-0.18405630733285408,2395.0,491.0
4175,485.0,487.2,0.2442,9,0.2,-0.1819708008418327,2400.0,486.1
4177,480.0,482.2,0.2417,2,0.2,-0.17988963463800817,2405.0,481.1
4179,475.3,477.5,0.2418,0,0.2,-0.17781279069316908,2410.0,476.4
4181,470.4,472.6,0.2402,0,0.2,-0.17574025109119673,2415.0,471.5
4183,465.5,467.7,0.2385,0,0.2,-0.1736719980271376,2420.0,466.6
4185,460.8,463.0,0.2384,10,0.2,-0.17160801380628612,2425.0,461.9
4187,455.8,458.0,0.2359,0,0.2,-0.16954828084327558,2430.0,456.9
4189,451.1,453.2,0.2354,0,0.2,-0.1674927816611796,2435.0,452.15
4191,446.3,448.4,0.2344,0,0.2,-0.16544149889062224,2440.0,447.35
4193,441.6,443.7,0.2341,0,0.2,-0.16339441526889728,2445.0,442.65
4195,436.6,438.7,0.2316,2,0.2,-0.16135151363909703,2450.0,437.65
4197,431.7,433.9,0.2301,0,0.2,-0.15931277694924878,2455.0,432.79999999999995
4199,427.0,429.1,0.2294,0,0.2,-0.15727818825146125,2460.0,428.05
4201,422.2,424.3,0.2282,0,0.2,-0.1552477307010793,2465.0,423.25
4203,417.4,419.5,0.2271,0,0.2,-0.1532213875558468,2470.0,418.45
4205,412.6,414.7,0.2259,251,0.2,-0.15119914217507902,2475.0,413.65
4207,407.7,409.9,0.2243,1,0.2,-0.14918097801884186,2480.0,408.79999999999995
4209,403.1,405.2,0.224,0,0.2,-0.14716687864714065,2485.0,404.15
4211,398.3,400.4,0.2227,0,0.2,-0.14515682771911648,2490.0,399.35
4213,393.5,395.6,0.2214,0,0.2,-0.14315080899225063,2495.0,394.55
4215,388.6,390.7,0.2194,201,0.2,-0.14114880632157759,2500.0,389.65
4217,384.1,386.0,0.2192,0,0.2,-0.13915080365890456,2505.0,385.05
4219,379.1,381.2,0.2173,0,0.2,-0.13715678505204018,2510.0,380.15
4221,374.4,376.5,0.2164,0,0.2,-0.1351667346440302,2515.0,375.45
4223,369.7,371.8,0.2155,0,0.2,-0.13318063667240068,2520.0,370.75
4225,364.8,366.9,0.2134,175,0.2,-0.1311984754684095,2525.0,365.85
4227,360.2,362.2,0.2127,0,0.2,-0.1292202354563038,2530.0,361.2
4229,355.4,357.5,0.2115,2,0.2,-0.12724590115258622,2535.0,356.45
4231,350.6,352.7,0.2099,0,0.2,-0.1252754571652875,2540.0,351.65
4233,346.1,348.0,0.2093,0,0.2,-0.12330888819324655,2545.0,347.05
4235,341.4,343.3,0.2082,306,0.2,-0.12134617902539786,2550.0,342.35
4237,336.5,338.5,0.2063,0,0.2,-0.11938731454006492,2555.0,337.5
4239,331.8,333.9,0.2053,0,0.2,-0.11743227970426158,2560.0,332.85
4241,327.1,329.2,0.2041,0,0.2,-0.11548105957299987,2565.0,328.15
4243,322.4,324.5,0.2029,1,0.2,-0.11353363928860419,2570.0,323.45
4245,317.6,319.7,0.2011,410,0.2,-0.11159000408003318,2575.0,318.65
4247,313.2,315.1,0.2007,0,0.2,-0.10965013926220661,2580.0,314.15
4249,308.4,310.4,0.1991,0,0.2,-0.10771403023534024,2585.0,309.4
4251,303.8,305.8,0.1981,2,0.2,-0.10578166248428633,2590.0,304.8
4253,299.2,300.9,0.1965,0,0.2,-0.10385302157788065,2595.0,300.04999999999995
4255,294.6,296.3,0.1954,330,0.2,-0.10192809316829628,2600.0,295.45000000000005
4257,290.0,291.6,0.1941,2,0.2,-0.10000686299040243,2605.0,290.8
4259,285.3,287.0,0.1928,0,0.2,-0.09808931686113065,2610.0,286.15
4261,280.8,282.5,0.192,2,0.2,-0.0961754406788465,2615.0,281.65
4263,276.1,277.9,0.1906,0,0.2,-0.09426522042272713,2620.0,277.0
4265,271.6,273.3,0.1895,16,0.2,-0.09235864215214558,2625.0,272.45000000000005
4267,267.0,268.7,0.1882,1,0.2,-0.09045569200605948,2630.0,267.85
4269,262.3,264.0,0.1865,5,0.2,-0.08855635620240704,2635.0,263.15
4271,257.7,259.4,0.1851,4,0.2,-0.08666062103750792,2640.0,258.54999999999995
4273,253.3,254.9,0.1842,5,0.2,-0.08476847288546992,2645.0,254.10000000000002
4275,248.8,250.3,0.1829,130,0.2,-0.0828798981976018,2650.0,249.55
4277,244.3,245.8,0.1818,4,0.2,-0.08099488350183051,2655.0,245.05
4279,239.8,241.3,0.1805,35,0.2,-0.07911341540212498,2660.0,240.55
4281,235.3,236.8,0.1793,7,0.2,-0.07723548057792484,2665.0,236.05
4283,230.8,232.3,0.178,18,0.2,-0.07536106578357445,2670.0,231.55
4285,226.2,227.9,0.1766,210,0.2,-0.07349015784776276,2675.0,227.05
4287,221.7,223.4,0.1753,4,0.2,-0.07162274367296735,2680.0,222.55
4289,217.3,218.9,0.174,27,0.2,-0.06975881023490467,2685.0,218.10000000000002
4291,213.1,214.5,0.1731,46,0.2,-0.06789834458198497,2690.0,213.8
4293,208.5,210.1,0.1716,29,0.2,-0.06604133383477213,2695.0,209.3
4295,204.3,205.6,0.1704,221,0.2,-0.06418776518544925,2700.0,204.95
4297,199.8,201.3,0.1691,29,0.2,-0.062337625897287814,2705.0,200.55
4299,195.4,196.9,0.1677,10,0.2,-0.06049090330412315,2710.0,196.15
4301,191.3,192.6,0.1668,30,0.2,-0.058647584809833946,2715.0,191.95
4303,186.7,188.2,0.1651,21,0.2,-0.05680765788782678,2720.0,187.45
4305,182.6,183.9,0.1641,227,0.2,-0.054971110080525236,2725.0,183.25
4307,178.2,179.6,0.1626,9,0.2,-0.0531379289988643,2730.0,178.89999999999998
4309,173.9,175.3,0.1612,57,0.2,-0.05130810232178815,2735.0,174.60000000000002
4311,169.7,171.0,0.1599,45,0.2,-0.04948161779575385,2740.0,170.35
4313,165.5,166.9,0.1588,54,0.2,-0.04765846323423877,2745.0,166.2
4315,161.3,162.6,0.1574,843,0.2,-0.045838626517252706,2750.0,161.95
4317,157.6,158.0,0.1561,103,0.2,-0.04402209559085485,2755.0,157.8
4319,153.5,153.9,0.155,667,0.2,-0.04220885846667405,2760.0,153.7
4321,149.3,149.7,0.1535,94,0.2,-0.04039890322143458,2765.0,149.5
4323,145.2,145.6,0.1522,51,0.2,-0.038592217996485594,2770.0,145.39999999999998
4325,141.2,141.6,0.151,633,0.2,-0.0367887909973348,2775.0,141.39999999999998
4327,137.1,137.5,0.1496,201,0.2,-0.03498861049318696,2780.0,137.3
4329,133.1,133.5,0.1483,20,0.2,-0.03319166481648533,2785.0,133.3
4331,129.1,129.5,0.1469,193,0.2,-0.03139794236245844,2790.0,129.3
4333,125.2,125.5,0.1456,141,0.2,-0.02960743158867024,2795.0,125.35
4335,121.3,121.6,0.1443,1091,0.2,-0.027820121014574394,2800.0,121.44999999999999
4337,117.4,117.7,0.1429,158,0.2,-0.026035999221073018,2805.0,117.55000000000001
4339,113.5,113.9,0.1416,395,0.2,-0.02425505485007828,2810.0,113.7
4341,109.7,110.1,0.1403,162,0.2,-0.022477276604078996,2815.0,109.9
4343,105.9,106.3,0.1389,239,0.2,-0.020702653245710502,2820.0,106.1
4345,102.2,102.6,0.1376,957,0.2,-0.018931173597328366,2825.0,102.4
4347,98.5,98.9,0.1363,282,0.2,-0.017162826540586398,2830.0,98.7
4349,94.9,95.2,0.135,128,0.2,-0.015397601016017283,2835.0,95.05000000000001
4351,91.3,91.6,0.1336,181,0.2,-0.013635486022618026,2840.0,91.44999999999999
4353,87.7,88.1,0.1323,181,0.2,-0.011876470617438477,2845.0,87.9
4355,84.2,84.6,0.131,1087,0.2,-0.010120543915173473,2850.0,84.4
4357,80.8,81.1,0.1297,285,0.2,-0.008367695087759114,2855.0,80.94999999999999
4359,77.4,77.7,0.1283,728,0.2,-0.006617913363971453,2860.0,77.55000000000001
4361,74.1,74.4,0.1271,379,0.2,-0.00487118802902981,2865.0,74.25
4363,70.8,71.1,0.1258,263,0.2,-0.0031275084242029776,2870.0,70.94999999999999
4365,67.6,67.9,0.1245,1176,0.2,-0.0013868639464188668,2875.0,67.75
4367,64.4,64.8,0.1233,287,0.2,0.0003507559521219104,2880.0,64.6
4369,61.3,61.7,0.122,231,0.2,0.0020853617643302107,2885.0,61.5
4371,58.3,58.6,0.1206,152,0.2,0.003816963928608097,2890.0,58.45
4373,55.4,55.7,0.1195,237,0.2,0.005545572829225849,2895.0,55.55
4375,52.5,52.8,0.1182,694,0.2,0.007271198796695605,2900.0,52.65
4377,49.7,50.0,0.117,127,0.2,0.00899385210814179,2905.0,49.85
4379,47.0,47.3,0.1159,273,0.2,0.010713542987668584,2910.0,47.15
4381,44.4,44.7,0.1148,446,0.2,0.012430281606723118,2915.0,44.55
4383,41.8,42.1,0.1135,651,0.2,0.014144078084457773,2920.0,41.95
4385,39.3,39.7,0.1124,528,0.2,0.01585494248808719,2925.0,39.5
4387,37.0,37.3,0.1114,362,0.2,0.017562884833243288,2930.0,37.15
4389,34.7,35.0,0.1103,1354,0.2,0.0192679150843271,2935.0,34.85
4391,32.5,32.8,0.1093,239,0.2,0.02097004315485755,2940.0,32.65
4393,30.4,30.7,0.1083,154,0.2,0.022669278907817315,2945.0,30.549999999999997
4395,28.4,28.6,0.1073,514,0.2,0.02436563215599572,2950.0,28.5
4397,26.4,26.7,0.1063,255,0.2,0.026059112662328764,2955.0,26.549999999999997
4399,24.6,24.9,0.1055,185,0.2,0.027749730140236226,2960.0,24.75
4401,22.9,23.2,0.1047,221,0.2,0.02943749425395619,2965.0,23.049999999999997
4403,21.2,21.5,0.1037,1112,0.2,0.031122414618875646,2970.0,21.35
4405,19.7,20.0,0.1031,275,0.2,0.03280450080186045,2975.0,19.85
4407,18.2,18.5,0.1023,178,0.2,0.03448376232158044,2980.0,18.35
4409,16.9,17.1,0.1016,220,0.2,0.036160208648832744,2985.0,17.0
4411,15.6,15.9,0.1011,183,0.2,0.03783384920686237,2990.0,15.75
4413,14.4,14.7,0.1005,133,0.2,0.03950469337167996,2995.0,14.55
4415,13.3,13.5,0.0999,1310,0.2,0.04117275047237696,3000.0,13.4
4417,12.2,12.5,0.0994,292,0.2,0.04283802979143815,3005.0,12.35
4419,11.3,11.5,0.099,284,0.2,0.04450054056505159,3010.0,11.4
4421,10.4,10.6,0.0986,150,0.2,0.04616029198341618,3015.0,10.5
4423,9.6,9.8,0.0983,218,0.2,0.04781729319104567,3020.0,9.7
4425,8.8,9.1,0.0981,638,0.2,0.04947155328707216,3025.0,8.95
4427,8.1,8.4,0.0979,441,0.2,0.051123081325545126,3030.0,8.25
4429,7.5,7.7,0.0977,131,0.2,0.05277188631572892,3035.0,7.6
4431,6.9,7.1,0.0975,111,0.2,0.05441797722239764,3040.0,7.0
4433,6.4,6.6,0.0976,91,0.2,0.05606136296612764,3045.0,6.5
4435,5.9,6.1,0.0975,2095,0.2,0.05770205242358753,3050.0,6.0
4437,5.4,5.6,0.0973,90,0.2,0.059340054427825896,3055.0,5.5
4439,5.0,5.2,0.0975,310,0.2,0.06097537776855663,3060.0,5.1
4441,4.7,4.9,0.098,159,0.2,0.06260803119244214,3065.0,4.800000000000001
4443,4.3,4.5,0.0978,370,0.2,0.06423802340337319,3070.0,4.4
4445,4.0,4.2,0.0981,585,0.2,0.06586536306274857,3075.0,4.1
4447,3.7,3.9,0.0982,772,0.2,0.06749005878975045,3080.0,3.8
4449,3.4,3.6,0.0983,24,0.2,0.06911211916161847,3085.0,3.5
4451,3.2,3.4,0.0988,624,0.2,0.07073155271392141,3090.0,3.3
4453,3.0,3.2,0.0993,141,0.2,0.07234836794082672,3095.0,3.1
4455,2.8,2.95,0.0995,3271,0.2,0.07396257329536783,3100.0,2.875
4457,2.55,2.7,0.0994,27,0.2,0.07557417718970934,3105.0,2.625
4459,2.4,2.55,0.0999,181,0.2,0.07718318799541,3110.0,2.4749999999999996
4461,2.05,2.2,0.1004,82,0.2,0.08039346362565838,3120.0,2.125
4463,1.9,2.05,0.1006,1214,0.2,0.08199474499263221,3125.0,1.9749999999999999
4465,1.75,1.9,0.1008,2,0.2,0.08359346635632921,3130.0,1.825
4467,1.55,1.65,0.1016,15,0.2,0.08678326172442932,3140.0,1.6
4469,1.35,1.45,0.1024,695,0.2,0.08996291464180897,3150.0,1.4
4471,1.15,1.25,0.1029,0,0.2,0.09313248940308798,3160.0,1.2
4473,1.0,1.15,0.104,0,0.2,0.09629204969345664,3170.0,1.075
4475,0.95,1.05,0.1043,806,0.2,0.09786809414892235,3175.0,1.0
4477,0.85,1.0,0.1045,0,0.2,0.09944165859635283,3180.0,0.925
4479,0.7,0.8,0.1069,1159,0.2,0.10571127160994814,3200.0,0.75
4481,0.5,0.65,0.1097,570,0.2,0.1134934120520032,3225.0,0.575
4483,0.4,0.5,0.1126,488,0.2,0.1212154581459134,3250.0,0.45
4485,0.3,0.45,0.1163,245,0.2,0.12887833089148262,3275.0,0.375
4487,0.25,0.35,0.1193,326,0.2,0.13648293027670183,3300.0,0.3
4489,0.15,0.3,0.1268,154,0.2,0.15152080764124234,3350.0,0.22499999999999998
4491,0.05,0.2,0.1301,95,0.2,0.166335893426383,3400.0,0.125
4493,0.0,0.1,0.1389,159,0.2,0.19532343029963528,3500.0,0.05
4495,0.0,0.1,0.1574,1045,0.2,0.22349430726633163,3600.0,0.05
4497,0.0,0.1,0.1748,57,0.2,0.25089328145444606,3700.0,0.05
4499,0.0,0.1,0.192,153,0.2,0.27756152853660737,3800.0,0.05
4501,0.0,0.1,0.2081,39,0.2,0.30353701493986807,3900.0,0.05
4503,0.0,0.1,0.2239,84,0.2,0.32885482292415796,4000.0,0.05
4505,0.0,0.1,0.2396,63,0.2,0.35354743551452944,4100.0,0.05
4506,1866.8,1878.2,0.0,0,0.2191780821917808,-1.0574395381957327,1000.0,1872.5
4507,1767.4,1778.8,0.0,0,0.2191780821917808,-0.9621293583914078,1100.0,1773.1
4508,1668.0,1679.4,0.0,0,0.2191780821917808,-0.875117981401778,1200.0,1673.7
4509,1618.3,1629.7,0.0,0,0.2191780821917808,-0.8342959868815228,1250.0,1624.0
4510,1568.7,1580.1,0.0,0,0.2191780821917808,-0.7950752737282416,1300.0,1574.4
4511,1519.0,1530.3,0.0,0,0.2191780821917808,-0.7573349457453945,1350.0,1524.65
4512,1494.2,1505.6,0.0,0,0.2191780821917808,-0.738985807077198,1375.0,1499.9
4513,1469.3,1480.6,0.0,1,0.2191780821917808,-0.7209673015745197,1400.0,1474.9499999999998
4514,1444.0,1455.4,0.0,0,0.2191780821917808,-0.7032677244751188,1425.0,1449.7
4515,1419.9,1431.3,0.0,0,0.2191780821917808,-0.6858759817632497,1450.0,1425.6
4516,1394.8,1406.2,0.0,0,0.2191780821917808,-0.6687815484039495,1475.0,1400.5
4517,1369.6,1380.9,0.0,5,0.2191780821917808,-0.6519744300875684,1500.0,1375.25
4518,1345.2,1356.6,0.0,0,0.2191780821917808,-0.6354451281363578,1525.0,1350.9
4519,1320.3,1331.7,0.0,1,0.2191780821917808,-0.6191846072645775,1550.0,1326.0
4520,1295.5,1306.9,0.0,0,0.2191780821917808,-0.6031842659181363,1575.0,1301.2
4521,1270.2,1281.5,0.0,0,0.2191780821917808,-0.5874359089499972,1600.0,1275.85
4522,1245.7,1257.1,0.0,0,0.2191780821917808,-0.5719317224140319,1625.0,1251.4
4523,1221.0,1232.4,0.0,0,0.2191780821917808,-0.5566642502832435,1650.0,1226.7
4524,1196.3,1207.7,0.0,0,0.2191780821917808,-0.541626372918703,1675.0,1202.0
4525,1171.4,1182.8,0.0,1,0.2191780821917808,-0.5268112871335623,1700.0,1177.1
4526,1146.6,1157.9,0.0,0,0.2191780821917808,-0.5122124877124096,1725.0,1152.25
4527,1121.8,1133.2,0.319,0,0.2191780821917808,-0.49782375026031,1750.0,1127.5
4528,1097.0,1108.4,0.3367,0,0.2191780821917808,-0.48363911526835357,1775.0,1102.7
4529,1071.9,1083.2,0.0,6,0.2191780821917808,-0.4696528732936137,1800.0,1077.5500000000002
4530,1047.1,1058.4,0.0,0,0.2191780821917808,-0.45585955116127785,1825.0,1052.75
4531,1022.6,1033.9,0.3355,1,0.2191780821917808,-0.4422538991054992,1850.0,1028.25
4532,997.3,1008.7,0.0,0,0.2191780821917808,-0.42883087877335857,1875.0,1003.0
4533,973.0,984.4,0.3345,0,0.2191780821917808,-0.4155856520233379,1900.0,978.7
4534,948.1,959.5,0.3221,0,0.2191780821917808,-0.4025135704559851,1925.0,953.8
4535,933.4,944.8,0.3315,0,0.2191780821917808,-0.39475156512049586,1940.0,939.0999999999999
4536,923.5,934.9,0.3303,0,0.2191780821917808,-0.3896101656200773,1950.0,929.2
4537,913.6,925.0,0.3288,0,0.2191780821917808,-0.3844950649533069,1960.0,919.3
4538,903.5,914.8,0.313,0,0.2191780821917808,-0.37940599544583553,1970.0,909.15
4539,898.8,910.2,0.3287,0,0.2191780821917808,-0.3768711398426475,1975.0,904.5
4540,893.8,905.2,0.3255,0,0.2191780821917808,-0.37434269348928884,1980.0,899.5
4541,883.9,895.2,0.3214,0,0.2191780821917808,-0.3693048994593316,1990.0,889.55
4542,878.7,880.9,0.3259,5,0.2191780821917808,-0.3642923576357874,2000.0,879.8
4543,868.8,871.0,0.3236,0,0.2191780821917808,-0.35930481612474835,2010.0,869.9
4544,858.9,861.2,0.3231,0,0.2191780821917808,-0.3543420267826193,2020.0,860.05
4545,853.9,856.2,0.3201,0,0.2191780821917808,-0.35186983763723023,2025.0,855.05
4546,849.1,851.3,0.3224,0,0.2191780821917808,-0.34940374514203676,2030.0,850.2
4547,839.2,841.4,0.3199,0,0.2191780821917808,-0.3444897303396076,2040.0,840.3
4548,829.2,831.5,0.3157,2,0.2191780821917808,-0.33959974504541585,2050.0,830.35
4549,819.3,821.6,0.3132,1,0.2191780821917808,-0.33473355539424304,2060.0,820.45
4550,809.5,811.8,0.3134,0,0.2191780821917808,-0.32989093091845495,2070.0,810.65
4551,804.8,807.0,0.3173,0,0.2191780821917808,-0.32747838451307104,2075.0,805.9
4552,799.7,802.0,0.3132,0,0.2191780821917808,-0.3250716444825061,2080.0,800.85
4553,789.9,792.2,0.3129,0,0.2191780821917808,-0.320275472219013,2090.0,791.05
4554,780.0,782.3,0.3099,1,0.2191780821917808,-0.3155021934663554,2100.0,781.15
4555,770.1,772.4,0.3069,0,0.2191780821917808,-0.3107515907077576,2110.0,771.25
4556,760.3,762.6,0.3061,0,0.2191780821917808,-0.30602344951181154,2120.0,761.45
4557,755.3,757.5,0.3023,1,0.2191780821917808,-0.3036677358193525,2125.0,756.4
4558,750.3,752.6,0.3008,0,0.2191780821917808,-0.30131755847439895,2130.0,751.45
4559,740.4,742.7,0.2977,0,0.2191780821917808,-0.2966337091619725,2140.0,741.55
4560,730.6,732.9,0.2966,110,0.2191780821917808,-0.29197169605616125,2150.0,731.75
4561,725.7,728.0,0.296,0,0.2191780821917808,-0.28964881464002157,2155.0,726.85
4562,721.0,723.2,0.2982,0,0.2191780821917808,-0.2873313164996591,2160.0,722.1
4563,715.9,718.2,0.2947,0,0.2191780821917808,-0.2850191767412794,2165.0,717.05
4564,711.0,713.3,0.294,0,0.2191780821917808,-0.28271237064336446,2170.0,712.15
4565,706.0,708.3,0.2914,0,0.2191780821917808,-0.28041087365508527,2175.0,707.15
4566,701.1,703.4,0.2906,0,0.2191780821917808,-0.27811466139473506,2180.0,702.25
4567,696.4,698.6,0.2923,0,0.2191780821917808,-0.27582370964817926,2185.0,697.5
4568,691.5,693.7,0.2914,0,0.2191780821917808,-0.2735379943673232,2190.0,692.6
4569,686.4,688.6,0.2873,0,0.2191780821917808,-0.27125749166859797,2195.0,687.5
4570,681.5,683.7,0.2864,0,0.2191780821917808,-0.2689821778314625,2200.0,682.6
4571,676.6,678.7,0.2847,0,0.2191780821917808,-0.2667120292969234,2205.0,677.6500000000001
4572,671.6,673.8,0.283,0,0.2191780821917808,-0.2644470226660713,2210.0,672.7
4573,666.7,668.9,0.2821,0,0.2191780821917808,-0.26218713469863364,2215.0,667.8
4574,661.8,664.0,0.2811,0,0.2191780821917808,-0.25993234231154455,2220.0,662.9
4575,657.1,659.1,0.2816,0,0.2191780821917808,-0.2576826225775291,2225.0,658.1
4576,652.1,654.2,0.2798,0,0.2191780821917808,-0.2554379527237053,2230.0,653.1500000000001
4577,647.3,649.2,0.2788,0,0.2191780821917808,-0.25319831013020055,2235.0,648.25
4578,642.4,644.3,0.2777,0,0.2191780821917808,-0.25096367232878414,2240.0,643.3499999999999
4579,637.4,639.4,0.2759,0,0.2191780821917808,-0.248734017001515,2245.0,638.4
4580,632.5,634.5,0.2748,2,0.2191780821917808,-0.2465093219794039,2250.0,633.5
4581,627.7,629.6,0.2744,0,0.2191780821917808,-0.24428956524109102,2255.0,628.6500000000001
4582,622.5,624.8,0.2719,0,0.2191780821917808,-0.2420747249115382,2260.0,623.65
4583,617.9,619.9,0.2727,0,0.2191780821917808,-0.23986477926073527,2265.0,618.9
4584,613.0,615.0,0.2715,10,0.2191780821917808,-0.23765970670242131,2270.0,614.0
4585,607.9,610.1,0.269,12,0.2191780821917808,-0.23545948579281892,2275.0,609.0
4586,603.1,605.2,0.2684,0,0.2191780821917808,-0.2332640952293833,2280.0,604.1500000000001
4587,598.2,600.3,0.2671,0,0.2191780821917808,-0.2310735138495647,2285.0,599.25
4588,593.4,595.4,0.2664,0,0.2191780821917808,-0.22888772062958446,2290.0,594.4
4589,588.6,590.5,0.2657,0,0.2191780821917808,-0.22670669468322416,2295.0,589.55
4590,583.5,585.6,0.2633,2,0.2191780821917808,-0.22453041526062864,2300.0,584.55
4591,578.7,580.8,0.263,0,0.2191780821917808,-0.22235886174712086,2305.0,579.75
4592,573.8,575.9,0.2617,0,0.2191780821917808,-0.22019201366203053,2310.0,574.8499999999999
4593,569.1,571.0,0.2614,0,0.2191780821917808,-0.21802985065753533,2315.0,570.05
4594,564.0,566.1,0.2589,0,0.2191780821917808,-0.21587235251751405,2320.0,565.05
4595,559.2,561.3,0.2585,6,0.2191780821917808,-0.21371949915641303,2325.0,560.25
4596,554.3,556.4,0.2571,0,0.2191780821917808,-0.21157127061812347,2330.0,555.3499999999999
4597,549.4,551.5,0.2556,0,0.2191780821917808,-0.20942764707487208,2335.0,550.45
4598,544.6,546.7,0.2551,0,0.2191780821917808,-0.20728860882612268,2340.0,545.6500000000001
4599,539.8,541.8,0.2541,0,0.2191780821917808,-0.20515413629748994,2345.0,540.8
4600,534.9,536.9,0.2526,776,0.2191780821917808,-0.20302421003966506,2350.0,535.9
4601,530.2,532.1,0.2525,0,0.2191780821917808,-0.2008988107273516,2355.0,531.1500000000001
4602,525.1,527.2,0.2501,0,0.2191780821917808,-0.198777919158214,2360.0,526.1500000000001
4603,520.4,522.4,0.2498,0,0.2191780821917808,-0.19666151625183645,2365.0,521.4
4604,515.4,517.6,0.2483,0,0.2191780821917808,-0.1945495830486928,2370.0,516.5
4605,510.7,512.7,0.2475,250,0.2191780821917808,-0.19244210070912812,2375.0,511.70000000000005
4606,505.8,507.8,0.2459,0,0.2191780821917808,-0.19033905051234934,2380.0,506.8
4607,501.0,503.0,0.2451,0,0.2191780821917808,-0.18824041385542817,2385.0,502.0
4608,496.1,498.2,0.2439,0,0.2191780821917808,-0.18614617225231345,2390.0,497.15
4609,491.3,493.3,0.2426,0,0.2191780821917808,-0.18405630733285408,2395.0,492.3
4610,486.5,488.5,0.2417,242,0.2191780821917808,-0.1819708008418327,2400.0,487.5
4611,481.7,483.7,0.2408,0,0.2191780821917808,-0.17988963463800817,2405.0,482.7
4612,476.7,478.9,0.2391,0,0.2191780821917808,-0.17781279069316908,2410.0,477.79999999999995
4613,472.1,474.0,0.2385,0,0.2191780821917808,-0.17574025109119673,2415.0,473.05
4614,467.2,469.2,0.2371,0,0.2191780821917808,-0.1736719980271376,2420.0,468.2
4615,462.4,464.4,0.2361,250,0.2191780821917808,-0.17160801380628612,2425.0,463.4
4616,457.7,459.6,0.2353,0,0.2191780821917808,-0.16954828084327558,2430.0,458.65
4617,452.7,454.8,0.2336,0,0.2191780821917808,-0.1674927816611796,2435.0,453.75
4618,447.9,450.0,0.2324,0,0.2191780821917808,-0.16544149889062224,2440.0,448.95
4619,443.1,445.2,0.2313,0,0.2191780821917808,-0.16339441526889728,2445.0,444.15
4620,438.4,440.4,0.2304,2,0.2191780821917808,-0.16135151363909703,2450.0,439.4
4621,433.6,435.6,0.2292,0,0.2191780821917808,-0.15931277694924878,2455.0,434.6
4622,428.8,430.8,0.228,0,0.2191780821917808,-0.15727818825146125,2460.0,429.8
4623,424.1,426.0,0.227,0,0.2191780821917808,-0.1552477307010793,2465.0,425.05
4624,419.4,421.2,0.226,0,0.2191780821917808,-0.1532213875558468,2470.0,420.29999999999995
4625,414.4,416.5,0.2244,151,0.2191780821917808,-0.15119914217507902,2475.0,415.45
4626,409.7,411.7,0.2234,0,0.2191780821917808,-0.14918097801884186,2480.0,410.7
4627,404.9,407.0,0.2223,0,0.2191780821917808,-0.14716687864714065,2485.0,405.95
4628,400.2,402.2,0.2212,0,0.2191780821917808,-0.14515682771911648,2490.0,401.2
4629,395.6,397.4,0.2203,3,0.2191780821917808,-0.14315080899225063,2495.0,396.5
4630,390.8,392.7,0.2191,3012,0.2191780821917808,-0.14114880632157759,2500.0,391.75
4631,386.1,387.9,0.2179,2,0.2191780821917808,-0.13915080365890456,2505.0,387.0
4632,381.2,383.2,0.2164,0,0.2191780821917808,-0.13715678505204018,2510.0,382.2
4633,376.4,378.4,0.2149,0,0.2191780821917808,-0.1351667346440302,2515.0,377.4
4634,371.8,373.8,0.2144,3,0.2191780821917808,-0.13318063667240068,2520.0,372.8
4635,367.1,369.0,0.2131,33,0.2191780821917808,-0.1311984754684095,2525.0,368.05
4636,362.3,364.3,0.2117,0,0.2191780821917808,-0.1292202354563038,2530.0,363.3
4637,357.6,359.6,0.2106,0,0.2191780821917808,-0.12724590115258622,2535.0,358.6
4638,352.9,354.9,0.2094,0,0.2191780821917808,-0.1252754571652875,2540.0,353.9
4639,348.3,350.2,0.2084,4,0.2191780821917808,-0.12330888819324655,2545.0,349.25
4640,343.7,345.5,0.2074,182,0.2191780821917808,-0.12134617902539786,2550.0,344.6
4641,338.8,340.8,0.2057,17,0.2191780821917808,-0.11938731454006492,2555.0,339.8
4642,334.2,336.2,0.2048,2,0.2191780821917808,-0.11743227970426158,2560.0,335.2
4643,329.6,331.5,0.2037,0,0.2191780821917808,-0.11548105957299987,2565.0,330.55
4644,324.8,326.8,0.2022,0,0.2191780821917808,-0.11353363928860419,2570.0,325.8
4645,320.2,322.1,0.201,7,0.2191780821917808,-0.11159000408003318,2575.0,321.15
4646,315.7,317.6,0.2004,1,0.2191780821917808,-0.10965013926220661,2580.0,316.65
4647,311.0,312.9,0.1989,24,0.2191780821917808,-0.10771403023534024,2585.0,311.95
4648,306.4,308.3,0.1978,0,0.2191780821917808,-0.10578166248428633,2590.0,307.35
4649,301.8,303.7,0.1967,0,0.2191780821917808,-0.10385302157788065,2595.0,302.75
4650,297.3,299.0,0.1955,900,0.2191780821917808,-0.10192809316829628,2600.0,298.15
4651,292.7,294.5,0.1945,0,0.2191780821917808,-0.10000686299040243,2605.0,293.6
4652,288.0,289.8,0.1929,1,0.2191780821917808,-0.09808931686113065,2610.0,288.9
4653,283.4,285.2,0.1916,0,0.2191780821917808,-0.0961754406788465,2615.0,284.29999999999995
4654,279.0,280.6,0.1907,50,0.2191780821917808,-0.09426522042272713,2620.0,279.8
4655,274.3,276.1,0.1893,471,0.2191780821917808,-0.09235864215214558,2625.0,275.20000000000005
4656,269.9,271.5,0.1883,0,0.2191780821917808,-0.09045569200605948,2630.0,270.7
4657,265.2,267.0,0.1868,2,0.2191780821917808,-0.08855635620240704,2635.0,266.1
4658,260.7,262.4,0.1855,0,0.2191780821917808,-0.08666062103750792,2640.0,261.54999999999995
4659,256.2,257.9,0.1844,0,0.2191780821917808,-0.08476847288546992,2645.0,257.04999999999995
4660,251.8,253.4,0.1833,1061,0.2191780821917808,-0.0828798981976018,2650.0,252.60000000000002
4661,247.5,248.9,0.1824,5,0.2191780821917808,-0.08099488350183051,2655.0,248.2
4662,242.8,244.5,0.1809,0,0.2191780821917808,-0.07911341540212498,2660.0,243.65
4663,238.4,240.0,0.1797,0,0.2191780821917808,-0.07723548057792484,2665.0,239.2
4664,233.9,235.5,0.1784,2,0.2191780821917808,-0.07536106578357445,2670.0,234.7
4665,229.5,231.1,0.1772,5487,0.2191780821917808,-0.07349015784776276,2675.0,230.3
4666,225.0,226.7,0.1759,0,0.2191780821917808,-0.07162274367296735,2680.0,225.85
4667,220.6,222.3,0.1747,1,0.2191780821917808,-0.06975881023490467,2685.0,221.45
4668,216.3,217.9,0.1736,0,0.2191780821917808,-0.06789834458198497,2690.0,217.10000000000002
4669,212.1,213.5,0.1726,1,0.2191780821917808,-0.06604133383477213,2695.0,212.8
4670,207.6,209.1,0.1711,3283,0.2191780821917808,-0.06418776518544925,2700.0,208.35
4671,203.3,204.8,0.1699,1,0.2191780821917808,-0.062337625897287814,2705.0,204.05
4672,199.1,200.4,0.1688,25,0.2191780821917808,-0.06049090330412315,2710.0,199.75
4673,194.8,196.1,0.1675,351,0.2191780821917808,-0.058647584809833946,2715.0,195.45
4674,190.4,191.8,0.1661,317,0.2191780821917808,-0.05680765788782678,2720.0,191.10000000000002
4675,186.0,187.6,0.1648,4525,0.2191780821917808,-0.054971110080525236,2725.0,186.8
4676,182.1,183.3,0.1639,5,0.2191780821917808,-0.0531379289988643,2730.0,182.7
4677,177.6,179.0,0.1622,3,0.2191780821917808,-0.05130810232178815,2735.0,178.3
4678,173.5,174.8,0.1611,18,0.2191780821917808,-0.04948161779575385,2740.0,174.15
4679,169.4,170.7,0.16,1,0.2191780821917808,-0.04765846323423877,2745.0,170.05
4680,165.6,166.1,0.1587,3923,0.2191780821917808,-0.045838626517252706,2750.0,165.85
4681,161.4,161.9,0.1573,18,0.2191780821917808,-0.04402209559085485,2755.0,161.65
4682,157.3,157.8,0.156,19,0.2191780821917808,-0.04220885846667405,2760.0,157.55
4683,153.2,153.7,0.1547,34,0.2191780821917808,-0.04039890322143458,2765.0,153.45
4684,149.2,149.6,0.1535,15,0.2191780821917808,-0.038592217996485594,2770.0,149.39999999999998
4685,145.1,145.6,0.1522,1021,0.2191780821917808,-0.0367887909973348,2775.0,145.35
4686,141.1,141.6,0.1509,12,0.2191780821917808,-0.03498861049318696,2780.0,141.35
4687,137.1,137.6,0.1496,10,0.2191780821917808,-0.03319166481648533,2785.0,137.35
4688,133.2,133.6,0.1483,7,0.2191780821917808,-0.03139794236245844,2790.0,133.39999999999998
4689,129.2,129.7,0.147,41,0.2191780821917808,-0.02960743158867024,2795.0,129.45
4690,125.3,125.8,0.1457,4248,0.2191780821917808,-0.027820121014574394,2800.0,125.55
4691,121.5,122.0,0.1445,20,0.2191780821917808,-0.026035999221073018,2805.0,121.75
4692,117.7,118.1,0.1432,535,0.2191780821917808,-0.02425505485007828,2810.0,117.9
4693,113.9,114.3,0.1418,12,0.2191780821917808,-0.022477276604078996,2815.0,114.1
4694,110.1,110.6,0.1405,110,0.2191780821917808,-0.020702653245710502,2820.0,110.35
4695,106.4,106.9,0.1393,3371,0.2191780821917808,-0.018931173597328366,2825.0,106.65
4696,102.7,103.2,0.1379,47,0.2191780821917808,-0.017162826540586398,2830.0,102.95
4697,99.1,99.6,0.1367,268,0.2191780821917808,-0.015397601016017283,2835.0,99.35
4698,95.5,96.0,0.1354,30,0.2191780821917808,-0.013635486022618026,2840.0,95.75
4699,92.0,92.4,0.1341,60,0.2191780821917808,-0.011876470617438477,2845.0,92.2
4700,88.5,88.9,0.1328,2843,0.2191780821917808,-0.010120543915173473,2850.0,88.7
4701,85.0,85.5,0.1315,72,0.2191780821917808,-0.008367695087759114,2855.0,85.25
4702,81.6,82.1,0.1302,1398,0.2191780821917808,-0.006617913363971453,2860.0,81.85
4703,78.3,78.7,0.1289,289,0.2191780821917808,-0.00487118802902981,2865.0,78.5
4704,75.0,75.4,0.1276,1496,0.2191780821917808,-0.0031275084242029776,2870.0,75.2
4705,71.8,72.2,0.1264,1576,0.2191780821917808,-0.0013868639464188668,2875.0,72.0
4706,68.6,69.0,0.1251,153,0.2191780821917808,0.0003507559521219104,2880.0,68.8
4707,65.5,65.9,0.1238,96,0.2191780821917808,0.0020853617643302107,2885.0,65.7
4708,62.4,62.8,0.1225,180,0.2191780821917808,0.003816963928608097,2890.0,62.599999999999994
4709,59.4,59.9,0.1213,116,0.2191780821917808,0.005545572829225849,2895.0,59.65
4710,56.5,56.9,0.12,5675,0.2191780821917808,0.007271198796695605,2900.0,56.7
4711,53.6,54.1,0.1188,149,0.2191780821917808,0.00899385210814179,2905.0,53.85
4712,50.9,51.3,0.1177,76,0.2191780821917808,0.010713542987668584,2910.0,51.099999999999994
4713,48.2,48.6,0.1165,177,0.2191780821917808,0.012430281606723118,2915.0,48.400000000000006
4714,45.6,46.0,0.1154,124,0.2191780821917808,0.014144078084457773,2920.0,45.8
4715,43.0,43.4,0.1141,16632,0.2191780821917808,0.01585494248808719,2925.0,43.2
4716,40.5,41.0,0.113,269,0.2191780821917808,0.017562884833243288,2930.0,40.75
4717,38.2,38.6,0.112,89,0.2191780821917808,0.0192679150843271,2935.0,38.400000000000006
4718,35.9,36.3,0.1109,81,0.2191780821917808,0.02097004315485755,2940.0,36.099999999999994
4719,33.7,34.1,0.1099,179,0.2191780821917808,0.022669278907817315,2945.0,33.900000000000006
4720,31.6,32.0,0.1089,6190,0.2191780821917808,0.02436563215599572,2950.0,31.8
4721,29.6,29.9,0.1079,257,0.2191780821917808,0.026059112662328764,2955.0,29.75
4722,27.6,28.0,0.1069,328,0.2191780821917808,0.027749730140236226,2960.0,27.8
4723,25.8,26.1,0.106,246,0.2191780821917808,0.02943749425395619,2965.0,25.950000000000003
4724,24.0,24.4,0.1051,1080,0.2191780821917808,0.031122414618875646,2970.0,24.2
4725,22.4,22.7,0.1043,1975,0.2191780821917808,0.03280450080186045,2975.0,22.549999999999997
4726,20.8,21.1,0.1035,162,0.2191780821917808,0.03448376232158044,2980.0,20.950000000000003
4727,19.3,19.7,0.1028,60,0.2191780821917808,0.036160208648832744,2985.0,19.5
4728,17.9,18.3,0.1021,944,0.2191780821917808,0.03783384920686237,2990.0,18.1
4729,16.6,17.0,0.1015,451,0.2191780821917808,0.03950469337167996,2995.0,16.8
4730,15.3,15.7,0.1007,4204,0.2191780821917808,0.04117275047237696,3000.0,15.5
4731,14.2,14.5,0.1002,143,0.2191780821917808,0.04283802979143815,3005.0,14.35
4732,13.1,13.5,0.0997,221,0.2191780821917808,0.04450054056505159,3010.0,13.3
4733,12.1,12.4,0.0991,0,0.2191780821917808,0.04616029198341618,3015.0,12.25
4734,11.2,11.5,0.0988,102,0.2191780821917808,0.04781729319104567,3020.0,11.35
4735,10.3,10.6,0.0983,1228,0.2191780821917808,0.04947155328707216,3025.0,10.45
4736,9.5,9.8,0.0979,125,0.2191780821917808,0.051123081325545126,3030.0,9.65
4737,8.8,9.1,0.0978,0,0.2191780821917808,0.05277188631572892,3035.0,8.95
4738,8.1,8.4,0.0975,167,0.2191780821917808,0.05441797722239764,3040.0,8.25
4739,7.5,7.8,0.0974,0,0.2191780821917808,0.05606136296612764,3045.0,7.65
4740,6.9,7.2,0.0972,3222,0.2191780821917808,0.05770205242358753,3050.0,7.050000000000001
4741,6.4,6.7,0.0972,0,0.2191780821917808,0.059340054427825896,3055.0,6.550000000000001
4742,5.9,6.2,0.0971,383,0.2191780821917808,0.06097537776855663,3060.0,6.050000000000001
4743,5.5,5.7,0.097,0,0.2191780821917808,0.06260803119244214,3065.0,5.6
4744,5.1,5.3,0.0971,0,0.2191780821917808,0.06423802340337319,3070.0,5.199999999999999
4745,4.7,5.0,0.0973,2329,0.2191780821917808,0.06586536306274857,3075.0,4.85
4746,4.3,4.6,0.0971,84,0.2191780821917808,0.06749005878975045,3080.0,4.449999999999999
4747,3.7,3.9,0.0972,95,0.2191780821917808,0.07073155271392141,3090.0,3.8
4748,3.2,3.5,0.0979,1129,0.2191780821917808,0.07396257329536783,3100.0,3.35
4749,2.8,3.0,0.0983,140,0.2191780821917808,0.07718318799541,3110.0,2.9
4750,2.4,2.6,0.0987,0,0.2191780821917808,0.08039346362565838,3120.0,2.5
4751,2.25,2.45,0.0991,237,0.2191780821917808,0.08199474499263221,3125.0,2.35
4752,1.6,1.75,0.1006,5219,0.2191780821917808,0.08996291464180897,3150.0,1.675
4753,1.1,1.3,0.1023,2910,0.2191780821917808,0.09786809414892235,3175.0,1.2000000000000002
4754,0.8,0.95,0.1042,1711,0.2191780821917808,0.10571127160994814,3200.0,0.875
4755,0.45,0.6,0.1095,588,0.2191780821917808,0.1212154581459134,3250.0,0.525
4756,0.3,0.4,0.1158,1212,0.2191780821917808,0.13648293027670183,3300.0,0.35
4757,0.2,0.3,0.1225,27,0.2191780821917808,0.15152080764124234,3350.0,0.25
4758,0.1,0.25,0.1283,306,0.2191780821917808,0.166335893426383,3400.0,0.175
4759,0.05,0.15,0.1409,161,0.2191780821917808,0.19532343029963528,3500.0,0.1
4760,0.0,0.1,0.1501,55,0.2191780821917808,0.22349430726633163,3600.0,0.05
4761,0.0,0.1,0.1669,4,0.2191780821917808,0.25089328145444606,3700.0,0.05
4762,0.0,0.1,0.1831,9,0.2191780821917808,0.27756152853660737,3800.0,0.05
4763,0.0,0.1,0.1987,131,0.2191780821917808,0.30353701493986807,3900.0,0.05
4765,1865.3,1876.7,0.0,0,0.27671232876712326,-1.0574395381957327,1000.0,1871.0
4767,1765.9,1777.3,0.0,0,0.27671232876712326,-0.9621293583914078,1100.0,1771.6
4769,1666.9,1678.3,0.0,0,0.27671232876712326,-0.875117981401778,1200.0,1672.6
4771,1567.7,1579.1,0.0,0,0.27671232876712326,-0.7950752737282416,1300.0,1573.4
4773,1493.3,1504.7,0.0,0,0.27671232876712326,-0.738985807077198,1375.0,1499.0
4775,1468.5,1479.9,0.0,0,0.27671232876712326,-0.7209673015745197,1400.0,1474.2
4777,1443.7,1455.1,0.0,0,0.27671232876712326,-0.7032677244751188,1425.0,1449.4
4779,1419.0,1430.4,0.0,0,0.27671232876712326,-0.6858759817632497,1450.0,1424.7
4781,1394.1,1405.5,0.0,0,0.27671232876712326,-0.6687815484039495,1475.0,1399.8
4783,1369.7,1381.1,0.0,0,0.27671232876712326,-0.6519744300875684,1500.0,1375.4
4785,1344.6,1356.0,0.0,0,0.27671232876712326,-0.6354451281363578,1525.0,1350.3
4787,1319.3,1330.6,0.0,0,0.27671232876712326,-0.6191846072645775,1550.0,1324.9499999999998
4789,1295.0,1306.4,0.0,0,0.27671232876712326,-0.6031842659181363,1575.0,1300.7
4791,1270.5,1281.8,0.0,0,0.27671232876712326,-0.5874359089499972,1600.0,1276.15
4793,1245.2,1256.6,0.0,0,0.27671232876712326,-0.5719317224140319,1625.0,1250.9
4795,1220.2,1231.6,0.0,0,0.27671232876712326,-0.5566642502832435,1650.0,1225.9
4797,1195.9,1207.3,0.0,0,0.27671232876712326,-0.541626372918703,1675.0,1201.6
4799,1171.2,1182.6,0.3031,0,0.27671232876712326,-0.5268112871335623,1700.0,1176.9
4801,1146.4,1157.8,0.3068,0,0.27671232876712326,-0.5122124877124096,1725.0,1152.1
4803,1121.7,1133.1,0.3268,0,0.27671232876712326,-0.49782375026031,1750.0,1127.4
4805,1096.9,1108.3,0.3221,0,0.27671232876712326,-0.48363911526835357,1775.0,1102.6
4807,1072.5,1083.8,0.3455,0,0.27671232876712326,-0.4696528732936137,1800.0,1078.15
4809,1047.4,1058.7,0.3169,0,0.27671232876712326,-0.45585955116127785,1825.0,1053.0500000000002
4811,1022.6,1034.0,0.3147,0,0.27671232876712326,-0.4422538991054992,1850.0,1028.3
4813,998.0,1009.4,0.3205,0,0.27671232876712326,-0.42883087877335857,1875.0,1003.7
4815,973.7,985.1,0.3338,0,0.27671232876712326,-0.4155856520233379,1900.0,979.4000000000001
4817,948.5,959.8,0.3079,0,0.27671232876712326,-0.4025135704559851,1925.0,954.15
4819,924.1,935.4,0.3155,0,0.27671232876712326,-0.3896101656200773,1950.0,929.75
4821,904.1,915.5,0.3052,0,0.27671232876712326,-0.37940599544583553,1970.0,909.8
4823,899.3,910.7,0.3087,0,0.27671232876712326,-0.3768711398426475,1975.0,905.0
4825,894.0,905.3,0.2937,0,0.27671232876712326,-0.37434269348928884,1980.0,899.65
4827,884.3,895.7,0.3001,0,0.27671232876712326,-0.3693048994593316,1990.0,890.0
4829,879.5,881.9,0.3135,0,0.27671232876712326,-0.3642923576357874,2000.0,880.7
4831,869.7,872.0,0.3116,0,0.27671232876712326,-0.35930481612474835,2010.0,870.85
4833,859.8,862.1,0.3085,0,0.27671232876712326,-0.3543420267826193,2020.0,860.95
4835,854.9,857.3,0.309,0,0.27671232876712326,-0.35186983763723023,2025.0,856.0999999999999
4837,849.9,852.2,0.3054,0,0.27671232876712326,-0.34940374514203676,2030.0,851.05
4839,840.3,842.5,0.3073,0,0.27671232876712326,-0.3444897303396076,2040.0,841.4
4841,830.3,832.6,0.3032,0,0.27671232876712326,-0.33959974504541585,2050.0,831.45
4843,820.4,822.7,0.3,0,0.27671232876712326,-0.33473355539424304,2060.0,821.55
4845,810.5,812.8,0.2968,0,0.27671232876712326,-0.32989093091845495,2070.0,811.65
4847,805.6,807.9,0.2961,0,0.27671232876712326,-0.32747838451307104,2075.0,806.75
4849,800.9,803.2,0.2989,0,0.27671232876712326,-0.3250716444825061,2080.0,802.05
4851,791.0,793.3,0.2956,0,0.27671232876712326,-0.320275472219013,2090.0,792.15
4853,781.2,783.5,0.2939,0,0.27671232876712326,-0.3155021934663554,2100.0,782.35
4855,771.4,773.7,0.2922,0,0.27671232876712326,-0.3107515907077576,2110.0,772.55
4857,761.6,763.9,0.2903,0,0.27671232876712326,-0.30602344951181154,2120.0,762.75
4859,756.7,759.0,0.2894,0,0.27671232876712326,-0.3036677358193525,2125.0,757.85
4861,751.8,754.1,0.2884,0,0.27671232876712326,-0.30131755847439895,2130.0,752.95
4863,742.0,744.3,0.2864,0,0.27671232876712326,-0.2966337091619725,2140.0,743.15
4865,732.2,734.5,0.2843,0,0.27671232876712326,-0.29197169605616125,2150.0,733.35
4867,722.4,724.7,0.2821,0,0.27671232876712326,-0.2873313164996591,2160.0,723.55
4869,712.6,714.9,0.2799,0,0.27671232876712326,-0.28271237064336446,2170.0,713.75
4871,707.7,710.0,0.2788,0,0.27671232876712326,-0.28041087365508527,2175.0,708.85
4873,702.9,705.1,0.2782,0,0.27671232876712326,-0.27811466139473506,2180.0,704.0
4875,693.3,695.5,0.2782,0,0.27671232876712326,-0.2735379943673232,2190.0,694.4
4877,683.2,685.5,0.2729,1,0.27671232876712326,-0.2689821778314625,2200.0,684.35
4879,673.6,675.9,0.2726,0,0.27671232876712326,-0.2644470226660713,2210.0,674.75
4881,663.8,666.0,0.2696,0,0.27671232876712326,-0.25993234231154455,2220.0,664.9
4883,659.0,661.2,0.2693,0,0.27671232876712326,-0.2576826225775291,2225.0,660.1
4885,654.3,656.5,0.27,0,0.27671232876712326,-0.2554379527237053,2230.0,655.4
4887,644.5,646.6,0.2668,0,0.27671232876712326,-0.25096367232878414,2240.0,645.55
4889,639.7,641.8,0.2664,0,0.27671232876712326,-0.248734017001515,2245.0,640.75
4891,634.7,637.0,0.265,1,0.27671232876712326,-0.2465093219794039,2250.0,635.85
4893,629.8,632.0,0.2632,0,0.27671232876712326,-0.24428956524109102,2255.0,630.9
4895,624.9,627.1,0.2618,0,0.27671232876712326,-0.2420747249115382,2260.0,626.0
4897,620.1,622.3,0.2613,0,0.27671232876712326,-0.23986477926073527,2265.0,621.2
4899,615.3,617.5,0.2607,0,0.27671232876712326,-0.23765970670242131,2270.0,616.4
4901,610.4,612.6,0.2593,0,0.27671232876712326,-0.23545948579281892,2275.0,611.5
4903,605.6,607.8,0.2587,0,0.27671232876712326,-0.2332640952293833,2280.0,606.7
4905,600.8,603.0,0.2581,0,0.27671232876712326,-0.2310735138495647,2285.0,601.9
4907,596.0,598.1,0.257,0,0.27671232876712326,-0.22888772062958446,2290.0,597.05
4909,591.1,593.3,0.2559,0,0.27671232876712326,-0.22670669468322416,2295.0,592.2
4911,586.3,588.4,0.2548,0,0.27671232876712326,-0.22453041526062864,2300.0,587.3499999999999
4913,581.4,583.6,0.2536,0,0.27671232876712326,-0.22235886174712086,2305.0,582.5
4915,576.6,578.8,0.2529,0,0.27671232876712326,-0.22019201366203053,2310.0,577.7
4917,571.9,573.9,0.2521,0,0.27671232876712326,-0.21802985065753533,2315.0,572.9
4919,567.0,569.1,0.2509,0,0.27671232876712326,-0.21587235251751405,2320.0,568.05
4921,562.0,564.2,0.249,0,0.27671232876712326,-0.21371949915641303,2325.0,563.1
4923,557.3,559.4,0.2485,0,0.27671232876712326,-0.21157127061812347,2330.0,558.3499999999999
4925,552.4,554.6,0.2472,0,0.27671232876712326,-0.20942764707487208,2335.0,553.5
4927,547.7,549.8,0.2467,0,0.27671232876712326,-0.20728860882612268,2340.0,548.75
4929,543.0,545.1,0.2464,0,0.27671232876712326,-0.20515413629748994,2345.0,544.05
4931,538.1,540.2,0.2448,0,0.27671232876712326,-0.20302421003966506,2350.0,539.1500000000001
4933,533.3,535.4,0.2438,0,0.27671232876712326,-0.2008988107273516,2355.0,534.3499999999999
4935,528.5,530.6,0.2428,0,0.27671232876712326,-0.198777919158214,2360.0,529.55
4937,523.7,525.8,0.2418,0,0.27671232876712326,-0.19666151625183645,2365.0,524.75
4939,519.0,521.1,0.2413,0,0.27671232876712326,-0.1945495830486928,2370.0,520.05
4941,514.1,516.2,0.2396,0,0.27671232876712326,-0.19244210070912812,2375.0,515.1500000000001
4943,509.2,511.4,0.2382,0,0.27671232876712326,-0.19033905051234934,2380.0,510.29999999999995
4945,504.4,506.6,0.2371,0,0.27671232876712326,-0.18824041385542817,2385.0,505.5
4947,499.7,501.8,0.2363,0,0.27671232876712326,-0.18614617225231345,2390.0,500.75
4949,495.0,497.1,0.2357,0,0.27671232876712326,-0.18405630733285408,2395.0,496.05
4951,490.2,492.3,0.2345,0,0.27671232876712326,-0.1819708008418327,2400.0,491.25
4953,485.4,487.5,0.2333,0,0.27671232876712326,-0.17988963463800817,2405.0,486.45
4955,480.5,482.7,0.2319,0,0.27671232876712326,-0.17781279069316908,2410.0,481.6
4957,475.8,477.9,0.2309,0,0.27671232876712326,-0.17574025109119673,2415.0,476.85
4959,471.1,473.2,0.2302,0,0.27671232876712326,-0.1736719980271376,2420.0,472.15
4961,466.3,468.4,0.2289,0,0.27671232876712326,-0.17160801380628612,2425.0,467.35
4963,461.8,463.7,0.2286,0,0.27671232876712326,-0.16954828084327558,2430.0,462.75
4965,456.8,458.9,0.2268,0,0.27671232876712326,-0.1674927816611796,2435.0,457.85
4967,452.3,454.3,0.2267,0,0.27671232876712326,-0.16544149889062224,2440.0,453.3
4969,447.4,449.5,0.2251,0,0.27671232876712326,-0.16339441526889728,2445.0,448.45
4971,442.7,444.8,0.2242,0,0.27671232876712326,-0.16135151363909703,2450.0,443.75
4973,438.0,440.0,0.223,0,0.27671232876712326,-0.15931277694924878,2455.0,439.0
4975,433.4,435.3,0.2223,0,0.27671232876712326,-0.15727818825146125,2460.0,434.35
4977,428.5,430.5,0.2207,0,0.27671232876712326,-0.1552477307010793,2465.0,429.5
4979,423.8,425.9,0.2199,0,0.27671232876712326,-0.1532213875558468,2470.0,424.85
4981,419.1,421.1,0.2186,0,0.27671232876712326,-0.15119914217507902,2475.0,420.1
4983,414.4,416.5,0.2178,0,0.27671232876712326,-0.14918097801884186,2480.0,415.45
4985,409.8,411.8,0.2169,0,0.27671232876712326,-0.14716687864714065,2485.0,410.8
4987,404.9,407.0,0.2152,0,0.27671232876712326,-0.14515682771911648,2490.0,405.95
4989,400.4,402.5,0.2149,0,0.27671232876712326,-0.14315080899225063,2495.0,401.45
4991,395.8,397.8,0.214,1,0.27671232876712326,-0.14114880632157759,2500.0,396.8
4993,391.1,393.1,0.2128,0,0.27671232876712326,-0.13915080365890456,2505.0,392.1
4995,386.5,388.5,0.212,0,0.27671232876712326,-0.13715678505204018,2510.0,387.5
4997,381.9,383.8,0.2109,0,0.27671232876712326,-0.1351667346440302,2515.0,382.85
4999,377.0,379.0,0.2091,0,0.27671232876712326,-0.13318063667240068,2520.0,378.0
5001,372.6,374.5,0.2088,0,0.27671232876712326,-0.1311984754684095,2525.0,373.55
5003,367.8,369.8,0.2073,0,0.27671232876712326,-0.1292202354563038,2530.0,368.8
5005,363.3,365.2,0.2065,0,0.27671232876712326,-0.12724590115258622,2535.0,364.25
5007,358.5,360.5,0.205,0,0.27671232876712326,-0.1252754571652875,2540.0,359.5
5009,353.9,355.9,0.204,0,0.27671232876712326,-0.12330888819324655,2545.0,354.9
5011,349.3,351.3,0.2029,1,0.27671232876712326,-0.12134617902539786,2550.0,350.3
5013,344.8,346.8,0.2022,0,0.27671232876712326,-0.11938731454006492,2555.0,345.8
5015,340.2,342.1,0.2009,0,0.27671232876712326,-0.11743227970426158,2560.0,341.15
5017,335.8,337.7,0.2005,0,0.27671232876712326,-0.11548105957299987,2565.0,336.75
5019,331.0,333.0,0.1988,0,0.27671232876712326,-0.11353363928860419,2570.0,332.0
5021,326.5,328.4,0.1978,0,0.27671232876712326,-0.11159000408003318,2575.0,327.45
5023,322.0,324.0,0.1971,0,0.27671232876712326,-0.10965013926220661,2580.0,323.0
5025,317.6,319.4,0.1961,0,0.27671232876712326,-0.10771403023534024,2585.0,318.5
5027,312.9,314.9,0.1948,0,0.27671232876712326,-0.10578166248428633,2590.0,313.9
5029,308.4,310.3,0.1937,0,0.27671232876712326,-0.10385302157788065,2595.0,309.35
5031,303.9,305.7,0.1925,0,0.27671232876712326,-0.10192809316829628,2600.0,304.79999999999995
5033,299.4,301.2,0.1915,0,0.27671232876712326,-0.10000686299040243,2605.0,300.29999999999995
5035,295.0,296.8,0.1907,0,0.27671232876712326,-0.09808931686113065,2610.0,295.9
5037,290.5,292.3,0.1895,0,0.27671232876712326,-0.0961754406788465,2615.0,291.4
5039,286.1,287.8,0.1885,0,0.27671232876712326,-0.09426522042272713,2620.0,286.95000000000005
5041,281.6,283.4,0.1875,30,0.27671232876712326,-0.09235864215214558,2625.0,282.5
5043,277.2,278.9,0.1864,31,0.27671232876712326,-0.09045569200605948,2630.0,278.04999999999995
5045,272.7,274.5,0.1852,0,0.27671232876712326,-0.08855635620240704,2635.0,273.6
5047,268.2,270.0,0.184,12,0.27671232876712326,-0.08666062103750792,2640.0,269.1
5049,264.0,265.7,0.1833,0,0.27671232876712326,-0.08476847288546992,2645.0,264.85
5051,259.5,261.2,0.1819,1,0.27671232876712326,-0.0828798981976018,2650.0,260.35
5053,255.1,256.8,0.1808,1,0.27671232876712326,-0.08099488350183051,2655.0,255.95
5055,250.8,252.5,0.1799,0,0.27671232876712326,-0.07911341540212498,2660.0,251.65
5057,246.3,248.0,0.1785,0,0.27671232876712326,-0.07723548057792484,2665.0,247.15
5059,242.0,243.7,0.1775,0,0.27671232876712326,-0.07536106578357445,2670.0,242.85
5061,237.7,239.3,0.1763,2,0.27671232876712326,-0.07349015784776276,2675.0,238.5
5063,233.4,235.0,0.1753,1,0.27671232876712326,-0.07162274367296735,2680.0,234.2
5065,229.1,230.7,0.1742,0,0.27671232876712326,-0.06975881023490467,2685.0,229.89999999999998
5067,224.8,226.4,0.173,1,0.27671232876712326,-0.06789834458198497,2690.0,225.60000000000002
5069,220.4,222.1,0.1717,0,0.27671232876712326,-0.06604133383477213,2695.0,221.25
5071,216.3,217.9,0.1709,3,0.27671232876712326,-0.06418776518544925,2700.0,217.10000000000002
5073,212.0,213.6,0.1696,1,0.27671232876712326,-0.062337625897287814,2705.0,212.8
5075,207.9,209.4,0.1686,0,0.27671232876712326,-0.06049090330412315,2710.0,208.65
5077,203.7,205.2,0.1675,0,0.27671232876712326,-0.058647584809833946,2715.0,204.45
5079,199.4,201.0,0.1662,0,0.27671232876712326,-0.05680765788782678,2720.0,200.2
5081,195.2,196.8,0.165,1,0.27671232876712326,-0.054971110080525236,2725.0,196.0
5083,191.1,192.6,0.1639,1,0.27671232876712326,-0.0531379289988643,2730.0,191.85
5085,187.0,188.5,0.1628,3,0.27671232876712326,-0.05130810232178815,2735.0,187.75
5087,183.0,184.4,0.1618,1,0.27671232876712326,-0.04948161779575385,2740.0,183.7
5089,178.9,180.3,0.1606,1,0.27671232876712326,-0.04765846323423877,2745.0,179.60000000000002
5091,174.8,176.2,0.1594,412,0.27671232876712326,-0.045838626517252706,2750.0,175.5
5093,170.7,172.1,0.1582,0,0.27671232876712326,-0.04402209559085485,2755.0,171.39999999999998
5095,166.9,168.1,0.1573,0,0.27671232876712326,-0.04220885846667405,2760.0,167.5
5097,162.7,164.1,0.1559,12,0.27671232876712326,-0.04039890322143458,2765.0,163.39999999999998
5099,158.8,160.1,0.1548,0,0.27671232876712326,-0.038592217996485594,2770.0,159.45
5101,154.7,156.1,0.1534,54,0.27671232876712326,-0.0367887909973348,2775.0,155.39999999999998
5103,150.9,152.2,0.1524,0,0.27671232876712326,-0.03498861049318696,2780.0,151.55
5105,147.0,148.3,0.1513,3,0.27671232876712326,-0.03319166481648533,2785.0,147.65
5107,143.1,144.4,0.15,16,0.27671232876712326,-0.03139794236245844,2790.0,143.75
5109,139.3,140.5,0.1489,31,0.27671232876712326,-0.02960743158867024,2795.0,139.9
5111,135.5,136.7,0.1477,44,0.27671232876712326,-0.027820121014574394,2800.0,136.1
5113,131.8,132.9,0.1466,552,0.27671232876712326,-0.026035999221073018,2805.0,132.35000000000002
5115,128.0,129.1,0.1453,8,0.27671232876712326,-0.02425505485007828,2810.0,128.55
5117,124.3,125.4,0.1442,0,0.27671232876712326,-0.022477276604078996,2815.0,124.85
5119,120.7,121.7,0.1431,0,0.27671232876712326,-0.020702653245710502,2820.0,121.2
5121,116.9,118.0,0.1417,62,0.27671232876712326,-0.018931173597328366,2825.0,117.45
5123,113.4,114.4,0.1407,51,0.27671232876712326,-0.017162826540586398,2830.0,113.9
5125,109.7,110.8,0.1394,40,0.27671232876712326,-0.015397601016017283,2835.0,110.25
5127,106.3,107.2,0.1383,58,0.27671232876712326,-0.013635486022618026,2840.0,106.75
5129,102.8,103.7,0.1371,45,0.27671232876712326,-0.011876470617438477,2845.0,103.25
5131,99.3,100.2,0.1359,111,0.27671232876712326,-0.010120543915173473,2850.0,99.75
5133,95.9,96.8,0.1347,28,0.27671232876712326,-0.008367695087759114,2855.0,96.35
5135,92.4,93.4,0.1334,12,0.27671232876712326,-0.006617913363971453,2860.0,92.9
5137,89.1,90.0,0.1322,50,0.27671232876712326,-0.00487118802902981,2865.0,89.55
5139,85.8,86.7,0.131,202,0.27671232876712326,-0.0031275084242029776,2870.0,86.25
5141,82.5,83.5,0.1298,97,0.27671232876712326,-0.0013868639464188668,2875.0,83.0
5143,79.5,80.3,0.1288,52,0.27671232876712326,0.0003507559521219104,2880.0,79.9
5145,76.2,77.1,0.1275,63,0.27671232876712326,0.0020853617643302107,2885.0,76.65
5147,73.1,74.0,0.1263,43,0.27671232876712326,0.003816963928608097,2890.0,73.55
5149,70.1,70.9,0.1251,50,0.27671232876712326,0.005545572829225849,2895.0,70.5
5151,67.1,67.9,0.1239,422,0.27671232876712326,0.007271198796695605,2900.0,67.5
5153,64.2,65.0,0.1228,78,0.27671232876712326,0.00899385210814179,2905.0,64.6
5155,61.4,62.1,0.1217,21,0.27671232876712326,0.010713542987668584,2910.0,61.75
5157,58.6,59.3,0.1206,33,0.27671232876712326,0.012430281606723118,2915.0,58.95
5159,55.9,56.6,0.1195,5,0.27671232876712326,0.014144078084457773,2920.0,56.25
5161,53.2,53.9,0.1184,290,0.27671232876712326,0.01585494248808719,2925.0,53.55
5163,50.6,51.3,0.1173,20,0.27671232876712326,0.017562884833243288,2930.0,50.95
5165,48.1,48.8,0.1162,9,0.27671232876712326,0.0192679150843271,2935.0,48.45
5167,45.6,46.3,0.1151,17,0.27671232876712326,0.02097004315485755,2940.0,45.95
5169,43.3,43.9,0.1141,0,0.27671232876712326,0.022669278907817315,2945.0,43.599999999999994
5171,41.0,41.6,0.1131,81,0.27671232876712326,0.02436563215599572,2950.0,41.3
5173,38.8,39.4,0.1122,38,0.27671232876712326,0.026059112662328764,2955.0,39.099999999999994
5175,36.6,37.2,0.1112,4,0.27671232876712326,0.027749730140236226,2960.0,36.900000000000006
5177,34.5,35.1,0.1102,0,0.27671232876712326,0.02943749425395619,2965.0,34.8
5179,32.6,33.1,0.1094,0,0.27671232876712326,0.031122414618875646,2970.0,32.85
5181,30.6,31.2,0.1084,250,0.27671232876712326,0.03280450080186045,2975.0,30.9
5183,28.8,29.3,0.1075,183,0.27671232876712326,0.03448376232158044,2980.0,29.05
5185,27.0,27.6,0.1067,0,0.27671232876712326,0.036160208648832744,2985.0,27.3
5187,25.4,25.9,0.106,1,0.27671232876712326,0.03783384920686237,2990.0,25.65
5189,23.8,24.3,0.1052,0,0.27671232876712326,0.03950469337167996,2995.0,24.05
5191,22.2,22.7,0.1043,166,0.27671232876712326,0.04117275047237696,3000.0,22.45
5193,20.8,21.3,0.1037,17,0.27671232876712326,0.04283802979143815,3005.0,21.05
5195,19.4,19.9,0.103,860,0.27671232876712326,0.04450054056505159,3010.0,19.65
5197,18.1,18.6,0.1023,768,0.27671232876712326,0.04616029198341618,3015.0,18.35
5199,16.9,17.3,0.1017,24,0.27671232876712326,0.04781729319104567,3020.0,17.1
5201,15.8,16.2,0.1012,102,0.27671232876712326,0.04947155328707216,3025.0,16.0
5203,14.7,15.1,0.1007,11,0.27671232876712326,0.051123081325545126,3030.0,14.899999999999999
5205,13.7,14.1,0.1002,39,0.27671232876712326,0.05277188631572892,3035.0,13.899999999999999
5207,12.7,13.1,0.0996,18,0.27671232876712326,0.05441797722239764,3040.0,12.899999999999999
5209,11.9,12.2,0.0993,43,0.27671232876712326,0.05606136296612764,3045.0,12.05
5211,11.0,11.3,0.0988,61,0.27671232876712326,0.05770205242358753,3050.0,11.15
5213,10.3,10.6,0.0987,16,0.27671232876712326,0.059340054427825896,3055.0,10.45
5215,9.6,9.8,0.0983,28,0.27671232876712326,0.06097537776855663,3060.0,9.7
5217,8.9,9.2,0.0981,41,0.27671232876712326,0.06260803119244214,3065.0,9.05
5219,8.2,8.6,0.0978,21,0.27671232876712326,0.06423802340337319,3070.0,8.399999999999999
5221,7.7,8.0,0.0977,977,0.27671232876712326,0.06586536306274857,3075.0,7.85
5223,7.1,7.4,0.0973,276,0.27671232876712326,0.06749005878975045,3080.0,7.25
5225,6.6,6.9,0.0972,10,0.27671232876712326,0.06911211916161847,3085.0,6.75
5227,6.2,6.5,0.0973,200,0.27671232876712326,0.07073155271392141,3090.0,6.35
5229,5.8,6.1,0.0974,0,0.27671232876712326,0.07234836794082672,3095.0,5.949999999999999
5231,5.4,5.7,0.0974,117,0.27671232876712326,0.07396257329536783,3100.0,5.550000000000001
5233,5.0,5.3,0.0972,0,0.27671232876712326,0.07557417718970934,3105.0,5.15
5235,4.7,5.0,0.0974,15,0.27671232876712326,0.07718318799541,3110.0,4.85
5237,4.1,4.4,0.0976,34,0.27671232876712326,0.08039346362565838,3120.0,4.25
5239,3.8,4.1,0.0976,324,0.27671232876712326,0.08199474499263221,3125.0,3.9499999999999997
5241,3.5,3.8,0.0974,68,0.27671232876712326,0.08359346635632921,3130.0,3.65
5243,3.1,3.4,0.098,15,0.27671232876712326,0.08678326172442932,3140.0,3.25
5245,2.7,3.0,0.0983,2999,0.27671232876712326,0.08996291464180897,3150.0,2.85
5247,2.35,2.65,0.0987,0,0.27671232876712326,0.09313248940308798,3160.0,2.5
5249,2.1,2.35,0.0993,74,0.27671232876712326,0.09629204969345664,3170.0,2.225
5251,1.95,2.2,0.0994,283,0.27671232876712326,0.09786809414892235,3175.0,2.075
5253,1.85,2.1,0.0998,0,0.27671232876712326,0.09944165859635283,3180.0,1.975
5255,1.45,1.7,0.1012,113,0.27671232876712326,0.10571127160994814,3200.0,1.575
5257,1.1,1.35,0.1033,0,0.27671232876712326,0.1134934120520032,3225.0,1.225
5259,0.8,1.05,0.1049,225,0.27671232876712326,0.1212154581459134,3250.0,0.925
5261,0.45,0.7,0.1092,0,0.27671232876712326,0.13648293027670183,3300.0,0.575
5263,0.15,0.4,0.1195,12,0.27671232876712326,0.166335893426383,3400.0,0.275
5265,0.05,0.25,0.1298,0,0.27671232876712326,0.19532343029963528,3500.0,0.15
5267,0.0,0.2,0.1415,0,0.27671232876712326,0.22349430726633163,3600.0,0.1
5269,0.0,0.15,0.1535,0,0.27671232876712326,0.25089328145444606,3700.0,0.075
5271,1865.5,1876.9,0.0,0,0.3095890410958904,-1.0574395381957327,1000.0,1871.2
5272,1766.5,1777.9,0.0,0,0.3095890410958904,-0.9621293583914078,1100.0,1772.2
5273,1667.3,1678.7,0.0,0,0.3095890410958904,-0.875117981401778,1200.0,1673.0
5274,1568.2,1579.6,0.0,0,0.3095890410958904,-0.7950752737282416,1300.0,1573.9
5275,1469.1,1480.5,0.0,0,0.3095890410958904,-0.7209673015745197,1400.0,1474.8
5276,1370.0,1381.4,0.0,0,0.3095890410958904,-0.6519744300875684,1500.0,1375.7
5277,1271.0,1282.3,0.0,0,0.3095890410958904,-0.5874359089499972,1600.0,1276.65
5278,1221.6,1233.0,0.0,0,0.3095890410958904,-0.5566642502832435,1650.0,1227.3
5279,1172.1,1183.5,0.3119,0,0.3095890410958904,-0.5268112871335623,1700.0,1177.8
5280,1122.6,1134.0,0.3146,0,0.3095890410958904,-0.49782375026031,1750.0,1128.3
5281,1073.2,1084.6,0.3176,0,0.3095890410958904,-0.4696528732936137,1800.0,1078.9
5282,1023.9,1035.3,0.3183,0,0.3095890410958904,-0.4422538991054992,1850.0,1029.6
5283,974.6,985.9,0.3115,0,0.3095890410958904,-0.4155856520233379,1900.0,980.25
5284,925.6,937.0,0.3129,0,0.3095890410958904,-0.3896101656200773,1950.0,931.3
5285,880.8,883.1,0.3008,0,0.3095890410958904,-0.3642923576357874,2000.0,881.95
5286,856.4,858.7,0.2996,0,0.3095890410958904,-0.35186983763723023,2025.0,857.55
5287,831.9,834.1,0.2949,0,0.3095890410958904,-0.33959974504541585,2050.0,833.0
5288,807.3,809.6,0.2898,0,0.3095890410958904,-0.32747838451307104,2075.0,808.45
5289,782.8,785.1,0.285,0,0.3095890410958904,-0.3155021934663554,2100.0,783.95
5290,758.5,760.7,0.2817,0,0.3095890410958904,-0.3036677358193525,2125.0,759.6
5291,734.1,736.4,0.2777,0,0.3095890410958904,-0.29197169605616125,2150.0,735.25
5292,709.6,711.9,0.2717,0,0.3095890410958904,-0.28041087365508527,2175.0,710.75
5293,685.4,687.7,0.2683,0,0.3095890410958904,-0.2689821778314625,2200.0,686.55
5294,661.2,663.5,0.2643,1,0.3095890410958904,-0.2576826225775291,2225.0,662.35
5295,637.0,639.2,0.2593,0,0.3095890410958904,-0.2465093219794039,2250.0,638.1
5296,612.9,615.2,0.2553,0,0.3095890410958904,-0.23545948579281892,2275.0,614.05
5297,588.7,590.9,0.2495,0,0.3095890410958904,-0.22453041526062864,2300.0,589.8
5298,564.8,567.0,0.2455,0,0.3095890410958904,-0.21371949915641303,2325.0,565.9
5299,540.9,543.1,0.2409,0,0.3095890410958904,-0.20302421003966506,2350.0,542.0
5300,517.1,519.2,0.2361,0,0.3095890410958904,-0.19244210070912812,2375.0,518.1500000000001
5301,493.3,495.5,0.2312,0,0.3095890410958904,-0.1819708008418327,2400.0,494.4
5302,469.6,471.7,0.2258,0,0.3095890410958904,-0.17160801380628612,2425.0,470.65
5303,455.6,457.7,0.2235,0,0.3095890410958904,-0.16544149889062224,2440.0,456.65
5304,446.1,448.2,0.2211,0,0.3095890410958904,-0.16135151363909703,2450.0,447.15
5305,436.7,438.8,0.219,0,0.3095890410958904,-0.15727818825146125,2460.0,437.75
5306,427.5,429.5,0.2174,0,0.3095890410958904,-0.1532213875558468,2470.0,428.5
5307,422.8,424.8,0.2163,0,0.3095890410958904,-0.15119914217507902,2475.0,423.8
5308,417.9,420.0,0.2146,0,0.3095890410958904,-0.14918097801884186,2480.0,418.95
5309,408.6,410.7,0.2127,0,0.3095890410958904,-0.14515682771911648,2490.0,409.65
5310,399.6,401.6,0.2115,0,0.3095890410958904,-0.14114880632157759,2500.0,400.6
5311,390.2,392.2,0.209,0,0.3095890410958904,-0.13715678505204018,2510.0,391.2
5312,381.0,382.9,0.207,0,0.3095890410958904,-0.13318063667240068,2520.0,381.95
5313,376.5,378.5,0.2065,1,0.3095890410958904,-0.1311984754684095,2525.0,377.5
5314,371.9,373.9,0.2054,0,0.3095890410958904,-0.1292202354563038,2530.0,372.9
5315,362.7,364.7,0.2033,0,0.3095890410958904,-0.1252754571652875,2540.0,363.7
5316,353.6,355.6,0.2014,0,0.3095890410958904,-0.12134617902539786,2550.0,354.6
5317,344.5,346.5,0.1994,0,0.3095890410958904,-0.11743227970426158,2560.0,345.5
5318,335.6,337.5,0.1977,0,0.3095890410958904,-0.11353363928860419,2570.0,336.55
5319,331.0,332.9,0.1965,0,0.3095890410958904,-0.11159000408003318,2575.0,331.95
5320,326.4,328.3,0.1952,0,0.3095890410958904,-0.10965013926220661,2580.0,327.35
5321,317.5,319.4,0.1935,0,0.3095890410958904,-0.10578166248428633,2590.0,318.45
5322,308.5,310.4,0.1913,4,0.3095890410958904,-0.10192809316829628,2600.0,309.45
5323,299.6,301.6,0.1894,0,0.3095890410958904,-0.09808931686113065,2610.0,300.6
5324,290.8,292.7,0.1874,0,0.3095890410958904,-0.09426522042272713,2620.0,291.75
5325,286.3,288.2,0.1861,0,0.3095890410958904,-0.09235864215214558,2625.0,287.25
5326,281.9,283.7,0.185,0,0.3095890410958904,-0.09045569200605948,2630.0,282.79999999999995
5327,273.1,274.9,0.1829,0,0.3095890410958904,-0.08666062103750792,2640.0,274.0
5328,264.5,266.3,0.1811,26,0.3095890410958904,-0.0828798981976018,2650.0,265.4
5329,255.8,257.6,0.179,27,0.3095890410958904,-0.07911341540212498,2660.0,256.70000000000005
5330,247.2,248.9,0.1768,0,0.3095890410958904,-0.07536106578357445,2670.0,248.05
5331,242.9,244.6,0.1757,25,0.3095890410958904,-0.07349015784776276,2675.0,243.75
5332,238.6,240.3,0.1746,0,0.3095890410958904,-0.07162274367296735,2680.0,239.45
5333,230.1,231.8,0.1725,4,0.3095890410958904,-0.06789834458198497,2690.0,230.95
5334,221.8,223.5,0.1707,202,0.3095890410958904,-0.06418776518544925,2700.0,222.65
5335,213.4,215.0,0.1684,2,0.3095890410958904,-0.06049090330412315,2710.0,214.2
5336,205.1,206.7,0.1663,2,0.3095890410958904,-0.05680765788782678,2720.0,205.89999999999998
5337,201.0,202.6,0.1652,228,0.3095890410958904,-0.054971110080525236,2725.0,201.8
5338,196.9,198.4,0.1641,8,0.3095890410958904,-0.0531379289988643,2730.0,197.65
5339,188.8,190.3,0.162,18,0.3095890410958904,-0.04948161779575385,2740.0,189.55
5340,180.7,182.2,0.1598,2107,0.3095890410958904,-0.045838626517252706,2750.0,181.45
5341,172.7,174.2,0.1576,24,0.3095890410958904,-0.04220885846667405,2760.0,173.45
5342,164.9,166.3,0.1555,15,0.3095890410958904,-0.038592217996485594,2770.0,165.60000000000002
5343,161.0,162.4,0.1544,214,0.3095890410958904,-0.0367887909973348,2775.0,161.7
5344,157.1,158.5,0.1532,12,0.3095890410958904,-0.03498861049318696,2780.0,157.8
5345,149.4,150.8,0.151,10,0.3095890410958904,-0.03139794236245844,2790.0,150.10000000000002
5346,141.8,143.1,0.1487,2369,0.3095890410958904,-0.027820121014574394,2800.0,142.45
5347,134.4,135.6,0.1465,13,0.3095890410958904,-0.02425505485007828,2810.0,135.0
5348,127.0,128.2,0.1442,507,0.3095890410958904,-0.020702653245710502,2820.0,127.6
5349,123.3,124.6,0.1431,628,0.3095890410958904,-0.018931173597328366,2825.0,123.94999999999999
5350,119.7,121.0,0.1419,86,0.3095890410958904,-0.017162826540586398,2830.0,120.35
5351,112.7,114.0,0.1398,238,0.3095890410958904,-0.013635486022618026,2840.0,113.35
5352,105.7,106.9,0.1374,473,0.3095890410958904,-0.010120543915173473,2850.0,106.30000000000001
5353,98.9,100.1,0.1352,136,0.3095890410958904,-0.006617913363971453,2860.0,99.5
5354,92.4,93.5,0.133,149,0.3095890410958904,-0.0031275084242029776,2870.0,92.95
5355,89.1,90.1,0.1318,619,0.3095890410958904,-0.0013868639464188668,2875.0,89.6
5356,85.9,86.9,0.1307,717,0.3095890410958904,0.0003507559521219104,2880.0,86.4
5357,79.6,80.6,0.1284,19,0.3095890410958904,0.003816963928608097,2890.0,80.1
5358,73.5,74.5,0.1261,617,0.3095890410958904,0.007271198796695605,2900.0,74.0
5359,67.7,68.7,0.124,24,0.3095890410958904,0.010713542987668584,2910.0,68.2
5360,62.0,63.0,0.1217,27,0.3095890410958904,0.014144078084457773,2920.0,62.5
5361,59.3,60.2,0.1206,1001,0.3095890410958904,0.01585494248808719,2925.0,59.75
5362,56.7,57.6,0.1197,25,0.3095890410958904,0.017562884833243288,2930.0,57.150000000000006
5363,51.6,52.4,0.1176,0,0.3095890410958904,0.02097004315485755,2940.0,52.0
5364,46.7,47.5,0.1155,633,0.3095890410958904,0.02436563215599572,2950.0,47.1
5365,42.2,42.9,0.1137,6,0.3095890410958904,0.027749730140236226,2960.0,42.55
5366,37.9,38.6,0.1118,0,0.3095890410958904,0.031122414618875646,2970.0,38.25
5367,35.8,36.5,0.1108,3580,0.3095890410958904,0.03280450080186045,2975.0,36.15
5368,33.9,34.5,0.11,0,0.3095890410958904,0.03448376232158044,2980.0,34.2
5369,30.2,30.8,0.1083,0,0.3095890410958904,0.03783384920686237,2990.0,30.5
5370,26.7,27.4,0.1067,506,0.3095890410958904,0.04117275047237696,3000.0,27.049999999999997
5371,19.5,20.0,0.1032,313,0.3095890410958904,0.04947155328707216,3025.0,19.75
5372,14.0,14.3,0.1004,1335,0.3095890410958904,0.05770205242358753,3050.0,14.15
5373,9.9,10.2,0.0986,1300,0.3095890410958904,0.06586536306274857,3075.0,10.05
5374,7.1,7.4,0.0979,445,0.3095890410958904,0.07396257329536783,3100.0,7.25
5375,5.1,5.3,0.0976,563,0.3095890410958904,0.08199474499263221,3125.0,5.199999999999999
5376,3.6,3.9,0.0977,2907,0.3095890410958904,0.08996291464180897,3150.0,3.75
5377,2.65,2.95,0.0988,62,0.3095890410958904,0.09786809414892235,3175.0,2.8
5378,2.0,2.25,0.1001,1150,0.3095890410958904,0.10571127160994814,3200.0,2.125
5379,1.1,1.35,0.1029,7,0.3095890410958904,0.1212154581459134,3250.0,1.225
5380,0.65,0.9,0.1068,120,0.3095890410958904,0.13648293027670183,3300.0,0.775
5381,0.25,0.45,0.1155,0,0.3095890410958904,0.166335893426383,3400.0,0.35
5382,0.1,0.3,0.1258,0,0.3095890410958904,0.19532343029963528,3500.0,0.2
5384,1860.8,1876.0,0.0,0,0.35342465753424657,-1.0574395381957327,1000.0,1868.4
5386,1761.8,1777.0,0.0,0,0.35342465753424657,-0.9621293583914078,1100.0,1769.4
5388,1662.9,1678.0,0.0,0,0.35342465753424657,-0.875117981401778,1200.0,1670.45
5390,1564.0,1579.1,0.0,0,0.35342465753424657,-0.7950752737282416,1300.0,1571.55
5392,1489.8,1504.8,0.0,0,0.35342465753424657,-0.738985807077198,1375.0,1497.3
5394,1465.0,1480.1,0.0,0,0.35342465753424657,-0.7209673015745197,1400.0,1472.55
5396,1440.3,1455.4,0.0,0,0.35342465753424657,-0.7032677244751188,1425.0,1447.85
5398,1415.6,1430.7,0.0,0,0.35342465753424657,-0.6858759817632497,1450.0,1423.15
5400,1390.9,1406.0,0.306,0,0.35342465753424657,-0.6687815484039495,1475.0,1398.45
5402,1366.2,1381.2,0.3298,0,0.35342465753424657,-0.6519744300875684,1500.0,1373.7
5404,1341.5,1356.5,0.349,0,0.35342465753424657,-0.6354451281363578,1525.0,1349.0
5406,1316.8,1331.8,0.3558,0,0.35342465753424657,-0.6191846072645775,1550.0,1324.3
5408,1292.1,1307.1,0.3578,0,0.35342465753424657,-0.6031842659181363,1575.0,1299.6
5410,1267.4,1282.4,0.3576,0,0.35342465753424657,-0.5874359089499972,1600.0,1274.9
5412,1242.7,1257.7,0.3559,0,0.35342465753424657,-0.5719317224140319,1625.0,1250.2
5414,1218.0,1233.0,0.3531,0,0.35342465753424657,-0.5566642502832435,1650.0,1225.5
5416,1193.3,1208.4,0.3523,0,0.35342465753424657,-0.541626372918703,1675.0,1200.85
5418,1168.7,1183.7,0.3504,0,0.35342465753424657,-0.5268112871335623,1700.0,1176.2
5420,1144.0,1159.0,0.3453,0,0.35342465753424657,-0.5122124877124096,1725.0,1151.5
5422,1119.4,1134.4,0.3439,0,0.35342465753424657,-0.49782375026031,1750.0,1126.9
5424,1094.7,1109.7,0.338,0,0.35342465753424657,-0.48363911526835357,1775.0,1102.2
5426,1070.1,1085.1,0.3351,0,0.35342465753424657,-0.4696528732936137,1800.0,1077.6
5428,1045.5,1060.5,0.3315,0,0.35342465753424657,-0.45585955116127785,1825.0,1053.0
5430,1020.9,1035.9,0.3274,0,0.35342465753424657,-0.4422538991054992,1850.0,1028.4
5432,996.3,1011.3,0.3228,0,0.35342465753424657,-0.42883087877335857,1875.0,1003.8
5434,971.7,986.8,0.3189,0,0.35342465753424657,-0.4155856520233379,1900.0,979.25
5436,947.2,962.2,0.3145,0,0.35342465753424657,-0.4025135704559851,1925.0,954.7
5438,922.6,937.7,0.3098,0,0.35342465753424657,-0.3896101656200773,1950.0,930.1500000000001
5440,898.1,913.2,0.3055,0,0.35342465753424657,-0.3768711398426475,1975.0,905.6500000000001
5442,879.6,882.3,0.2978,0,0.35342465753424657,-0.3642923576357874,2000.0,880.95
5444,855.2,857.9,0.2944,0,0.35342465753424657,-0.35186983763723023,2025.0,856.55
5446,830.8,833.5,0.2904,0,0.35342465753424657,-0.33959974504541585,2050.0,832.15
5448,806.4,809.1,0.2859,0,0.35342465753424657,-0.32747838451307104,2075.0,807.75
5450,782.0,784.7,0.2811,0,0.35342465753424657,-0.3155021934663554,2100.0,783.35
5452,757.7,760.4,0.2769,0,0.35342465753424657,-0.3036677358193525,2125.0,759.05
5454,733.5,736.1,0.2727,0,0.35342465753424657,-0.29197169605616125,2150.0,734.8
5456,709.1,711.8,0.2673,0,0.35342465753424657,-0.28041087365508527,2175.0,710.45
5458,685.0,687.6,0.2631,0,0.35342465753424657,-0.2689821778314625,2200.0,686.3
5460,660.9,663.5,0.2588,0,0.35342465753424657,-0.2576826225775291,2225.0,662.2
5462,637.1,639.3,0.2548,0,0.35342465753424657,-0.2465093219794039,2250.0,638.2
5464,613.3,615.4,0.2511,0,0.35342465753424657,-0.23545948579281892,2275.0,614.3499999999999
5466,589.3,591.5,0.2464,0,0.35342465753424657,-0.22453041526062864,2300.0,590.4
5468,565.4,567.6,0.2415,0,0.35342465753424657,-0.21371949915641303,2325.0,566.5
5470,541.6,543.7,0.2364,0,0.35342465753424657,-0.20302421003966506,2350.0,542.6500000000001
5472,518.0,520.1,0.2321,0,0.35342465753424657,-0.19244210070912812,2375.0,519.05
5474,494.6,496.7,0.228,0,0.35342465753424657,-0.1819708008418327,2400.0,495.65
5476,471.1,473.1,0.2229,0,0.35342465753424657,-0.17160801380628612,2425.0,472.1
5478,448.0,450.0,0.2189,0,0.35342465753424657,-0.16135151363909703,2450.0,449.0
5480,424.7,426.6,0.2136,0,0.35342465753424657,-0.15119914217507902,2475.0,425.65
5482,401.7,403.7,0.209,40,0.35342465753424657,-0.14114880632157759,2500.0,402.7
5484,379.2,381.1,0.205,0,0.35342465753424657,-0.1311984754684095,2525.0,380.15
5486,356.4,358.3,0.1997,0,0.35342465753424657,-0.12134617902539786,2550.0,357.35
5488,334.2,336.1,0.1954,0,0.35342465753424657,-0.11159000408003318,2575.0,335.15
5490,312.0,313.8,0.1903,1,0.35342465753424657,-0.10192809316829628,2600.0,312.9
5492,290.2,291.9,0.1855,26,0.35342465753424657,-0.09235864215214558,2625.0,291.04999999999995
5494,268.7,270.3,0.1807,9,0.35342465753424657,-0.0828798981976018,2650.0,269.5
5496,247.7,249.2,0.1762,1,0.35342465753424657,-0.07349015784776276,2675.0,248.45
5498,226.7,228.3,0.171,12,0.35342465753424657,-0.06418776518544925,2700.0,227.5
5500,206.3,207.7,0.1659,27,0.35342465753424657,-0.054971110080525236,2725.0,207.0
5502,186.4,187.7,0.1608,96,0.35342465753424657,-0.045838626517252706,2750.0,187.05
5504,167.0,168.2,0.1557,170,0.35342465753424657,-0.0367887909973348,2775.0,167.6
5506,148.1,149.3,0.1504,189,0.35342465753424657,-0.027820121014574394,2800.0,148.7
5508,129.9,131.0,0.1451,196,0.35342465753424657,-0.018931173597328366,2825.0,130.45
5510,112.4,113.6,0.1397,130,0.35342465753424657,-0.010120543915173473,2850.0,113.0
5512,95.9,96.9,0.1343,34,0.35342465753424657,-0.0013868639464188668,2875.0,96.4
5514,80.3,81.3,0.1289,136,0.35342465753424657,0.007271198796695605,2900.0,80.8
5516,66.1,66.9,0.1237,346,0.35342465753424657,0.01585494248808719,2925.0,66.5
5518,53.2,53.9,0.1187,164,0.35342465753424657,0.02436563215599572,2950.0,53.55
5520,41.8,42.4,0.114,116,0.35342465753424657,0.03280450080186045,2975.0,42.099999999999994
5522,32.1,32.6,0.1097,293,0.35342465753424657,0.04117275047237696,3000.0,32.35
5524,24.1,24.6,0.1061,306,0.35342465753424657,0.04947155328707216,3025.0,24.35
5526,17.8,18.2,0.1031,48,0.35342465753424657,0.05770205242358753,3050.0,18.0
5528,13.0,13.4,0.1009,252,0.35342465753424657,0.06586536306274857,3075.0,13.2
5530,9.4,9.8,0.0994,289,0.35342465753424657,0.07396257329536783,3100.0,9.600000000000001
5532,6.9,7.2,0.0987,50,0.35342465753424657,0.08199474499263221,3125.0,7.050000000000001
5534,5.1,5.3,0.0986,75,0.35342465753424657,0.08996291464180897,3150.0,5.199999999999999
5536,3.7,4.0,0.0987,190,0.35342465753424657,0.09786809414892235,3175.0,3.85
5538,2.8,3.1,0.0998,381,0.35342465753424657,0.10571127160994814,3200.0,2.95
5540,2.1,2.4,0.1007,0,0.35342465753424657,0.1134934120520032,3225.0,2.25
5542,1.6,1.9,0.1021,592,0.35342465753424657,0.1212154581459134,3250.0,1.75
5544,0.95,1.25,0.1052,359,0.35342465753424657,0.13648293027670183,3300.0,1.1
5546,0.4,0.65,0.1136,306,0.35342465753424657,0.166335893426383,3400.0,0.525
5548,0.15,0.4,0.122,0,0.35342465753424657,0.19532343029963528,3500.0,0.275
5550,0.0,0.25,0.1277,65,0.35342465753424657,0.22349430726633163,3600.0,0.125
5552,0.0,0.2,0.1391,0,0.35342465753424657,0.25089328145444606,3700.0,0.1
5554,1860.7,1874.7,0.0,0,0.3917808219178082,-1.0574395381957327,1000.0,1867.7
5555,1761.1,1775.0,0.0,0,0.3917808219178082,-0.9621293583914078,1100.0,1768.05
5556,1662.6,1676.6,0.0,0,0.3917808219178082,-0.875117981401778,1200.0,1669.6
5557,1563.9,1577.9,0.0,0,0.3917808219178082,-0.7950752737282416,1300.0,1570.9
5558,1464.7,1478.5,0.0,0,0.3917808219178082,-0.7209673015745197,1400.0,1471.6
5559,1366.4,1380.4,0.0,0,0.3917808219178082,-0.6519744300875684,1500.0,1373.4
5560,1267.7,1281.7,0.3241,0,0.3917808219178082,-0.5874359089499972,1600.0,1274.7
5561,1222.8,1227.8,0.3207,0,0.3917808219178082,-0.5566642502832435,1650.0,1225.3
5562,1173.4,1178.4,0.3139,0,0.3917808219178082,-0.5268112871335623,1700.0,1175.9
5563,1124.1,1129.2,0.3128,0,0.3917808219178082,-0.49782375026031,1750.0,1126.65
5564,1075.1,1080.1,0.3142,0,0.3917808219178082,-0.4696528732936137,1800.0,1077.6
5565,1026.0,1031.0,0.309,0,0.3917808219178082,-0.4422538991054992,1850.0,1028.5
5566,977.1,982.2,0.3063,0,0.3917808219178082,-0.4155856520233379,1900.0,979.6500000000001
5567,929.2,931.9,0.2964,0,0.3917808219178082,-0.3896101656200773,1950.0,930.55
5568,880.4,883.1,0.2895,50,0.3917808219178082,-0.3642923576357874,2000.0,881.75
5569,831.7,834.4,0.282,0,0.3917808219178082,-0.33959974504541585,2050.0,833.05
5570,807.4,810.1,0.2781,0,0.3917808219178082,-0.32747838451307104,2075.0,808.75
5571,783.2,785.8,0.2742,50,0.3917808219178082,-0.3155021934663554,2100.0,784.5
5572,759.0,761.6,0.2703,0,0.3917808219178082,-0.3036677358193525,2125.0,760.3
5573,734.8,737.5,0.2664,0,0.3917808219178082,-0.29197169605616125,2150.0,736.15
5574,710.6,713.2,0.2614,27,0.3917808219178082,-0.28041087365508527,2175.0,711.9000000000001
5575,687.1,689.3,0.2597,0,0.3917808219178082,-0.2689821778314625,2200.0,688.2
5576,663.1,665.3,0.2554,0,0.3917808219178082,-0.2576826225775291,2225.0,664.2
5577,639.1,641.3,0.2507,0,0.3917808219178082,-0.2465093219794039,2250.0,640.2
5578,615.5,617.5,0.2472,0,0.3917808219178082,-0.23545948579281892,2275.0,616.5
5579,591.4,593.6,0.2418,0,0.3917808219178082,-0.22453041526062864,2300.0,592.5
5580,567.9,570.0,0.2381,0,0.3917808219178082,-0.21371949915641303,2325.0,568.95
5581,544.2,546.4,0.2335,0,0.3917808219178082,-0.20302421003966506,2350.0,545.3
5582,520.9,522.9,0.2295,0,0.3917808219178082,-0.19244210070912812,2375.0,521.9
5583,497.6,499.6,0.2254,5,0.3917808219178082,-0.1819708008418327,2400.0,498.6
5584,474.3,476.3,0.2207,0,0.3917808219178082,-0.17160801380628612,2425.0,475.3
5585,451.2,453.2,0.2163,0,0.3917808219178082,-0.16135151363909703,2450.0,452.2
5586,428.3,430.3,0.212,0,0.3917808219178082,-0.15119914217507902,2475.0,429.3
5587,414.6,416.5,0.2092,0,0.3917808219178082,-0.14515682771911648,2490.0,415.55
5588,405.7,407.6,0.2079,0,0.3917808219178082,-0.14114880632157759,2500.0,406.65
5589,396.5,398.5,0.2058,0,0.3917808219178082,-0.13715678505204018,2510.0,397.5
5590,387.6,389.5,0.2043,0,0.3917808219178082,-0.13318063667240068,2520.0,388.55
5591,383.1,385.0,0.2034,0,0.3917808219178082,-0.1311984754684095,2525.0,384.05
5592,378.5,380.4,0.2022,0,0.3917808219178082,-0.1292202354563038,2530.0,379.45
5593,369.5,371.4,0.2003,0,0.3917808219178082,-0.1252754571652875,2540.0,370.45
5594,360.8,362.6,0.1989,0,0.3917808219178082,-0.12134617902539786,2550.0,361.70000000000005
5595,351.8,353.6,0.1968,0,0.3917808219178082,-0.11743227970426158,2560.0,352.70000000000005
5596,342.9,344.7,0.1949,0,0.3917808219178082,-0.11353363928860419,2570.0,343.79999999999995
5597,338.5,340.4,0.1941,0,0.3917808219178082,-0.11159000408003318,2575.0,339.45
5598,334.1,336.0,0.1932,0,0.3917808219178082,-0.10965013926220661,2580.0,335.05
5599,325.4,327.2,0.1915,0,0.3917808219178082,-0.10578166248428633,2590.0,326.29999999999995
5600,316.8,318.5,0.1898,0,0.3917808219178082,-0.10192809316829628,2600.0,317.65
5601,307.9,309.7,0.1876,0,0.3917808219178082,-0.09808931686113065,2610.0,308.79999999999995
5602,299.3,301.1,0.1859,0,0.3917808219178082,-0.09426522042272713,2620.0,300.20000000000005
5603,295.0,296.8,0.185,0,0.3917808219178082,-0.09235864215214558,2625.0,295.9
5604,290.8,292.5,0.1841,0,0.3917808219178082,-0.09045569200605948,2630.0,291.65
5605,282.2,283.9,0.1821,0,0.3917808219178082,-0.08666062103750792,2640.0,283.04999999999995
5606,273.7,275.4,0.1803,0,0.3917808219178082,-0.0828798981976018,2650.0,274.54999999999995
5607,265.3,267.0,0.1785,0,0.3917808219178082,-0.07911341540212498,2660.0,266.15
5608,257.0,258.6,0.1767,0,0.3917808219178082,-0.07536106578357445,2670.0,257.8
5609,252.8,254.4,0.1757,0,0.3917808219178082,-0.07349015784776276,2675.0,253.60000000000002
5610,248.8,250.4,0.175,0,0.3917808219178082,-0.07162274367296735,2680.0,249.60000000000002
5611,240.4,242.0,0.1729,0,0.3917808219178082,-0.06789834458198497,2690.0,241.2
5612,232.2,233.8,0.171,0,0.3917808219178082,-0.06418776518544925,2700.0,233.0
5613,224.1,225.6,0.1691,0,0.3917808219178082,-0.06049090330412315,2710.0,224.85
5614,216.1,217.5,0.1672,3,0.3917808219178082,-0.05680765788782678,2720.0,216.8
5615,212.2,213.5,0.1663,0,0.3917808219178082,-0.054971110080525236,2725.0,212.85
5616,208.1,209.5,0.1653,0,0.3917808219178082,-0.0531379289988643,2730.0,208.8
5617,200.1,201.6,0.1633,5,0.3917808219178082,-0.04948161779575385,2740.0,200.85
5618,192.4,193.7,0.1614,7,0.3917808219178082,-0.045838626517252706,2750.0,193.05
5619,184.4,185.9,0.1593,0,0.3917808219178082,-0.04220885846667405,2760.0,185.15
5620,176.8,178.2,0.1574,32,0.3917808219178082,-0.038592217996485594,2770.0,177.5
5621,173.0,174.4,0.1564,400,0.3917808219178082,-0.0367887909973348,2775.0,173.7
5622,169.4,170.6,0.1555,28,0.3917808219178082,-0.03498861049318696,2780.0,170.0
5623,161.8,163.0,0.1534,0,0.3917808219178082,-0.03139794236245844,2790.0,162.4
5624,154.3,155.6,0.1513,26,0.3917808219178082,-0.027820121014574394,2800.0,154.95
5625,147.1,148.3,0.1494,37,0.3917808219178082,-0.02425505485007828,2810.0,147.7
5626,139.8,141.0,0.1473,5,0.3917808219178082,-0.020702653245710502,2820.0,140.4
5627,136.2,137.5,0.1463,350,0.3917808219178082,-0.018931173597328366,2825.0,136.85
5628,132.6,133.9,0.1451,14,0.3917808219178082,-0.017162826540586398,2830.0,133.25
5629,125.8,126.9,0.1432,3,0.3917808219178082,-0.013635486022618026,2840.0,126.35
5630,119.0,120.0,0.1412,88,0.3917808219178082,-0.010120543915173473,2850.0,119.5
5631,112.2,113.3,0.1391,120,0.3917808219178082,-0.006617913363971453,2860.0,112.75
5632,105.5,106.7,0.1369,0,0.3917808219178082,-0.0031275084242029776,2870.0,106.1
5633,102.5,103.4,0.136,607,0.3917808219178082,-0.0013868639464188668,2875.0,102.95
5634,99.2,100.2,0.1349,179,0.3917808219178082,0.0003507559521219104,2880.0,99.7
5635,92.9,93.9,0.1329,150,0.3917808219178082,0.003816963928608097,2890.0,93.4
5636,86.8,87.8,0.1308,744,0.3917808219178082,0.007271198796695605,2900.0,87.3
5637,80.9,81.8,0.1288,27,0.3917808219178082,0.010713542987668584,2910.0,81.35
5638,75.2,76.0,0.1268,0,0.3917808219178082,0.014144078084457773,2920.0,75.6
5639,72.4,73.2,0.1258,287,0.3917808219178082,0.01585494248808719,2925.0,72.80000000000001
5640,69.6,70.4,0.1247,6,0.3917808219178082,0.017562884833243288,2930.0,70.0
5641,64.2,65.1,0.1227,0,0.3917808219178082,0.02097004315485755,2940.0,64.65
5642,59.2,59.9,0.1209,536,0.3917808219178082,0.02436563215599572,2950.0,59.55
5643,54.3,55.0,0.119,0,0.3917808219178082,0.027749730140236226,2960.0,54.65
5644,49.6,50.3,0.1171,0,0.3917808219178082,0.031122414618875646,2970.0,49.95
5645,47.4,48.1,0.1163,730,0.3917808219178082,0.03280450080186045,2975.0,47.75
5646,45.2,45.9,0.1153,0,0.3917808219178082,0.03448376232158044,2980.0,45.55
5647,41.1,41.8,0.1137,0,0.3917808219178082,0.03783384920686237,2990.0,41.45
5648,37.2,37.8,0.112,437,0.3917808219178082,0.04117275047237696,3000.0,37.5
5649,28.6,29.2,0.1083,499,0.3917808219178082,0.04947155328707216,3025.0,28.9
5650,21.6,22.1,0.1051,721,0.3917808219178082,0.05770205242358753,3050.0,21.85
5651,16.1,16.6,0.1026,420,0.3917808219178082,0.06586536306274857,3075.0,16.35
5652,12.0,12.3,0.1008,334,0.3917808219178082,0.07396257329536783,3100.0,12.15
5653,8.9,9.2,0.0998,129,0.3917808219178082,0.08199474499263221,3125.0,9.05
5654,6.6,6.9,0.0992,757,0.3917808219178082,0.08996291464180897,3150.0,6.75
5655,5.0,5.3,0.0995,359,0.3917808219178082,0.09786809414892235,3175.0,5.15
5656,3.8,4.1,0.1,6,0.3917808219178082,0.10571127160994814,3200.0,3.9499999999999997
5657,2.25,2.5,0.1017,0,0.3917808219178082,0.1212154581459134,3250.0,2.375
5658,1.45,1.65,0.1049,121,0.3917808219178082,0.13648293027670183,3300.0,1.5499999999999998
5659,0.6,0.8,0.1115,0,0.3917808219178082,0.166335893426383,3400.0,0.7
5660,0.25,0.5,0.1195,0,0.3917808219178082,0.19532343029963528,3500.0,0.375
5758,1857.4,1872.2,0.0,0,0.4767123287671233,-1.0574395381957327,1000.0,1864.8000000000002
5759,1758.7,1773.3,0.0,0,0.4767123287671233,-0.9621293583914078,1100.0,1766.0
5760,1660.1,1674.7,0.0,12,0.4767123287671233,-0.875117981401778,1200.0,1667.4
5761,1561.6,1577.3,0.0,9,0.4767123287671233,-0.7950752737282416,1300.0,1569.4499999999998
5762,1512.3,1526.9,0.0,0,0.4767123287671233,-0.7573349457453945,1350.0,1519.6
5763,1463.1,1478.2,0.0,170,0.4767123287671233,-0.7209673015745197,1400.0,1470.65
5764,1413.9,1429.4,0.3396,39,0.4767123287671233,-0.6858759817632497,1450.0,1421.65
5765,1389.3,1404.2,0.2825,40,0.4767123287671233,-0.6687815484039495,1475.0,1396.75
5766,1364.7,1379.7,0.3186,0,0.4767123287671233,-0.6519744300875684,1500.0,1372.2
5767,1340.1,1354.5,0.0,0,0.4767123287671233,-0.6354451281363578,1525.0,1347.3
5768,1315.5,1330.0,0.2973,0,0.4767123287671233,-0.6191846072645775,1550.0,1322.75
5769,1290.9,1305.9,0.3255,0,0.4767123287671233,-0.6031842659181363,1575.0,1298.4
5770,1266.3,1280.5,0.292,17,0.4767123287671233,-0.5874359089499972,1600.0,1273.4
5771,1241.8,1257.3,0.3362,0,0.4767123287671233,-0.5719317224140319,1625.0,1249.55
5772,1217.2,1232.7,0.3317,0,0.4767123287671233,-0.5566642502832435,1650.0,1224.95
5773,1192.7,1207.2,0.3128,0,0.4767123287671233,-0.541626372918703,1675.0,1199.95
5774,1168.2,1182.6,0.3108,0,0.4767123287671233,-0.5268112871335623,1700.0,1175.4
5775,1143.7,1159.2,0.3242,0,0.4767123287671233,-0.5122124877124096,1725.0,1151.45
5776,1119.2,1133.9,0.3113,0,0.4767123287671233,-0.49782375026031,1750.0,1126.5500000000002
5777,1094.7,1109.0,0.3035,0,0.4767123287671233,-0.48363911526835357,1775.0,1101.85
5778,1070.3,1085.7,0.3129,0,0.4767123287671233,-0.4696528732936137,1800.0,1078.0
5779,1045.8,1061.3,0.309,0,0.4767123287671233,-0.45585955116127785,1825.0,1053.55
5780,1021.4,1036.9,0.3055,0,0.4767123287671233,-0.4422538991054992,1850.0,1029.15
5781,1003.0,1006.0,0.2982,0,0.4767123287671233,-0.42883087877335857,1875.0,1004.5
5782,978.6,981.6,0.2942,100,0.4767123287671233,-0.4155856520233379,1900.0,980.1
5783,954.3,957.3,0.2911,0,0.4767123287671233,-0.4025135704559851,1925.0,955.8
5784,930.0,933.0,0.2876,0,0.4767123287671233,-0.3896101656200773,1950.0,931.5
5785,905.8,908.7,0.2842,0,0.4767123287671233,-0.3768711398426475,1975.0,907.25
5786,881.6,884.5,0.2808,100,0.4767123287671233,-0.3642923576357874,2000.0,883.05
5787,857.4,860.3,0.2771,0,0.4767123287671233,-0.35186983763723023,2025.0,858.8499999999999
5788,833.3,836.2,0.2737,0,0.4767123287671233,-0.33959974504541585,2050.0,834.75
5789,809.2,812.1,0.27,0,0.4767123287671233,-0.32747838451307104,2075.0,810.6500000000001
5790,785.1,788.0,0.2659,0,0.4767123287671233,-0.3155021934663554,2100.0,786.55
5791,761.2,764.0,0.2624,4,0.4767123287671233,-0.3036677358193525,2125.0,762.6
5792,737.3,740.1,0.2588,4,0.4767123287671233,-0.29197169605616125,2150.0,738.7
5793,713.4,716.2,0.2548,0,0.4767123287671233,-0.28041087365508527,2175.0,714.8
5794,689.6,692.4,0.251,0,0.4767123287671233,-0.2689821778314625,2200.0,691.0
5795,665.9,668.7,0.2473,0,0.4767123287671233,-0.2576826225775291,2225.0,667.3
5796,651.7,654.5,0.245,110,0.4767123287671233,-0.25096367232878414,2240.0,653.1
5797,642.3,645.0,0.2434,3,0.4767123287671233,-0.2465093219794039,2250.0,643.65
5798,632.8,635.6,0.2418,0,0.4767123287671233,-0.2420747249115382,2260.0,634.2
5799,623.4,626.2,0.2403,0,0.4767123287671233,-0.23765970670242131,2270.0,624.8
5800,618.7,621.5,0.2396,0,0.4767123287671233,-0.23545948579281892,2275.0,620.1
5801,614.0,616.8,0.2388,0,0.4767123287671233,-0.2332640952293833,2280.0,615.4
5802,604.6,607.4,0.2372,0,0.4767123287671233,-0.22888772062958446,2290.0,606.0
5803,595.3,598.0,0.2357,7,0.4767123287671233,-0.22453041526062864,2300.0,596.65
5804,585.9,588.6,0.234,0,0.4767123287671233,-0.22019201366203053,2310.0,587.25
5805,576.6,579.3,0.2326,0,0.4767123287671233,-0.21587235251751405,2320.0,577.95
5806,571.9,574.6,0.2317,8,0.4767123287671233,-0.21371949915641303,2325.0,573.25
5807,567.3,569.9,0.2309,0,0.4767123287671233,-0.21157127061812347,2330.0,568.5999999999999
5808,558.0,560.6,0.2294,0,0.4767123287671233,-0.20728860882612268,2340.0,559.3
5809,548.7,551.3,0.2278,0,0.4767123287671233,-0.20302421003966506,2350.0,550.0
5810,539.6,541.7,0.2259,0,0.4767123287671233,-0.198777919158214,2360.0,540.6500000000001
5811,530.3,532.4,0.2242,0,0.4767123287671233,-0.1945495830486928,2370.0,531.3499999999999
5812,525.7,527.8,0.2234,66,0.4767123287671233,-0.19244210070912812,2375.0,526.75
5813,521.2,523.2,0.2228,0,0.4767123287671233,-0.19033905051234934,2380.0,522.2
5814,512.1,514.2,0.2217,0,0.4767123287671233,-0.18614617225231345,2390.0,513.1500000000001
5815,502.9,504.9,0.2199,17,0.4767123287671233,-0.1819708008418327,2400.0,503.9
5816,493.6,495.6,0.218,0,0.4767123287671233,-0.17781279069316908,2410.0,494.6
5817,484.4,486.4,0.2162,0,0.4767123287671233,-0.1736719980271376,2420.0,485.4
5818,479.8,481.9,0.2154,8,0.4767123287671233,-0.17160801380628612,2425.0,480.85
5819,475.4,477.3,0.2148,0,0.4767123287671233,-0.16954828084327558,2430.0,476.35
5820,466.2,468.2,0.213,0,0.4767123287671233,-0.16544149889062224,2440.0,467.2
5821,457.4,459.3,0.212,20,0.4767123287671233,-0.16135151363909703,2450.0,458.35
5822,448.2,450.2,0.2101,0,0.4767123287671233,-0.15727818825146125,2460.0,449.2
5823,439.2,441.2,0.2085,0,0.4767123287671233,-0.1532213875558468,2470.0,440.2
5824,434.8,436.8,0.2079,31,0.4767123287671233,-0.15119914217507902,2475.0,435.8
5825,430.2,432.1,0.2067,0,0.4767123287671233,-0.14918097801884186,2480.0,431.15
5826,421.2,423.1,0.205,0,0.4767123287671233,-0.14515682771911648,2490.0,422.15
5827,416.9,418.8,0.2046,0,0.4767123287671233,-0.14315080899225063,2495.0,417.85
5828,412.3,414.3,0.2036,11,0.4767123287671233,-0.14114880632157759,2500.0,413.3
5829,407.8,409.7,0.2025,0,0.4767123287671233,-0.13915080365890456,2505.0,408.75
5830,403.4,405.3,0.2018,0,0.4767123287671233,-0.13715678505204018,2510.0,404.35
5831,398.9,400.8,0.2008,0,0.4767123287671233,-0.1351667346440302,2515.0,399.85
5832,394.4,396.4,0.2,0,0.4767123287671233,-0.13318063667240068,2520.0,395.4
5833,390.0,392.0,0.1992,32,0.4767123287671233,-0.1311984754684095,2525.0,391.0
5834,385.8,387.6,0.1986,0,0.4767123287671233,-0.1292202354563038,2530.0,386.70000000000005
5835,381.5,383.3,0.198,0,0.4767123287671233,-0.12724590115258622,2535.0,382.4
5836,377.0,378.9,0.1971,0,0.4767123287671233,-0.1252754571652875,2540.0,377.95
5837,372.6,374.4,0.1961,0,0.4767123287671233,-0.12330888819324655,2545.0,373.5
5838,368.2,370.2,0.1954,60,0.4767123287671233,-0.12134617902539786,2550.0,369.2
5839,363.8,365.6,0.1943,0,0.4767123287671233,-0.11938731454006492,2555.0,364.70000000000005
5840,359.6,361.4,0.1938,0,0.4767123287671233,-0.11743227970426158,2560.0,360.5
5841,355.1,356.9,0.1927,0,0.4767123287671233,-0.11548105957299987,2565.0,356.0
5842,350.9,352.8,0.1922,0,0.4767123287671233,-0.11353363928860419,2570.0,351.85
5843,346.6,348.4,0.1913,25,0.4767123287671233,-0.11159000408003318,2575.0,347.5
5844,342.1,343.9,0.1902,0,0.4767123287671233,-0.10965013926220661,2580.0,343.0
5845,337.8,339.6,0.1893,0,0.4767123287671233,-0.10771403023534024,2585.0,338.70000000000005
5846,333.5,335.3,0.1885,0,0.4767123287671233,-0.10578166248428633,2590.0,334.4
5847,329.4,331.2,0.188,0,0.4767123287671233,-0.10385302157788065,2595.0,330.29999999999995
5848,325.0,326.8,0.1869,430,0.4767123287671233,-0.10192809316829628,2600.0,325.9
5849,320.8,322.5,0.1861,0,0.4767123287671233,-0.10000686299040243,2605.0,321.65
5850,316.6,318.4,0.1855,0,0.4767123287671233,-0.09808931686113065,2610.0,317.5
5851,312.2,314.0,0.1843,0,0.4767123287671233,-0.0961754406788465,2615.0,313.1
5852,308.1,309.9,0.1837,0,0.4767123287671233,-0.09426522042272713,2620.0,309.0
5853,303.9,305.6,0.1828,2000,0.4767123287671233,-0.09235864215214558,2625.0,304.75
5854,299.8,301.5,0.1822,0,0.4767123287671233,-0.09045569200605948,2630.0,300.65
5855,295.6,297.3,0.1813,0,0.4767123287671233,-0.08855635620240704,2635.0,296.45000000000005
5856,291.3,293.0,0.1802,0,0.4767123287671233,-0.08666062103750792,2640.0,292.15
5857,287.3,288.9,0.1796,0,0.4767123287671233,-0.08476847288546992,2645.0,288.1
5858,283.0,284.7,0.1786,551,0.4767123287671233,-0.0828798981976018,2650.0,283.85
5859,279.0,280.5,0.1778,0,0.4767123287671233,-0.08099488350183051,2655.0,279.75
5860,274.9,276.4,0.177,0,0.4767123287671233,-0.07911341540212498,2660.0,275.65
5861,270.8,272.3,0.1761,0,0.4767123287671233,-0.07723548057792484,2665.0,271.55
5862,266.7,268.2,0.1753,37,0.4767123287671233,-0.07536106578357445,2670.0,267.45
5863,262.5,264.1,0.1743,460,0.4767123287671233,-0.07349015784776276,2675.0,263.3
5864,258.4,260.0,0.1734,52,0.4767123287671233,-0.07162274367296735,2680.0,259.2
5865,254.5,256.0,0.1727,0,0.4767123287671233,-0.06975881023490467,2685.0,255.25
5866,250.3,251.9,0.1717,14,0.4767123287671233,-0.06789834458198497,2690.0,251.10000000000002
5867,246.3,247.9,0.1709,0,0.4767123287671233,-0.06604133383477213,2695.0,247.10000000000002
5868,242.5,243.8,0.1701,1343,0.4767123287671233,-0.06418776518544925,2700.0,243.15
5869,238.4,239.8,0.1691,0,0.4767123287671233,-0.062337625897287814,2705.0,239.10000000000002
5870,234.4,235.9,0.1683,56,0.4767123287671233,-0.06049090330412315,2710.0,235.15
5871,230.4,231.9,0.1674,0,0.4767123287671233,-0.058647584809833946,2715.0,231.15
5872,226.5,228.0,0.1666,23,0.4767123287671233,-0.05680765788782678,2720.0,227.25
5873,222.5,224.0,0.1656,350,0.4767123287671233,-0.054971110080525236,2725.0,223.25
5874,218.6,220.0,0.1646,0,0.4767123287671233,-0.0531379289988643,2730.0,219.3
5875,214.7,216.1,0.1638,0,0.4767123287671233,-0.05130810232178815,2735.0,215.39999999999998
5876,210.8,212.2,0.1628,85,0.4767123287671233,-0.04948161779575385,2740.0,211.5
5877,207.1,208.4,0.1621,0,0.4767123287671233,-0.04765846323423877,2745.0,207.75
5878,203.2,204.5,0.1611,2638,0.4767123287671233,-0.045838626517252706,2750.0,203.85
5879,199.4,200.6,0.1602,0,0.4767123287671233,-0.04402209559085485,2755.0,200.0
5880,195.7,196.9,0.1595,77,0.4767123287671233,-0.04220885846667405,2760.0,196.3
5881,191.8,193.1,0.1585,0,0.4767123287671233,-0.04039890322143458,2765.0,192.45
5882,188.0,189.4,0.1576,1030,0.4767123287671233,-0.038592217996485594,2770.0,188.7
5883,184.2,185.6,0.1566,565,0.4767123287671233,-0.0367887909973348,2775.0,184.89999999999998
5884,180.6,181.8,0.1557,65,0.4767123287671233,-0.03498861049318696,2780.0,181.2
5885,176.7,178.1,0.1547,0,0.4767123287671233,-0.03319166481648533,2785.0,177.39999999999998
5886,173.1,174.4,0.1538,62,0.4767123287671233,-0.03139794236245844,2790.0,173.75
5887,169.5,170.7,0.1529,0,0.4767123287671233,-0.02960743158867024,2795.0,170.1
5888,165.8,167.1,0.152,1411,0.4767123287671233,-0.027820121014574394,2800.0,166.45
5889,162.3,163.5,0.1511,0,0.4767123287671233,-0.026035999221073018,2805.0,162.9
5890,158.7,159.9,0.1502,21,0.4767123287671233,-0.02425505485007828,2810.0,159.3
5891,155.0,156.3,0.1492,0,0.4767123287671233,-0.022477276604078996,2815.0,155.65
5892,151.6,152.7,0.1483,1,0.4767123287671233,-0.020702653245710502,2820.0,152.14999999999998
5893,147.9,149.2,0.1473,849,0.4767123287671233,-0.018931173597328366,2825.0,148.55
5894,144.4,145.7,0.1463,25,0.4767123287671233,-0.017162826540586398,2830.0,145.05
5895,141.1,142.2,0.1455,0,0.4767123287671233,-0.015397601016017283,2835.0,141.64999999999998
5896,137.5,138.8,0.1445,31,0.4767123287671233,-0.013635486022618026,2840.0,138.15
5897,134.3,135.3,0.1436,0,0.4767123287671233,-0.011876470617438477,2845.0,134.8
5898,130.9,131.9,0.1426,463,0.4767123287671233,-0.010120543915173473,2850.0,131.4
5899,127.5,128.6,0.1417,0,0.4767123287671233,-0.008367695087759114,2855.0,128.05
5900,124.2,125.3,0.1408,62,0.4767123287671233,-0.006617913363971453,2860.0,124.75
5901,120.9,121.9,0.1398,0,0.4767123287671233,-0.00487118802902981,2865.0,121.4
5902,117.6,118.7,0.1388,64,0.4767123287671233,-0.0031275084242029776,2870.0,118.15
5903,114.4,115.4,0.1379,1977,0.4767123287671233,-0.0013868639464188668,2875.0,114.9
5904,111.2,112.2,0.1369,148,0.4767123287671233,0.0003507559521219104,2880.0,111.7
5905,108.0,109.0,0.1359,2,0.4767123287671233,0.0020853617643302107,2885.0,108.5
5906,104.9,105.9,0.135,49,0.4767123287671233,0.003816963928608097,2890.0,105.4
5907,101.8,102.8,0.1341,0,0.4767123287671233,0.005545572829225849,2895.0,102.3
5908,98.7,99.7,0.1331,2582,0.4767123287671233,0.007271198796695605,2900.0,99.2
5909,95.8,96.7,0.1322,0,0.4767123287671233,0.00899385210814179,2905.0,96.25
5910,92.8,93.7,0.1312,0,0.4767123287671233,0.010713542987668584,2910.0,93.25
5911,89.8,90.7,0.1302,0,0.4767123287671233,0.012430281606723118,2915.0,90.25
5912,87.0,87.8,0.1293,4,0.4767123287671233,0.014144078084457773,2920.0,87.4
5913,84.2,85.0,0.1285,1240,0.4767123287671233,0.01585494248808719,2925.0,84.6
5914,81.4,82.2,0.1276,8,0.4767123287671233,0.017562884833243288,2930.0,81.80000000000001
5915,78.6,79.5,0.1267,0,0.4767123287671233,0.0192679150843271,2935.0,79.05
5916,75.9,76.7,0.1257,1,0.4767123287671233,0.02097004315485755,2940.0,76.30000000000001
5917,73.2,74.0,0.1248,0,0.4767123287671233,0.022669278907817315,2945.0,73.6
5918,70.6,71.4,0.1239,1196,0.4767123287671233,0.02436563215599572,2950.0,71.0
5919,68.0,68.8,0.123,0,0.4767123287671233,0.026059112662328764,2955.0,68.4
5920,65.5,66.3,0.1221,0,0.4767123287671233,0.027749730140236226,2960.0,65.9
5921,63.1,63.8,0.1213,0,0.4767123287671233,0.02943749425395619,2965.0,63.45
5922,60.6,61.3,0.1203,2,0.4767123287671233,0.031122414618875646,2970.0,60.95
5923,58.3,59.0,0.1195,2198,0.4767123287671233,0.03280450080186045,2975.0,58.65
5924,56.0,56.7,0.1187,74,0.4767123287671233,0.03448376232158044,2980.0,56.35
5925,53.7,54.4,0.1178,0,0.4767123287671233,0.036160208648832744,2985.0,54.05
5926,51.5,52.2,0.117,11,0.4767123287671233,0.03783384920686237,2990.0,51.85
5927,49.4,50.0,0.1162,0,0.4767123287671233,0.03950469337167996,2995.0,49.7
5928,47.3,47.9,0.1154,5240,0.4767123287671233,0.04117275047237696,3000.0,47.599999999999994
5929,45.3,45.9,0.1146,12,0.4767123287671233,0.04283802979143815,3005.0,45.599999999999994
5930,43.3,43.9,0.1138,9,0.4767123287671233,0.04450054056505159,3010.0,43.599999999999994
5931,41.4,42.0,0.1131,12,0.4767123287671233,0.04616029198341618,3015.0,41.7
5932,39.5,40.1,0.1123,10,0.4767123287671233,0.04781729319104567,3020.0,39.8
5933,37.7,38.3,0.1116,938,0.4767123287671233,0.04947155328707216,3025.0,38.0
5934,36.0,36.5,0.1109,42,0.4767123287671233,0.051123081325545126,3030.0,36.25
5935,34.3,34.9,0.1102,0,0.4767123287671233,0.05277188631572892,3035.0,34.599999999999994
5936,32.7,33.2,0.1095,42,0.4767123287671233,0.05441797722239764,3040.0,32.95
5937,31.1,31.7,0.1089,16,0.4767123287671233,0.05606136296612764,3045.0,31.4
5938,29.7,30.2,0.1084,3718,0.4767123287671233,0.05770205242358753,3050.0,29.95
5939,28.2,28.7,0.1077,0,0.4767123287671233,0.059340054427825896,3055.0,28.45
5940,26.8,27.3,0.1071,0,0.4767123287671233,0.06097537776855663,3060.0,27.05
5941,25.5,26.0,0.1066,0,0.4767123287671233,0.06260803119244214,3065.0,25.75
5942,24.2,24.7,0.106,0,0.4767123287671233,0.06423802340337319,3070.0,24.45
5943,23.0,23.5,0.1056,44,0.4767123287671233,0.06586536306274857,3075.0,23.25
5944,21.8,22.3,0.105,0,0.4767123287671233,0.06749005878975045,3080.0,22.05
5945,19.7,20.2,0.1043,0,0.4767123287671233,0.07073155271392141,3090.0,19.95
5946,17.7,18.2,0.1034,4633,0.4767123287671233,0.07396257329536783,3100.0,17.95
5947,15.9,16.3,0.1026,0,0.4767123287671233,0.07718318799541,3110.0,16.1
5948,14.3,14.7,0.102,22,0.4767123287671233,0.08039346362565838,3120.0,14.5
5949,13.6,13.9,0.1017,998,0.4767123287671233,0.08199474499263221,3125.0,13.75
5950,10.4,10.7,0.1007,339,0.4767123287671233,0.08996291464180897,3150.0,10.55
5951,7.9,8.3,0.1,1175,0.4767123287671233,0.09786809414892235,3175.0,8.100000000000001
5952,6.2,6.5,0.1001,495,0.4767123287671233,0.10571127160994814,3200.0,6.35
5953,4.8,5.1,0.1003,87,0.4767123287671233,0.1134934120520032,3225.0,4.949999999999999
5954,3.8,4.1,0.101,269,0.4767123287671233,0.1212154581459134,3250.0,3.9499999999999997
5955,3.0,3.3,0.1018,7,0.4767123287671233,0.12887833089148262,3275.0,3.15
5956,2.4,2.65,0.1026,2913,0.4767123287671233,0.13648293027670183,3300.0,2.525
5957,1.55,1.8,0.1049,66,0.4767123287671233,0.15152080764124234,3350.0,1.675
5958,1.0,1.3,0.1077,2450,0.4767123287671233,0.166335893426383,3400.0,1.15
5959,0.45,0.7,0.1134,300,0.4767123287671233,0.19532343029963528,3500.0,0.575
5960,0.2,0.45,0.1201,10,0.4767123287671233,0.22349430726633163,3600.0,0.325
5961,0.05,0.3,0.1254,0,0.4767123287671233,0.25089328145444606,3700.0,0.175
5962,0.0,0.25,0.1335,49,0.4767123287671233,0.27756152853660737,3800.0,0.125
5963,0.0,0.2,0.1421,167,0.4767123287671233,0.30353701493986807,3900.0,0.1
5964,0.0,0.15,0.1494,0,0.4767123287671233,0.32885482292415796,4000.0,0.075
5965,0.0,0.15,0.1593,5,0.4767123287671233,0.35354743551452944,4100.0,0.075
5966,0.0,0.15,0.1692,0,0.4767123287671233,0.37764498709358996,4200.0,0.075
6080,1850.3,1866.7,0.0,1,0.7287671232876712,-1.0574395381957327,1000.0,1858.5
6081,1752.4,1768.7,0.0,0,0.7287671232876712,-0.9621293583914078,1100.0,1760.5500000000002
6082,1703.5,1719.7,0.0,0,0.7287671232876712,-0.917677595820574,1150.0,1711.6
6083,1654.6,1670.8,0.0,0,0.7287671232876712,-0.875117981401778,1200.0,1662.6999999999998
6084,1630.2,1646.3,0.0,0,0.7287671232876712,-0.8544986941990423,1225.0,1638.25
6085,1605.7,1621.8,0.0,0,0.7287671232876712,-0.8342959868815228,1250.0,1613.75
6086,1581.3,1597.4,0.0,0,0.7287671232876712,-0.8144933595853432,1275.0,1589.35
6087,1556.9,1572.9,0.0,0,0.7287671232876712,-0.7950752737282416,1300.0,1564.9
6088,1532.4,1548.5,0.0,0,0.7287671232876712,-0.7760270787575471,1325.0,1540.45
6089,1508.0,1524.1,0.0,0,0.7287671232876712,-0.7573349457453945,1350.0,1516.05
6090,1483.6,1502.0,0.3412,0,0.7287671232876712,-0.738985807077198,1375.0,1492.8
6091,1459.2,1475.2,0.0,0,0.7287671232876712,-0.7209673015745197,1400.0,1467.2
6092,1434.9,1450.8,0.2678,0,0.7287671232876712,-0.7032677244751188,1425.0,1442.85
6093,1410.5,1426.4,0.2807,0,0.7287671232876712,-0.6858759817632497,1450.0,1418.45
6094,1386.1,1402.1,0.2894,19,0.7287671232876712,-0.6687815484039495,1475.0,1394.1
6095,1361.8,1377.7,0.2932,103,0.7287671232876712,-0.6519744300875684,1500.0,1369.75
6096,1337.5,1353.4,0.2964,57,0.7287671232876712,-0.6354451281363578,1525.0,1345.45
6097,1313.2,1329.1,0.2975,39,0.7287671232876712,-0.6191846072645775,1550.0,1321.15
6098,1288.9,1304.8,0.2973,108,0.7287671232876712,-0.6031842659181363,1575.0,1296.85
6099,1264.6,1280.5,0.2962,22,0.7287671232876712,-0.5874359089499972,1600.0,1272.55
6100,1240.3,1256.2,0.2943,23,0.7287671232876712,-0.5719317224140319,1625.0,1248.25
6101,1216.1,1232.0,0.2936,19,0.7287671232876712,-0.5566642502832435,1650.0,1224.05
6102,1191.9,1207.8,0.2921,0,0.7287671232876712,-0.541626372918703,1675.0,1199.85
6103,1173.1,1176.3,0.2754,20,0.7287671232876712,-0.5268112871335623,1700.0,1174.6999999999998
6104,1149.0,1152.2,0.2759,0,0.7287671232876712,-0.5122124877124096,1725.0,1150.6
6105,1124.9,1128.0,0.2747,9,0.7287671232876712,-0.49782375026031,1750.0,1126.45
6106,1100.8,1103.9,0.2734,9,0.7287671232876712,-0.48363911526835357,1775.0,1102.35
6107,1076.7,1079.9,0.272,175,0.7287671232876712,-0.4696528732936137,1800.0,1078.3000000000002
6108,1052.7,1055.8,0.2701,0,0.7287671232876712,-0.45585955116127785,1825.0,1054.25
6109,1028.7,1031.8,0.2682,0,0.7287671232876712,-0.4422538991054992,1850.0,1030.25
6110,1004.7,1007.9,0.2661,0,0.7287671232876712,-0.42883087877335857,1875.0,1006.3
6111,980.9,984.0,0.2644,101,0.7287671232876712,-0.4155856520233379,1900.0,982.45
6112,957.0,960.1,0.2618,10,0.7287671232876712,-0.4025135704559851,1925.0,958.55
6113,933.2,936.3,0.2595,0,0.7287671232876712,-0.3896101656200773,1950.0,934.75
6114,909.5,912.5,0.257,10,0.7287671232876712,-0.3768711398426475,1975.0,911.0
6115,885.8,888.8,0.2545,3,0.7287671232876712,-0.3642923576357874,2000.0,887.3
6116,862.2,865.2,0.2521,12,0.7287671232876712,-0.35186983763723023,2025.0,863.7
6117,838.6,841.6,0.2493,2,0.7287671232876712,-0.33959974504541585,2050.0,840.1
6118,815.1,818.1,0.2466,10,0.7287671232876712,-0.32747838451307104,2075.0,816.6
6119,791.7,794.7,0.244,0,0.7287671232876712,-0.3155021934663554,2100.0,793.2
6120,768.5,771.5,0.2418,10,0.7287671232876712,-0.3036677358193525,2125.0,770.0
6121,745.2,748.2,0.2388,0,0.7287671232876712,-0.29197169605616125,2150.0,746.7
6122,722.1,725.0,0.236,0,0.7287671232876712,-0.28041087365508527,2175.0,723.55
6123,698.8,701.7,0.2325,0,0.7287671232876712,-0.2689821778314625,2200.0,700.25
6124,675.8,678.7,0.2295,0,0.7287671232876712,-0.2576826225775291,2225.0,677.25
6125,652.9,655.8,0.2265,10,0.7287671232876712,-0.2465093219794039,2250.0,654.3499999999999
6126,630.3,633.1,0.2239,2,0.7287671232876712,-0.23545948579281892,2275.0,631.7
6127,607.7,610.4,0.2208,5,0.7287671232876712,-0.22453041526062864,2300.0,609.05
6128,585.1,587.9,0.2177,0,0.7287671232876712,-0.21371949915641303,2325.0,586.5
6129,562.7,565.4,0.2145,2,0.7287671232876712,-0.20302421003966506,2350.0,564.05
6130,540.5,543.1,0.2114,10,0.7287671232876712,-0.19244210070912812,2375.0,541.8
6131,518.4,521.0,0.2083,25,0.7287671232876712,-0.1819708008418327,2400.0,519.7
6132,496.5,498.6,0.2048,30,0.7287671232876712,-0.17160801380628612,2425.0,497.55
6133,474.7,476.7,0.2015,31,0.7287671232876712,-0.16135151363909703,2450.0,475.7
6134,453.2,455.2,0.1984,45,0.7287671232876712,-0.15119914217507902,2475.0,454.2
6135,431.7,433.7,0.195,7257,0.7287671232876712,-0.14114880632157759,2500.0,432.7
6136,410.5,412.4,0.1917,122,0.7287671232876712,-0.1311984754684095,2525.0,411.45
6137,389.6,391.4,0.1884,0,0.7287671232876712,-0.12134617902539786,2550.0,390.5
6138,368.9,370.7,0.1851,10,0.7287671232876712,-0.11159000408003318,2575.0,369.79999999999995
6139,348.4,350.2,0.1818,449,0.7287671232876712,-0.10192809316829628,2600.0,349.29999999999995
6140,328.4,330.1,0.1786,121,0.7287671232876712,-0.09235864215214558,2625.0,329.25
6141,308.4,310.2,0.1751,41,0.7287671232876712,-0.0828798981976018,2650.0,309.29999999999995
6142,288.7,290.3,0.1714,66,0.7287671232876712,-0.07349015784776276,2675.0,289.5
6143,269.4,271.0,0.1679,915,0.7287671232876712,-0.06418776518544925,2700.0,270.2
6144,250.5,252.1,0.1644,32,0.7287671232876712,-0.054971110080525236,2725.0,251.3
6145,231.9,233.3,0.1607,228,0.7287671232876712,-0.045838626517252706,2750.0,232.60000000000002
6146,213.7,215.1,0.157,214,0.7287671232876712,-0.0367887909973348,2775.0,214.39999999999998
6147,195.9,197.3,0.1533,227,0.7287671232876712,-0.027820121014574394,2800.0,196.60000000000002
6148,178.7,180.0,0.1496,942,0.7287671232876712,-0.018931173597328366,2825.0,179.35
6149,161.9,163.1,0.1457,169,0.7287671232876712,-0.010120543915173473,2850.0,162.5
6150,145.7,147.0,0.1419,88,0.7287671232876712,-0.0013868639464188668,2875.0,146.35
6151,130.2,131.3,0.1381,1757,0.7287671232876712,0.007271198796695605,2900.0,130.75
6152,115.4,116.5,0.1343,19,0.7287671232876712,0.01585494248808719,2925.0,115.95
6153,101.4,102.4,0.1306,367,0.7287671232876712,0.02436563215599572,2950.0,101.9
6154,88.3,89.3,0.127,72,0.7287671232876712,0.03280450080186045,2975.0,88.8
6155,76.1,77.1,0.1235,1137,0.7287671232876712,0.04117275047237696,3000.0,76.6
6156,65.0,65.9,0.1202,450,0.7287671232876712,0.04947155328707216,3025.0,65.45
6157,54.9,55.8,0.117,5347,0.7287671232876712,0.05770205242358753,3050.0,55.349999999999994
6158,45.9,46.8,0.1141,374,0.7287671232876712,0.06586536306274857,3075.0,46.349999999999994
6159,38.1,38.9,0.1115,769,0.7287671232876712,0.07396257329536783,3100.0,38.5
6160,31.4,32.1,0.1093,143,0.7287671232876712,0.08199474499263221,3125.0,31.75
6161,25.8,26.4,0.1074,159,0.7287671232876712,0.08996291464180897,3150.0,26.1
6162,21.1,21.6,0.1059,15,0.7287671232876712,0.09786809414892235,3175.0,21.35
6163,17.2,17.7,0.1047,91,0.7287671232876712,0.10571127160994814,3200.0,17.45
6164,11.6,12.0,0.1035,39,0.7287671232876712,0.1212154581459134,3250.0,11.8
6165,7.9,8.3,0.1035,278,0.7287671232876712,0.13648293027670183,3300.0,8.100000000000001
6166,3.8,4.3,0.1054,94,0.7287671232876712,0.166335893426383,3400.0,4.05
6167,2.1,2.4,0.1094,30,0.7287671232876712,0.19532343029963528,3500.0,2.25
6168,1.15,1.45,0.1136,66,0.7287671232876712,0.22349430726633163,3600.0,1.2999999999999998
6359,1647.8,1665.6,0.0,0,0.9780821917808219,-0.875117981401778,1200.0,1656.6999999999998
6360,1551.3,1568.7,0.0,0,0.9780821917808219,-0.7950752737282416,1300.0,1560.0
6361,1503.0,1520.3,0.0,0,0.9780821917808219,-0.7573349457453945,1350.0,1511.65
6362,1455.0,1472.2,0.0,0,0.9780821917808219,-0.7209673015745197,1400.0,1463.6
6363,1430.4,1447.8,0.0,0,0.9780821917808219,-0.7032677244751188,1425.0,1439.1
6364,1406.3,1423.7,0.2365,0,0.9780821917808219,-0.6858759817632497,1450.0,1415.0
6365,1382.1,1399.6,0.2496,0,0.9780821917808219,-0.6687815484039495,1475.0,1390.85
6366,1358.0,1375.6,0.2589,2,0.9780821917808219,-0.6519744300875684,1500.0,1366.8
6367,1334.0,1351.5,0.2635,0,0.9780821917808219,-0.6354451281363578,1525.0,1342.75
6368,1310.0,1327.5,0.2668,0,0.9780821917808219,-0.6191846072645775,1550.0,1318.75
6369,1292.5,1296.6,0.2646,0,0.9780821917808219,-0.6031842659181363,1575.0,1294.55
6370,1268.5,1272.7,0.2661,0,0.9780821917808219,-0.5874359089499972,1600.0,1270.6
6371,1244.6,1248.7,0.2664,0,0.9780821917808219,-0.5719317224140319,1625.0,1246.65
6372,1220.7,1224.8,0.2664,0,0.9780821917808219,-0.5566642502832435,1650.0,1222.75
6373,1196.9,1201.0,0.2667,0,0.9780821917808219,-0.541626372918703,1675.0,1198.95
6374,1173.1,1177.2,0.2661,0,0.9780821917808219,-0.5268112871335623,1700.0,1175.15
6375,1149.3,1153.4,0.265,0,0.9780821917808219,-0.5122124877124096,1725.0,1151.35
6376,1125.6,1129.6,0.2637,0,0.9780821917808219,-0.49782375026031,1750.0,1127.6
6377,1101.9,1105.9,0.2622,0,0.9780821917808219,-0.48363911526835357,1775.0,1103.9
6378,1078.3,1082.3,0.261,0,0.9780821917808219,-0.4696528732936137,1800.0,1080.3
6379,1054.7,1058.7,0.2593,0,0.9780821917808219,-0.45585955116127785,1825.0,1056.7
6380,1031.2,1035.1,0.2574,0,0.9780821917808219,-0.4422538991054992,1850.0,1033.15
6381,1007.7,1011.7,0.2557,0,0.9780821917808219,-0.42883087877335857,1875.0,1009.7
6382,984.3,988.2,0.2536,0,0.9780821917808219,-0.4155856520233379,1900.0,986.25
6383,960.9,964.9,0.2516,0,0.9780821917808219,-0.4025135704559851,1925.0,962.9
6384,937.6,941.5,0.2493,0,0.9780821917808219,-0.3896101656200773,1950.0,939.55
6385,914.4,918.3,0.2472,0,0.9780821917808219,-0.3768711398426475,1975.0,916.3499999999999
6386,891.3,895.1,0.245,0,0.9780821917808219,-0.3642923576357874,2000.0,893.2
6387,868.2,872.0,0.2427,0,0.9780821917808219,-0.35186983763723023,2025.0,870.1
6388,845.2,849.0,0.2404,0,0.9780821917808219,-0.33959974504541585,2050.0,847.1
6389,822.3,826.1,0.2381,0,0.9780821917808219,-0.32747838451307104,2075.0,824.2
6390,799.5,803.3,0.2358,0,0.9780821917808219,-0.3155021934663554,2100.0,801.4
6391,776.7,780.5,0.2332,0,0.9780821917808219,-0.3036677358193525,2125.0,778.6
6392,754.1,757.8,0.2307,0,0.9780821917808219,-0.29197169605616125,2150.0,755.95
6393,731.6,735.3,0.2282,8,0.9780821917808219,-0.28041087365508527,2175.0,733.45
6394,709.2,712.8,0.2257,8,0.9780821917808219,-0.2689821778314625,2200.0,711.0
6395,686.8,690.5,0.223,3,0.9780821917808219,-0.2576826225775291,2225.0,688.65
6396,664.7,668.3,0.2205,0,0.9780821917808219,-0.2465093219794039,2250.0,666.5
6397,642.6,646.2,0.2179,0,0.9780821917808219,-0.23545948579281892,2275.0,644.4000000000001
6398,620.7,624.2,0.2152,0,0.9780821917808219,-0.22453041526062864,2300.0,622.45
6399,598.9,602.4,0.2126,0,0.9780821917808219,-0.21371949915641303,2325.0,600.65
6400,577.2,580.7,0.2098,0,0.9780821917808219,-0.20302421003966506,2350.0,578.95
6401,555.8,559.2,0.2072,0,0.9780821917808219,-0.19244210070912812,2375.0,557.5
6402,534.4,537.9,0.2045,0,0.9780821917808219,-0.1819708008418327,2400.0,536.15
6403,513.3,516.7,0.2017,0,0.9780821917808219,-0.17160801380628612,2425.0,515.0
6404,492.3,495.7,0.199,0,0.9780821917808219,-0.16135151363909703,2450.0,494.0
6405,471.6,474.8,0.1962,0,0.9780821917808219,-0.15119914217507902,2475.0,473.20000000000005
6406,451.0,454.2,0.1934,0,0.9780821917808219,-0.14114880632157759,2500.0,452.6
6407,430.6,433.8,0.1905,0,0.9780821917808219,-0.1311984754684095,2525.0,432.20000000000005
6408,410.4,413.6,0.1876,0,0.9780821917808219,-0.12134617902539786,2550.0,412.0
6409,391.3,393.6,0.1852,0,0.9780821917808219,-0.11159000408003318,2575.0,392.45000000000005
6410,371.6,373.8,0.1822,0,0.9780821917808219,-0.10192809316829628,2600.0,372.70000000000005
6411,352.2,354.4,0.1793,0,0.9780821917808219,-0.09235864215214558,2625.0,353.29999999999995
6412,332.9,335.1,0.1762,0,0.9780821917808219,-0.0828798981976018,2650.0,334.0
6413,314.0,316.1,0.1731,0,0.9780821917808219,-0.07349015784776276,2675.0,315.05
6414,295.3,297.2,0.1699,0,0.9780821917808219,-0.06418776518544925,2700.0,296.25
6415,277.0,278.9,0.1668,0,0.9780821917808219,-0.054971110080525236,2725.0,277.95
6416,259.0,260.8,0.1636,45,0.9780821917808219,-0.045838626517252706,2750.0,259.9
6417,241.3,243.1,0.1604,75,0.9780821917808219,-0.0367887909973348,2775.0,242.2
6418,224.1,225.8,0.1572,6,0.9780821917808219,-0.027820121014574394,2800.0,224.95
6419,207.2,208.9,0.1539,0,0.9780821917808219,-0.018931173597328366,2825.0,208.05
6420,190.6,192.2,0.1504,94,0.9780821917808219,-0.010120543915173473,2850.0,191.39999999999998
6421,174.7,176.2,0.1471,200,0.9780821917808219,-0.0013868639464188668,2875.0,175.45
6422,159.2,160.7,0.1438,320,0.9780821917808219,0.007271198796695605,2900.0,159.95
6423,144.5,146.0,0.1406,101,0.9780821917808219,0.01585494248808719,2925.0,145.25
6424,130.3,131.7,0.1374,255,0.9780821917808219,0.02436563215599572,2950.0,131.0
6425,116.6,118.0,0.134,47,0.9780821917808219,0.03280450080186045,2975.0,117.3
6426,103.8,105.1,0.1309,465,0.9780821917808219,0.04117275047237696,3000.0,104.44999999999999
6427,91.8,93.1,0.1279,50,0.9780821917808219,0.04947155328707216,3025.0,92.44999999999999
6428,80.6,81.9,0.1249,53,0.9780821917808219,0.05770205242358753,3050.0,81.25
6429,70.3,71.5,0.1221,60,0.9780821917808219,0.06586536306274857,3075.0,70.9
6430,60.9,62.1,0.1195,2,0.9780821917808219,0.07396257329536783,3100.0,61.5
6431,52.3,53.5,0.117,0,0.9780821917808219,0.08199474499263221,3125.0,52.9
6432,44.8,45.8,0.1148,0,0.9780821917808219,0.08996291464180897,3150.0,45.3
6433,38.1,39.2,0.1128,0,0.9780821917808219,0.09786809414892235,3175.0,38.650000000000006
6434,32.2,33.2,0.1109,0,0.9780821917808219,0.10571127160994814,3200.0,32.7
6435,22.9,23.8,0.1081,25,0.9780821917808219,0.1212154581459134,3250.0,23.35
6436,16.3,17.1,0.1064,25,0.9780821917808219,0.13648293027670183,3300.0,16.700000000000003
6437,8.5,9.1,0.1055,133,0.9780821917808219,0.166335893426383,3400.0,8.8
6438,4.7,5.2,0.1071,0,0.9780821917808219,0.19532343029963528,3500.0,4.95
6439,2.75,3.1,0.1096,71,0.9780821917808219,0.22349430726633163,3600.0,2.925
6440,1.7,1.95,0.1129,5,0.9780821917808219,0.25089328145444606,3700.0,1.825
6441,1.05,1.35,0.1167,0,0.9780821917808219,0.27756152853660737,3800.0,1.2000000000000002
6442,0.7,1.0,0.1211,10,0.9780821917808219,0.30353701493986807,3900.0,0.85
6443,0.5,0.75,0.1257,0,0.9780821917808219,0.32885482292415796,4000.0,0.625
6444,0.3,0.6,0.1295,0,0.9780821917808219,0.35354743551452944,4100.0,0.44999999999999996
