,Bid,Ask,IV,Open Int,Time to Maturity (years),Log Moneyness,Strike,Mid,Inv Spread
112,0.1,0.15,0.1159,2390,0.0027397260273972603,0.014144078084457773,2920.0,0.125,20.000000000000004
1274,0.0,0.05,0.171,1,0.024657534246575342,0.08359346635632921,3130.0,0.025,20.0
132,0.0,0.05,0.2826,10,0.0027397260273972603,0.04781729319104567,3020.0,0.025,20.0
338,0.0,0.05,0.1242,9309,0.00821917808219178,0.03280450080186045,2975.0,0.025,20.0
525,0.0,0.05,0.2223,3,0.01643835616438356,0.08996291464180897,3150.0,0.025,20.0
1574,0.05,0.1,0.1182,2,0.0410958904109589,0.06586536306274857,3075.0,0.07500000000000001,20.0
143,0.0,0.05,0.4184,111,0.0027397260273972603,0.07396257329536783,3100.0,0.025,20.0
140,0.0,0.05,0.3784,4,0.0027397260273972603,0.06586536306274857,3075.0,0.025,20.0
137,0.0,0.05,0.3351,11,0.0027397260273972603,0.05770205242358753,3050.0,0.025,20.0
136,0.0,0.05,0.3177,8,0.0027397260273972603,0.05441797722239764,3040.0,0.025,20.0
134,0.0,0.05,0.3002,6,0.0027397260273972603,0.051123081325545126,3030.0,0.025,20.0
133,0.0,0.05,0.2924,204,0.0027397260273972603,0.04947155328707216,3025.0,0.025,20.0
130,0.0,0.05,0.2648,102,0.0027397260273972603,0.04450054056505159,3010.0,0.025,20.0
336,0.0,0.05,0.1125,472,0.00821917808219178,0.02943749425395619,2965.0,0.025,20.0
128,0.0,0.05,0.2481,61,0.0027397260273972603,0.04117275047237696,3000.0,0.025,20.0
127,0.0,0.05,0.2391,384,0.0027397260273972603,0.03950469337167996,2995.0,0.025,20.0
126,0.0,0.05,0.2289,40,0.0027397260273972603,0.03783384920686237,2990.0,0.025,20.0
125,0.0,0.05,0.2201,4,0.0027397260273972603,0.036160208648832744,2985.0,0.025,20.0
124,0.0,0.05,0.2114,353,0.0027397260273972603,0.03448376232158044,2980.0,0.025,20.0
123,0.0,0.05,0.2006,181,0.0027397260273972603,0.03280450080186045,2975.0,0.025,20.0
1270,0.0,0.05,0.1642,5,0.024657534246575342,0.08039346362565838,3120.0,0.025,20.0
121,0.0,0.05,0.1819,265,0.0027397260273972603,0.02943749425395619,2965.0,0.025,20.0
120,0.0,0.05,0.1739,310,0.0027397260273972603,0.027749730140236226,2960.0,0.025,20.0
337,0.0,0.05,0.1183,448,0.00821917808219178,0.031122414618875646,2970.0,0.025,20.0
334,0.05,0.1,0.1131,409,0.00821917808219178,0.026059112662328764,2955.0,0.07500000000000001,20.0
118,0.0,0.05,0.1538,2662,0.0027397260273972603,0.02436563215599572,2950.0,0.025,20.0
1440,0.0,0.05,0.1522,620,0.03561643835616438,0.08996291464180897,3150.0,0.025,20.0
1268,0.0,0.05,0.1588,73,0.024657534246575342,0.07718318799541,3110.0,0.025,20.0
1276,0.0,0.05,0.1768,510,0.024657534246575342,0.08678326172442932,3140.0,0.025,20.0
1278,0.0,0.05,0.182,1344,0.024657534246575342,0.08996291464180897,3150.0,0.025,20.0
1284,0.0,0.05,0.1966,100,0.024657534246575342,0.09786809414892235,3175.0,0.025,20.0
1288,0.0,0.05,0.2112,80,0.024657534246575342,0.10571127160994814,3200.0,0.025,20.0
1292,0.0,0.05,0.2394,3,0.024657534246575342,0.1212154581459134,3250.0,0.025,20.0
1294,0.0,0.05,0.2668,359,0.024657534246575342,0.13648293027670183,3300.0,0.025,20.0
1296,0.0,0.05,0.3201,8,0.024657534246575342,0.166335893426383,3400.0,0.025,20.0
1298,0.0,0.05,0.3707,23,0.024657534246575342,0.19532343029963528,3500.0,0.025,20.0
674,0.0,0.05,0.1935,102,0.021917808219178082,0.08996291464180897,3150.0,0.025,20.0
676,0.0,0.05,0.2238,2,0.021917808219178082,0.10571127160994814,3200.0,0.025,20.0
1238,0.05,0.1,0.1248,42,0.024657534246575342,0.05277188631572892,3035.0,0.07500000000000001,20.0
1236,0.05,0.1,0.1213,24,0.024657534246575342,0.051123081325545126,3030.0,0.07500000000000001,20.0
1234,0.05,0.1,0.1178,1716,0.024657534246575342,0.04947155328707216,3025.0,0.07500000000000001,20.0
1232,0.05,0.1,0.1142,28,0.024657534246575342,0.04781729319104567,3020.0,0.07500000000000001,20.0
1230,0.05,0.1,0.1107,23,0.024657534246575342,0.04616029198341618,3015.0,0.07500000000000001,20.0
1226,0.05,0.1,0.1033,805,0.024657534246575342,0.04283802979143815,3005.0,0.07500000000000001,20.0
1432,0.05,0.1,0.1127,10,0.03561643835616438,0.05770205242358753,3050.0,0.07500000000000001,20.0
3426,0.0,0.05,0.1826,4,0.10410958904109589,0.19532343029963528,3500.0,0.025,20.0
3428,0.0,0.05,0.2067,2,0.10410958904109589,0.22349430726633163,3600.0,0.025,20.0
527,0.0,0.05,0.258,28,0.01643835616438356,0.10571127160994814,3200.0,0.025,20.0
119,0.0,0.05,0.1631,1355,0.0027397260273972603,0.026059112662328764,2955.0,0.025,20.0
122,0.0,0.05,0.1914,64,0.0027397260273972603,0.031122414618875646,2970.0,0.025,20.0
117,0.0,0.05,0.1442,507,0.0027397260273972603,0.022669278907817315,2945.0,0.025,20.0
368,0.0,0.05,0.3095,38,0.00821917808219178,0.08996291464180897,3150.0,0.025,20.0
350,0.0,0.05,0.1906,184,0.00821917808219178,0.05277188631572892,3035.0,0.025,20.0
116,0.0,0.05,0.1337,519,0.0027397260273972603,0.02097004315485755,2940.0,0.025,20.0
351,0.0,0.05,0.1962,604,0.00821917808219178,0.05441797722239764,3040.0,0.025,20.0
352,0.0,0.05,0.2015,101,0.00821917808219178,0.05606136296612764,3045.0,0.025,20.0
353,0.0,0.05,0.207,142,0.00821917808219178,0.05770205242358753,3050.0,0.025,20.0
358,0.0,0.05,0.2335,78,0.00821917808219178,0.06586536306274857,3075.0,0.025,20.0
363,0.0,0.05,0.2586,311,0.00821917808219178,0.07396257329536783,3100.0,0.025,20.0
367,0.0,0.05,0.284,1,0.00821917808219178,0.08199474499263221,3125.0,0.025,20.0
1784,0.05,0.1,0.1231,234,0.04657534246575343,0.07396257329536783,3100.0,0.07500000000000001,20.0
348,0.0,0.05,0.1794,1274,0.00821917808219178,0.04947155328707216,3025.0,0.025,20.0
369,0.0,0.05,0.3334,2,0.00821917808219178,0.09786809414892235,3175.0,0.025,20.0
370,0.0,0.05,0.3577,338,0.00821917808219178,0.10571127160994814,3200.0,0.025,20.0
371,0.0,0.05,0.3816,120,0.00821917808219178,0.1134934120520032,3225.0,0.025,20.0
372,0.0,0.05,0.4054,100,0.00821917808219178,0.1212154581459134,3250.0,0.025,20.0
1791,0.0,0.05,0.1541,214,0.04657534246575343,0.10571127160994814,3200.0,0.025,20.0
1792,0.0,0.05,0.1753,1,0.04657534246575343,0.1212154581459134,3250.0,0.025,20.0
1793,0.0,0.05,0.1955,170,0.04657534246575343,0.13648293027670183,3300.0,0.025,20.0
503,0.05,0.1,0.0997,382,0.01643835616438356,0.03280450080186045,2975.0,0.07500000000000001,20.0
349,0.0,0.05,0.1848,124,0.00821917808219178,0.051123081325545126,3030.0,0.025,20.0
1272,0.0,0.05,0.1678,1277,0.024657534246575342,0.08199474499263221,3125.0,0.025,20.0
347,0.0,0.05,0.1743,11,0.00821917808219178,0.04781729319104567,3020.0,0.025,20.0
339,0.0,0.05,0.1299,322,0.00821917808219178,0.03448376232158044,2980.0,0.025,20.0
523,0.0,0.05,0.1863,11,0.01643835616438356,0.07396257329536783,3100.0,0.025,20.0
524,0.0,0.05,0.2047,120,0.01643835616438356,0.08199474499263221,3125.0,0.025,20.0
2140,0.0,0.05,0.2107,4,0.057534246575342465,0.166335893426383,3400.0,0.025,20.0
346,0.0,0.05,0.1688,55,0.00821917808219178,0.04616029198341618,3015.0,0.025,20.0
2139,0.0,0.05,0.1753,421,0.057534246575342465,0.13648293027670183,3300.0,0.025,20.0
2138,0.0,0.05,0.1578,36,0.057534246575342465,0.1212154581459134,3250.0,0.025,20.0
341,0.0,0.05,0.1413,653,0.00821917808219178,0.03783384920686237,2990.0,0.025,20.0
340,0.0,0.05,0.1357,3166,0.00821917808219178,0.036160208648832744,2985.0,0.025,20.0
520,0.0,0.05,0.1677,9,0.01643835616438356,0.06586536306274857,3075.0,0.025,20.0
342,0.0,0.05,0.1471,2171,0.00821917808219178,0.03950469337167996,2995.0,0.025,20.0
113,0.05,0.1,0.1191,2362,0.0027397260273972603,0.01585494248808719,2925.0,0.07500000000000001,20.0
343,0.0,0.05,0.1519,6551,0.00821917808219178,0.04117275047237696,3000.0,0.025,20.0
344,0.0,0.05,0.1582,59,0.00821917808219178,0.04283802979143815,3005.0,0.025,20.0
114,0.0,0.05,0.1149,1896,0.0027397260273972603,0.017562884833243288,2930.0,0.025,20.0
345,0.0,0.05,0.1633,45,0.00821917808219178,0.04450054056505159,3010.0,0.025,20.0
115,0.0,0.05,0.1247,408,0.0027397260273972603,0.0192679150843271,2935.0,0.025,20.0
1582,0.0,0.05,0.1856,1,0.0410958904109589,0.1212154581459134,3250.0,0.025,20.0
111,0.15,0.2,0.1097,942,0.0027397260273972603,0.012430281606723118,2915.0,0.175,19.999999999999993
2113,0.6,0.65,0.0865,7923,0.057534246575342465,0.04117275047237696,3000.0,0.625,19.999999999999982
645,1.05,1.15,0.09,495,0.021917808219178082,0.02097004315485755,2940.0,1.1,10.000000000000014
1907,1.6,1.7,0.0849,119,0.0547945205479452,0.031122414618875646,2970.0,1.65,10.000000000000014
2108,1.55,1.65,0.0858,1640,0.057534246575342465,0.03280450080186045,2975.0,1.6,10.000000000000014
3364,1.55,1.65,0.0919,120,0.10410958904109589,0.051123081325545126,3030.0,1.6,10.000000000000014
4469,1.35,1.45,0.1024,695,0.2,0.08996291464180897,3150.0,1.4,10.000000000000014
4467,1.55,1.65,0.1016,15,0.2,0.08678326172442932,3140.0,1.6,10.000000000000014
3370,1.1,1.2,0.0932,12,0.10410958904109589,0.05606136296612764,3045.0,1.15,10.000000000000014
1202,1.1,1.2,0.0913,1319,0.024657534246575342,0.022669278907817315,2945.0,1.15,10.000000000000014
3788,1.35,1.45,0.0957,3,0.14246575342465753,0.06749005878975045,3080.0,1.4,10.000000000000014
2110,1.05,1.15,0.0859,123,0.057534246575342465,0.036160208648832744,2985.0,1.1,10.000000000000014
2427,1.8,1.9,0.0891,147,0.06575342465753424,0.036160208648832744,2985.0,1.85,10.000000000000014
3796,0.2,0.3,0.1106,262,0.14246575342465753,0.10571127160994814,3200.0,0.25,10.000000000000002
1204,0.85,0.95,0.0918,1019,0.024657534246575342,0.02436563215599572,2950.0,0.8999999999999999,10.000000000000002
1206,0.65,0.75,0.0924,1200,0.024657534246575342,0.026059112662328764,2955.0,0.7,10.000000000000002
1208,0.5,0.6,0.0932,663,0.024657534246575342,0.027749730140236226,2960.0,0.55,10.000000000000002
327,0.75,0.85,0.0997,9377,0.00821917808219178,0.014144078084457773,2920.0,0.8,10.000000000000002
1214,0.2,0.3,0.0948,2426,0.024657534246575342,0.03280450080186045,2975.0,0.25,10.000000000000002
1561,0.25,0.35,0.0887,9,0.0410958904109589,0.03950469337167996,2995.0,0.3,10.000000000000002
1416,0.55,0.65,0.0828,64,0.03561643835616438,0.02943749425395619,2965.0,0.6000000000000001,10.000000000000002
2119,0.2,0.3,0.0913,282,0.057534246575342465,0.051123081325545126,3030.0,0.25,10.000000000000002
3586,0.65,0.75,0.0994,176,0.1232876712328767,0.07396257329536783,3100.0,0.7,10.000000000000002
109,0.5,0.6,0.1053,1139,0.0027397260273972603,0.00899385210814179,2905.0,0.55,10.000000000000002
110,0.25,0.35,0.1066,1075,0.0027397260273972603,0.010713542987668584,2910.0,0.3,10.000000000000002
1562,0.2,0.3,0.0895,1659,0.0410958904109589,0.04117275047237696,3000.0,0.25,10.000000000000002
2118,0.25,0.35,0.0908,63,0.057534246575342465,0.04947155328707216,3025.0,0.3,10.000000000000002
1559,0.4,0.5,0.0874,12,0.0410958904109589,0.036160208648832744,2985.0,0.45,10.000000000000002
1558,0.5,0.6,0.0867,156,0.0410958904109589,0.03448376232158044,2980.0,0.55,10.000000000000002
2431,0.9,1.0,0.0896,154,0.06575342465753424,0.04283802979143815,3005.0,0.95,10.000000000000002
2115,0.4,0.5,0.0878,160,0.057534246575342465,0.04450054056505159,3010.0,0.45,10.000000000000002
1766,0.25,0.35,0.0919,38,0.04657534246575343,0.04450054056505159,3010.0,0.3,10.000000000000002
1767,0.2,0.3,0.0926,187,0.04657534246575343,0.04616029198341618,3015.0,0.25,10.000000000000002
3400,0.25,0.35,0.1059,111,0.10410958904109589,0.08199474499263221,3125.0,0.3,10.000000000000002
1420,0.2,0.3,0.0861,50,0.03561643835616438,0.036160208648832744,2985.0,0.25,10.000000000000002
1419,0.25,0.35,0.0848,1055,0.03561643835616438,0.03448376232158044,2980.0,0.3,10.000000000000002
4483,0.4,0.5,0.1126,488,0.2,0.1212154581459134,3250.0,0.45,10.000000000000002
2434,0.55,0.65,0.0911,34,0.06575342465753424,0.04781729319104567,3020.0,0.6000000000000001,10.000000000000002
2436,0.4,0.5,0.0923,58,0.06575342465753424,0.051123081325545126,3030.0,0.45,10.000000000000002
4487,0.25,0.35,0.1193,326,0.2,0.13648293027670183,3300.0,0.3,10.000000000000002
646,0.8,0.9,0.0906,165,0.021917808219178082,0.022669278907817315,2945.0,0.8500000000000001,10.000000000000002
650,0.25,0.35,0.094,803,0.021917808219178082,0.02943749425395619,2965.0,0.3,10.000000000000002
2433,0.65,0.75,0.0906,50,0.06575342465753424,0.04616029198341618,3015.0,0.7,10.000000000000002
495,0.5,0.6,0.0847,654,0.01643835616438356,0.0192679150843271,2935.0,0.55,10.000000000000002
497,0.2,0.3,0.0847,549,0.01643835616438356,0.022669278907817315,2945.0,0.25,10.000000000000002
512,0.0,0.1,0.1333,296,0.01643835616438356,0.04781729319104567,3020.0,0.05,10.0
509,0.0,0.1,0.1208,78,0.01643835616438356,0.04283802979143815,3005.0,0.05,10.0
504,0.0,0.1,0.0996,71,0.01643835616438356,0.03448376232158044,2980.0,0.05,10.0
506,0.0,0.1,0.1083,26,0.01643835616438356,0.03783384920686237,2990.0,0.05,10.0
505,0.0,0.1,0.104,2,0.01643835616438356,0.036160208648832744,2985.0,0.05,10.0
507,0.0,0.1,0.1126,5,0.01643835616438356,0.03950469337167996,2995.0,0.05,10.0
508,0.0,0.1,0.1166,404,0.01643835616438356,0.04117275047237696,3000.0,0.05,10.0
510,0.0,0.1,0.1255,14,0.01643835616438356,0.04450054056505159,3010.0,0.05,10.0
653,0.1,0.2,0.0979,100,0.021917808219178082,0.03448376232158044,2980.0,0.15000000000000002,10.0
513,0.0,0.1,0.1381,233,0.01643835616438356,0.04947155328707216,3025.0,0.05,10.0
672,0.0,0.1,0.1725,116,0.021917808219178082,0.07396257329536783,3100.0,0.05,10.0
657,0.0,0.1,0.1012,285,0.021917808219178082,0.04117275047237696,3000.0,0.05,10.0
662,0.0,0.1,0.1193,45,0.021917808219178082,0.04947155328707216,3025.0,0.05,10.0
663,0.0,0.1,0.1229,294,0.021917808219178082,0.051123081325545126,3030.0,0.05,10.0
666,0.0,0.1,0.137,156,0.021917808219178082,0.05770205242358753,3050.0,0.05,10.0
669,0.0,0.1,0.1553,19,0.021917808219178082,0.06586536306274857,3075.0,0.05,10.0
652,0.15,0.25,0.0973,315,0.021917808219178082,0.03280450080186045,2975.0,0.2,10.0
2872,0.0,0.1,0.138,4,0.08493150684931507,0.1212154581459134,3250.0,0.05,10.0
516,0.0,0.1,0.1499,10,0.01643835616438356,0.05441797722239764,3040.0,0.05,10.0
2868,0.1,0.2,0.1079,100,0.08493150684931507,0.08199474499263221,3125.0,0.15000000000000002,10.0
3406,0.15,0.25,0.1096,27,0.10410958904109589,0.08996291464180897,3150.0,0.2,10.0
3412,0.1,0.2,0.1146,7,0.10410958904109589,0.09786809414892235,3175.0,0.15000000000000002,10.0
3422,0.0,0.1,0.1393,389,0.10410958904109589,0.13648293027670183,3300.0,0.05,10.0
654,0.05,0.15,0.0973,294,0.021917808219178082,0.036160208648832744,2985.0,0.1,10.0
517,0.0,0.1,0.158,5,0.01643835616438356,0.05770205242358753,3050.0,0.05,10.0
3424,0.0,0.1,0.1666,305,0.10410958904109589,0.166335893426383,3400.0,0.05,10.0
4499,0.0,0.1,0.192,153,0.2,0.27756152853660737,3800.0,0.05,10.0
1216,0.15,0.25,0.096,423,0.024657534246575342,0.03448376232158044,2980.0,0.2,10.0
2131,0.05,0.15,0.114,175,0.057534246575342465,0.07396257329536783,3100.0,0.1,10.0
1435,0.0,0.1,0.1224,38,0.03561643835616438,0.06586536306274857,3075.0,0.05,10.0
1438,0.0,0.1,0.1359,52,0.03561643835616438,0.07396257329536783,3100.0,0.05,10.0
1439,0.0,0.1,0.1493,296,0.03561643835616438,0.08199474499263221,3125.0,0.05,10.0
1567,0.05,0.15,0.0942,25,0.0410958904109589,0.04947155328707216,3025.0,0.1,10.0
1577,0.0,0.1,0.1266,41,0.0410958904109589,0.07396257329536783,3100.0,0.05,10.0
1578,0.0,0.1,0.139,3,0.0410958904109589,0.08199474499263221,3125.0,0.05,10.0
1579,0.0,0.1,0.1509,70,0.0410958904109589,0.08996291464180897,3150.0,0.05,10.0
2137,0.0,0.1,0.1476,173,0.057534246575342465,0.10571127160994814,3200.0,0.05,10.0
2135,0.0,0.1,0.1273,81,0.057534246575342465,0.08996291464180897,3150.0,0.05,10.0
2134,0.05,0.15,0.1251,18,0.057534246575342465,0.08199474499263221,3125.0,0.1,10.0
2130,0.05,0.15,0.1095,11,0.057534246575342465,0.07073155271392141,3090.0,0.1,10.0
1433,0.0,0.1,0.1141,7,0.03561643835616438,0.06097537776855663,3060.0,0.05,10.0
2128,0.05,0.15,0.1027,472,0.057534246575342465,0.06586536306274857,3075.0,0.1,10.0
2121,0.15,0.25,0.0938,25,0.057534246575342465,0.05441797722239764,3040.0,0.2,10.0
1769,0.15,0.25,0.0957,256,0.04657534246575343,0.04947155328707216,3025.0,0.2,10.0
1771,0.1,0.2,0.0978,16,0.04657534246575343,0.05277188631572892,3035.0,0.15000000000000002,10.0
1773,0.05,0.15,0.0987,4,0.04657534246575343,0.05606136296612764,3045.0,0.1,10.0
1774,0.05,0.15,0.1012,424,0.04657534246575343,0.05770205242358753,3050.0,0.1,10.0
1776,0.05,0.15,0.1064,8,0.04657534246575343,0.06097537776855663,3060.0,0.1,10.0
1788,0.0,0.1,0.1303,55,0.04657534246575343,0.08199474499263221,3125.0,0.05,10.0
1789,0.0,0.1,0.1414,58,0.04657534246575343,0.08996291464180897,3150.0,0.05,10.0
1928,0.0,0.1,0.131,134,0.0547945205479452,0.08996291464180897,3150.0,0.05,10.0
1434,0.0,0.1,0.1196,21,0.03561643835616438,0.06423802340337319,3070.0,0.05,10.0
1431,0.0,0.1,0.1023,27,0.03561643835616438,0.05441797722239764,3040.0,0.05,10.0
1220,0.1,0.2,0.1004,332,0.024657534246575342,0.03783384920686237,2990.0,0.15000000000000002,10.0
1254,0.0,0.1,0.1467,154,0.024657534246575342,0.06586536306274857,3075.0,0.05,10.0
1222,0.05,0.15,0.0994,184,0.024657534246575342,0.03950469337167996,2995.0,0.1,10.0
1224,0.05,0.15,0.1031,1581,0.024657534246575342,0.04117275047237696,3000.0,0.1,10.0
1228,0.0,0.1,0.1026,1314,0.024657534246575342,0.04450054056505159,3010.0,0.05,10.0
1240,0.0,0.1,0.1226,69,0.024657534246575342,0.05441797722239764,3040.0,0.05,10.0
1242,0.0,0.1,0.1259,6,0.024657534246575342,0.05606136296612764,3045.0,0.05,10.0
1244,0.0,0.1,0.1299,534,0.024657534246575342,0.05770205242358753,3050.0,0.05,10.0
1246,0.0,0.1,0.1329,5,0.024657534246575342,0.059340054427825896,3055.0,0.05,10.0
1248,0.0,0.1,0.1368,913,0.024657534246575342,0.06097537776855663,3060.0,0.05,10.0
1250,0.0,0.1,0.1401,27,0.024657534246575342,0.06260803119244214,3065.0,0.05,10.0
1252,0.0,0.1,0.1434,624,0.024657534246575342,0.06423802340337319,3070.0,0.05,10.0
1256,0.0,0.1,0.1499,357,0.024657534246575342,0.06749005878975045,3080.0,0.05,10.0
1430,0.0,0.1,0.0996,10,0.03561643835616438,0.05277188631572892,3035.0,0.05,10.0
1260,0.0,0.1,0.1564,343,0.024657534246575342,0.07073155271392141,3090.0,0.05,10.0
1264,0.0,0.1,0.1629,512,0.024657534246575342,0.07396257329536783,3100.0,0.05,10.0
501,0.05,0.15,0.0936,25,0.01643835616438356,0.02943749425395619,2965.0,0.1,10.0
2459,0.0,0.1,0.1746,265,0.06575342465753424,0.13648293027670183,3300.0,0.05,10.0
2457,0.0,0.1,0.1379,30,0.06575342465753424,0.10571127160994814,3200.0,0.05,10.0
2454,0.05,0.15,0.1168,4,0.06575342465753424,0.08199474499263221,3125.0,0.1,10.0
2447,0.1,0.2,0.1047,25,0.06575342465753424,0.06911211916161847,3085.0,0.15000000000000002,10.0
2444,0.15,0.25,0.1013,26,0.06575342465753424,0.06423802340337319,3070.0,0.2,10.0
1421,0.15,0.25,0.0869,50,0.03561643835616438,0.03783384920686237,2990.0,0.2,10.0
1423,0.1,0.2,0.0902,146,0.03561643835616438,0.04117275047237696,3000.0,0.15000000000000002,10.0
502,0.05,0.15,0.0983,328,0.01643835616438356,0.031122414618875646,2970.0,0.1,10.0
2873,0.0,0.1,0.154,129,0.08493150684931507,0.13648293027670183,3300.0,0.05,10.0
500,0.05,0.15,0.0889,551,0.01643835616438356,0.027749730140236226,2960.0,0.1,10.0
331,0.1,0.2,0.1023,2557,0.00821917808219178,0.02097004315485755,2940.0,0.15000000000000002,10.0
4497,0.0,0.1,0.1748,57,0.2,0.25089328145444606,3700.0,0.05,10.0
3959,0.0,0.1,0.1336,241,0.16164383561643836,0.166335893426383,3400.0,0.05,10.0
3799,0.0,0.1,0.1422,244,0.14246575342465753,0.166335893426383,3400.0,0.05,10.0
3798,0.05,0.15,0.1265,228,0.14246575342465753,0.13648293027670183,3300.0,0.1,10.0
3797,0.1,0.2,0.1182,12,0.14246575342465753,0.1212154581459134,3250.0,0.15000000000000002,10.0
4495,0.0,0.1,0.1574,1045,0.2,0.22349430726633163,3600.0,0.05,10.0
330,0.15,0.25,0.0993,3356,0.00821917808219178,0.0192679150843271,2935.0,0.2,10.0
332,0.05,0.15,0.1038,1893,0.00821917808219178,0.022669278907817315,2945.0,0.1,10.0
333,0.05,0.15,0.1103,5141,0.00821917808219178,0.02436563215599572,2950.0,0.1,10.0
335,0.0,0.1,0.1144,453,0.00821917808219178,0.027749730140236226,2960.0,0.05,10.0
4493,0.0,0.1,0.1389,159,0.2,0.19532343029963528,3500.0,0.05,10.0
498,0.15,0.25,0.0872,362,0.01643835616438356,0.02436563215599572,2950.0,0.2,10.0
499,0.1,0.2,0.0888,149,0.01643835616438356,0.026059112662328764,2955.0,0.15000000000000002,10.0
2438,0.3,0.4,0.0941,36,0.06575342465753424,0.05441797722239764,3040.0,0.35,9.999999999999996
3396,0.3,0.4,0.1024,149,0.10410958904109589,0.07718318799541,3110.0,0.35,9.999999999999996
1212,0.3,0.4,0.0953,331,0.024657534246575342,0.031122414618875646,2970.0,0.35,9.999999999999996
1210,0.35,0.45,0.0928,15193,0.024657534246575342,0.02943749425395619,2965.0,0.4,9.999999999999996
2114,0.45,0.55,0.0863,74,0.057534246575342465,0.04283802979143815,3005.0,0.5,9.999999999999996
2117,0.3,0.4,0.0901,20,0.057534246575342465,0.04781729319104567,3020.0,0.35,9.999999999999996
2116,0.35,0.45,0.089,64,0.057534246575342465,0.04616029198341618,3015.0,0.4,9.999999999999996
2437,0.35,0.45,0.0933,10,0.06575342465753424,0.05277188631572892,3035.0,0.4,9.999999999999996
496,0.3,0.4,0.0838,304,0.01643835616438356,0.02097004315485755,2940.0,0.35,9.999999999999996
1765,0.3,0.4,0.0909,46,0.04657534246575343,0.04283802979143815,3005.0,0.35,9.999999999999996
649,0.3,0.4,0.0915,131,0.021917808219178082,0.027749730140236226,2960.0,0.35,9.999999999999996
1763,0.45,0.55,0.0895,59,0.04657534246575343,0.03950469337167996,2995.0,0.5,9.999999999999996
3790,0.95,1.05,0.0977,3371,0.14246575342465753,0.07396257329536783,3100.0,1.0,9.999999999999991
3358,2.3,2.4,0.0917,178,0.10410958904109589,0.04616029198341618,3015.0,2.3499999999999996,9.999999999999991
494,0.7,0.8,0.0837,490,0.01643835616438356,0.017562884833243288,2930.0,0.75,9.999999999999991
493,1.0,1.1,0.0833,1132,0.01643835616438356,0.01585494248808719,2925.0,1.05,9.999999999999991
492,1.45,1.55,0.0836,644,0.01643835616438356,0.014144078084457773,2920.0,1.5,9.999999999999991
2426,2.15,2.25,0.0893,1185,0.06575342465753424,0.03448376232158044,2980.0,2.2,9.999999999999991
4475,0.95,1.05,0.1043,806,0.2,0.09786809414892235,3175.0,1.0,9.999999999999991
4479,0.7,0.8,0.1069,1159,0.2,0.10571127160994814,3200.0,0.75,9.999999999999991
3356,2.6,2.7,0.0916,207,0.10410958904109589,0.04450054056505159,3010.0,2.6500000000000004,9.999999999999991
1761,0.7,0.8,0.0889,29,0.04657534246575343,0.036160208648832744,2985.0,0.75,9.999999999999991
2107,1.9,2.0,0.086,15828,0.057534246575342465,0.031122414618875646,2970.0,1.95,9.999999999999991
2112,0.7,0.8,0.0862,146,0.057534246575342465,0.03950469337167996,2995.0,0.75,9.999999999999991
1911,0.7,0.8,0.0852,7,0.0547945205479452,0.03783384920686237,2990.0,0.75,9.999999999999991
3360,2.0,2.1,0.0916,135,0.10410958904109589,0.04781729319104567,3020.0,2.05,9.999999999999991
1762,0.55,0.7,0.0895,136,0.04657534246575343,0.03783384920686237,2990.0,0.625,6.6666666666666705
1759,1.05,1.2,0.0885,469,0.04657534246575343,0.03280450080186045,2975.0,1.125,6.6666666666666705
2844,2.0,2.15,0.0899,171,0.08493150684931507,0.04117275047237696,3000.0,2.075,6.6666666666666705
3354,2.95,3.1,0.0917,395,0.10410958904109589,0.04283802979143815,3005.0,3.0250000000000004,6.6666666666666705
2846,1.5,1.65,0.0902,2952,0.08493150684931507,0.04450054056505159,3010.0,1.575,6.6666666666666705
1758,1.3,1.45,0.0884,225,0.04657534246575343,0.031122414618875646,2970.0,1.375,6.6666666666666705
1757,1.6,1.75,0.0883,102,0.04657534246575343,0.02943749425395619,2965.0,1.675,6.6666666666666705
2843,2.35,2.5,0.0901,34,0.08493150684931507,0.03950469337167996,2995.0,2.425,6.6666666666666705
2842,2.7,2.85,0.09,4159,0.08493150684931507,0.03783384920686237,2990.0,2.7750000000000004,6.6666666666666705
1756,2.0,2.15,0.0887,1331,0.04657534246575343,0.027749730140236226,2960.0,2.075,6.6666666666666705
2848,1.1,1.25,0.0904,132,0.08493150684931507,0.04781729319104567,3020.0,1.175,6.6666666666666705
324,2.6,2.75,0.1023,2144,0.00821917808219178,0.00899385210814179,2905.0,2.675,6.6666666666666705
1196,2.45,2.6,0.0921,1560,0.024657534246575342,0.017562884833243288,2930.0,2.5250000000000004,6.6666666666666705
108,1.0,1.15,0.1073,1862,0.0027397260273972603,0.007271198796695605,2900.0,1.075,6.6666666666666705
1552,2.0,2.15,0.0861,130,0.0410958904109589,0.02436563215599572,2950.0,2.075,6.6666666666666705
1553,1.6,1.75,0.086,18,0.0410958904109589,0.026059112662328764,2955.0,1.675,6.6666666666666705
2428,1.5,1.65,0.0893,559,0.06575342465753424,0.03783384920686237,2990.0,1.575,6.6666666666666705
2429,1.25,1.4,0.0893,205,0.06575342465753424,0.03950469337167996,2995.0,1.325,6.6666666666666705
2430,1.05,1.2,0.0895,4584,0.06575342465753424,0.04117275047237696,3000.0,1.125,6.6666666666666705
1554,1.25,1.4,0.0857,90,0.0410958904109589,0.027749730140236226,2960.0,1.325,6.6666666666666705
1555,1.0,1.15,0.086,13,0.0410958904109589,0.02943749425395619,2965.0,1.075,6.6666666666666705
1556,0.8,0.95,0.0864,23,0.0410958904109589,0.031122414618875646,2970.0,0.875,6.6666666666666705
107,1.85,2.0,0.1094,1062,0.0027397260273972603,0.005545572829225849,2895.0,1.925,6.6666666666666705
1198,1.9,2.05,0.0919,1185,0.024657534246575342,0.0192679150843271,2935.0,1.9749999999999999,6.6666666666666705
1412,1.55,1.7,0.0825,38,0.03561643835616438,0.022669278907817315,2945.0,1.625,6.6666666666666705
1411,2.0,2.15,0.0827,188,0.03561643835616438,0.02097004315485755,2940.0,2.075,6.6666666666666705
2558,1.25,1.4,0.0872,155,0.07397260273972603,0.04117275047237696,3000.0,1.325,6.6666666666666705
2109,1.25,1.4,0.0858,1425,0.057534246575342465,0.03448376232158044,2980.0,1.325,6.6666666666666705
4463,1.9,2.05,0.1006,1214,0.2,0.08199474499263221,3125.0,1.9749999999999999,6.6666666666666705
325,1.75,1.9,0.101,4232,0.00821917808219178,0.010713542987668584,2910.0,1.825,6.6666666666666705
3789,1.1,1.25,0.0966,5,0.14246575342465753,0.07073155271392141,3090.0,1.175,6.6666666666666705
3782,2.35,2.5,0.0936,416,0.14246575342465753,0.05770205242358753,3050.0,2.425,6.6666666666666705
4459,2.4,2.55,0.0999,181,0.2,0.07718318799541,3110.0,2.4749999999999996,6.6666666666666705
2243,1.05,1.2,0.0874,3,0.06027397260273973,0.03783384920686237,2990.0,1.125,6.6666666666666705
647,0.55,0.7,0.0906,734,0.021917808219178082,0.02436563215599572,2950.0,0.625,6.6666666666666705
3585,1.0,1.15,0.0965,164,0.1232876712328767,0.06586536306274857,3075.0,1.075,6.6666666666666705
1908,1.3,1.45,0.0851,291,0.0547945205479452,0.03280450080186045,2975.0,1.375,6.6666666666666705
1909,1.05,1.2,0.0851,60,0.0547945205479452,0.03448376232158044,2980.0,1.125,6.6666666666666705
642,2.5,2.65,0.0911,2914,0.021917808219178082,0.01585494248808719,2925.0,2.575,6.6666666666666705
643,1.85,2.0,0.0902,1056,0.021917808219178082,0.017562884833243288,2930.0,1.925,6.6666666666666705
1905,2.4,2.55,0.0855,105,0.0547945205479452,0.027749730140236226,2960.0,2.4749999999999996,6.6666666666666705
3362,1.75,1.9,0.0919,304,0.10410958904109589,0.04947155328707216,3025.0,1.825,6.6666666666666705
3366,1.35,1.5,0.0922,7,0.10410958904109589,0.05277188631572892,3035.0,1.425,6.6666666666666705
1904,2.95,3.1,0.0861,19,0.0547945205479452,0.026059112662328764,2955.0,3.0250000000000004,6.6666666666666705
4465,1.75,1.9,0.1008,2,0.2,0.08359346635632921,3130.0,1.825,6.6666666666666705
3382,0.55,0.7,0.0967,63,0.10410958904109589,0.06586536306274857,3075.0,0.625,6.6666666666666705
2435,0.45,0.6,0.0918,1327,0.06575342465753424,0.04947155328707216,3025.0,0.525,6.666666666666668
1913,0.45,0.6,0.0862,28,0.0547945205479452,0.04117275047237696,3000.0,0.525,6.666666666666668
328,0.45,0.6,0.0998,11653,0.00821917808219178,0.01585494248808719,2925.0,0.525,6.666666666666668
2562,0.45,0.6,0.0892,105,0.07397260273972603,0.051123081325545126,3030.0,0.525,6.666666666666668
2440,0.2,0.35,0.0958,124,0.06575342465753424,0.05770205242358753,3050.0,0.275,6.666666666666668
2864,0.15,0.3,0.1032,40,0.08493150684931507,0.07396257329536783,3100.0,0.22499999999999998,6.666666666666667
3592,0.0,0.15,0.1324,235,0.1232876712328767,0.13648293027670183,3300.0,0.075,6.666666666666667
1918,0.15,0.3,0.0896,10,0.0547945205479452,0.04947155328707216,3025.0,0.22499999999999998,6.666666666666667
2120,0.15,0.3,0.0926,155,0.057534246575342465,0.05277188631572892,3035.0,0.22499999999999998,6.666666666666667
2123,0.1,0.25,0.0972,907,0.057534246575342465,0.05770205242358753,3050.0,0.175,6.666666666666667
2442,0.15,0.3,0.0982,20,0.06575342465753424,0.06097537776855663,3060.0,0.22499999999999998,6.666666666666667
2455,0.0,0.15,0.1234,159,0.06575342465753424,0.08996291464180897,3150.0,0.075,6.666666666666667
3420,0.0,0.15,0.1295,156,0.10410958904109589,0.1212154581459134,3250.0,0.075,6.666666666666667
2445,0.1,0.25,0.1021,100,0.06575342465753424,0.06586536306274857,3075.0,0.175,6.666666666666667
2446,0.1,0.25,0.1044,6,0.06575342465753424,0.06749005878975045,3080.0,0.175,6.666666666666667
2871,0.0,0.15,0.1262,15,0.08493150684931507,0.10571127160994814,3200.0,0.075,6.666666666666667
1779,0.0,0.15,0.1107,267,0.04657534246575343,0.06586536306274857,3075.0,0.075,6.666666666666667
4489,0.15,0.3,0.1268,154,0.2,0.15152080764124234,3350.0,0.22499999999999998,6.666666666666667
3590,0.1,0.25,0.1143,18,0.1232876712328767,0.10571127160994814,3200.0,0.175,6.666666666666667
1429,0.0,0.15,0.1011,295,0.03561643835616438,0.051123081325545126,3030.0,0.075,6.666666666666667
1770,0.1,0.25,0.0969,4,0.04657534246575343,0.051123081325545126,3030.0,0.175,6.666666666666667
1926,0.0,0.15,0.1135,3,0.0547945205479452,0.07396257329536783,3100.0,0.075,6.666666666666667
1572,0.0,0.15,0.1103,1,0.0410958904109589,0.06097537776855663,3060.0,0.075,6.666666666666667
1422,0.1,0.25,0.0887,1,0.03561643835616438,0.03950469337167996,2995.0,0.175,6.666666666666667
1571,0.0,0.15,0.1049,10,0.0410958904109589,0.05770205242358753,3050.0,0.075,6.666666666666667
1778,0.0,0.15,0.1082,3,0.04657534246575343,0.06423802340337319,3070.0,0.075,6.666666666666667
1428,0.0,0.15,0.0982,29,0.03561643835616438,0.04947155328707216,3025.0,0.075,6.666666666666667
3957,0.15,0.3,0.1159,4,0.16164383561643836,0.1212154581459134,3250.0,0.22499999999999998,6.666666666666667
2253,0.0,0.15,0.129,39,0.06027397260273973,0.08996291464180897,3150.0,0.075,6.666666666666667
2252,0.0,0.15,0.1186,3,0.06027397260273973,0.08199474499263221,3125.0,0.075,6.666666666666667
2251,0.0,0.15,0.108,8,0.06027397260273973,0.07396257329536783,3100.0,0.075,6.666666666666667
1218,0.1,0.25,0.0984,298,0.024657534246575342,0.036160208648832744,2985.0,0.175,6.666666666666667
1768,0.15,0.3,0.0941,25,0.04657534246575343,0.04781729319104567,3020.0,0.22499999999999998,6.666666666666667
651,0.15,0.3,0.0945,131,0.021917808219178082,0.031122414618875646,2970.0,0.22499999999999998,6.666666666666667
3954,0.65,0.8,0.1033,1,0.16164383561643836,0.08996291464180897,3150.0,0.7250000000000001,6.666666666666666
1772,0.05,0.2,0.0984,3710,0.04657534246575343,0.05441797722239764,3040.0,0.125,6.666666666666666
3416,0.05,0.2,0.1204,10,0.10410958904109589,0.10571127160994814,3200.0,0.125,6.666666666666666
1921,0.05,0.2,0.0958,23,0.0547945205479452,0.05770205242358753,3050.0,0.125,6.666666666666666
3794,0.4,0.55,0.1038,300,0.14246575342465753,0.08996291464180897,3150.0,0.47500000000000003,6.666666666666666
3793,0.6,0.75,0.1005,22,0.14246575342465753,0.08199474499263221,3125.0,0.675,6.666666666666666
329,0.25,0.4,0.0993,3176,0.00821917808219178,0.017562884833243288,2930.0,0.325,6.666666666666666
3392,0.35,0.5,0.1012,156,0.10410958904109589,0.07396257329536783,3100.0,0.425,6.666666666666666
3388,0.4,0.55,0.0989,22,0.10410958904109589,0.07073155271392141,3090.0,0.47500000000000003,6.666666666666666
3384,0.5,0.65,0.0976,20,0.10410958904109589,0.06749005878975045,3080.0,0.575,6.666666666666666
3380,0.6,0.75,0.0958,77,0.10410958904109589,0.06423802340337319,3070.0,0.675,6.666666666666666
3956,0.3,0.45,0.1089,2,0.16164383561643836,0.10571127160994814,3200.0,0.375,6.666666666666666
2448,0.05,0.2,0.1047,6,0.06575342465753424,0.07073155271392141,3090.0,0.125,6.666666666666666
1915,0.3,0.45,0.0876,61,0.0547945205479452,0.04450054056505159,3010.0,0.375,6.666666666666666
3588,0.25,0.4,0.1063,123,0.1232876712328767,0.08996291464180897,3150.0,0.325,6.666666666666666
2244,0.75,0.9,0.0885,216,0.06027397260273973,0.04117275047237696,3000.0,0.825,6.666666666666666
2247,0.3,0.45,0.0915,18,0.06027397260273973,0.04947155328707216,3025.0,0.375,6.666666666666666
2250,0.05,0.2,0.1028,25,0.06027397260273973,0.06586536306274857,3075.0,0.125,6.666666666666666
1557,0.6,0.75,0.0861,535,0.0410958904109589,0.03280450080186045,2975.0,0.675,6.666666666666666
1560,0.3,0.45,0.0882,10,0.0410958904109589,0.03783384920686237,2990.0,0.375,6.666666666666666
3587,0.4,0.55,0.1029,152,0.1232876712328767,0.08199474499263221,3125.0,0.47500000000000003,6.666666666666666
1418,0.3,0.45,0.084,75,0.03561643835616438,0.03280450080186045,2975.0,0.375,6.666666666666666
1417,0.4,0.55,0.0834,163,0.03561643835616438,0.031122414618875646,2970.0,0.47500000000000003,6.666666666666666
1415,0.7,0.85,0.0827,86,0.03561643835616438,0.027749730140236226,2960.0,0.7749999999999999,6.666666666666666
2565,0.05,0.2,0.1029,4,0.07397260273972603,0.07396257329536783,3100.0,0.125,6.666666666666666
1414,0.9,1.05,0.0822,46,0.03561643835616438,0.026059112662328764,2955.0,0.9750000000000001,6.666666666666666
2432,0.75,0.9,0.0903,548,0.06575342465753424,0.04450054056505159,3010.0,0.825,6.666666666666666
2439,0.25,0.4,0.0956,66,0.06575342465753424,0.05606136296612764,3045.0,0.325,6.666666666666666
3374,0.85,1.0,0.0942,82,0.10410958904109589,0.059340054427825896,3055.0,0.925,6.666666666666666
2450,0.05,0.2,0.1089,403,0.06575342465753424,0.07396257329536783,3100.0,0.125,6.666666666666666
2125,0.05,0.2,0.0982,20,0.057534246575342465,0.06097537776855663,3060.0,0.125,6.666666666666666
2560,0.65,0.8,0.0886,5,0.07397260273972603,0.04781729319104567,3020.0,0.7250000000000001,6.666666666666666
2563,0.25,0.4,0.0925,1,0.07397260273972603,0.05770205242358753,3050.0,0.325,6.666666666666666
3376,0.75,0.9,0.0946,199,0.10410958904109589,0.06097537776855663,3060.0,0.825,6.666666666666666
2111,0.85,1.0,0.0863,14908,0.057534246575342465,0.03783384920686237,2990.0,0.925,6.666666666666666
1760,0.85,1.0,0.0888,553,0.04657534246575343,0.03448376232158044,2980.0,0.925,6.666666666666666
1764,0.35,0.5,0.0904,1519,0.04657534246575343,0.04117275047237696,3000.0,0.425,6.666666666666666
4481,0.5,0.65,0.1097,570,0.2,0.1134934120520032,3225.0,0.575,6.666666666666666
2850,0.85,1.0,0.0916,12,0.08493150684931507,0.051123081325545126,3030.0,0.925,6.666666666666666
2851,0.75,0.9,0.0923,112,0.08493150684931507,0.05277188631572892,3035.0,0.825,6.666666666666666
2852,0.65,0.8,0.0928,1,0.08493150684931507,0.05441797722239764,3040.0,0.7250000000000001,6.666666666666666
2854,0.5,0.65,0.0941,68,0.08493150684931507,0.05770205242358753,3050.0,0.575,6.666666666666666
2856,0.4,0.55,0.0959,103,0.08493150684931507,0.06097537776855663,3060.0,0.47500000000000003,6.666666666666666
2859,0.25,0.4,0.0974,24,0.08493150684931507,0.06586536306274857,3075.0,0.325,6.666666666666666
2869,0.05,0.2,0.1149,267,0.08493150684931507,0.08996291464180897,3150.0,0.125,6.666666666666666
4485,0.3,0.45,0.1163,245,0.2,0.12887833089148262,3275.0,0.375,6.666666666666666
648,0.4,0.55,0.0913,71,0.021917808219178082,0.026059112662328764,2955.0,0.47500000000000003,6.666666666666666
4491,0.05,0.2,0.1301,95,0.2,0.166335893426383,3400.0,0.125,6.666666666666666
3372,0.95,1.1,0.0936,140,0.10410958904109589,0.05770205242358753,3050.0,1.025,6.666666666666661
3583,1.65,1.8,0.0941,40,0.1232876712328767,0.05770205242358753,3050.0,1.725,6.666666666666661
3787,1.45,1.6,0.0953,28,0.14246575342465753,0.06586536306274857,3075.0,1.525,6.666666666666661
644,1.4,1.55,0.0902,222,0.021917808219178082,0.0192679150843271,2935.0,1.475,6.666666666666661
3953,0.95,1.1,0.1005,1,0.16164383561643836,0.08199474499263221,3125.0,1.025,6.666666666666661
1413,1.2,1.35,0.0825,544,0.03561643835616438,0.02436563215599572,2950.0,1.275,6.666666666666661
2849,0.95,1.1,0.0908,27,0.08493150684931507,0.04947155328707216,3025.0,1.025,6.666666666666661
3368,1.2,1.35,0.0927,187,0.10410958904109589,0.05441797722239764,3040.0,1.275,6.666666666666661
1906,1.95,2.1,0.0852,124,0.0547945205479452,0.02943749425395619,2965.0,2.025,6.666666666666661
326,1.15,1.3,0.1003,4755,0.00821917808219178,0.012430281606723118,2915.0,1.225,6.666666666666661
1200,1.45,1.6,0.0917,15222,0.024657534246575342,0.02097004315485755,2940.0,1.525,6.666666666666661
4457,2.55,2.7,0.0994,27,0.2,0.07557417718970934,3105.0,2.625,6.666666666666651
3582,2.05,2.2,0.0935,1472,0.1232876712328767,0.05441797722239764,3040.0,2.125,6.666666666666651
4455,2.8,2.95,0.0995,3271,0.2,0.07396257329536783,3100.0,2.875,6.666666666666651
1410,2.55,2.7,0.0829,20,0.03561643835616438,0.0192679150843271,2935.0,2.625,6.666666666666651
3580,2.55,2.7,0.0931,19,0.1232876712328767,0.051123081325545126,3030.0,2.625,6.666666666666651
3581,2.3,2.45,0.0934,20,0.1232876712328767,0.05277188631572892,3035.0,2.375,6.666666666666651
2425,2.55,2.7,0.0897,1523,0.06575342465753424,0.03280450080186045,2975.0,2.625,6.666666666666651
491,2.05,2.2,0.0843,794,0.01643835616438356,0.012430281606723118,2915.0,2.125,6.666666666666651
2105,2.8,2.95,0.0868,7901,0.057534246575342465,0.027749730140236226,2960.0,2.875,6.666666666666651
4461,2.05,2.2,0.1004,82,0.2,0.08039346362565838,3120.0,2.125,6.666666666666651
2106,2.3,2.45,0.0864,130,0.057534246575342465,0.02943749425395619,2965.0,2.375,6.666666666666651
1745,14.9,15.1,0.1,707,0.04657534246575343,0.00899385210814179,2905.0,15.0,5.000000000000018
2833,10.0,10.2,0.0957,103,0.08493150684931507,0.022669278907817315,2945.0,10.1,5.000000000000018
2101,5.9,6.1,0.0898,4491,0.057534246575342465,0.02097004315485755,2940.0,6.0,5.000000000000018
3342,6.4,6.6,0.0936,379,0.10410958904109589,0.03280450080186045,2975.0,6.5,5.000000000000018
4437,5.4,5.6,0.0973,90,0.2,0.059340054427825896,3055.0,5.5,5.000000000000018
1746,12.9,13.1,0.0985,851,0.04657534246575343,0.010713542987668584,2910.0,13.0,5.000000000000018
4435,5.9,6.1,0.0975,2095,0.2,0.05770205242358753,3050.0,6.0,5.000000000000018
4433,6.4,6.6,0.0976,91,0.2,0.05606136296612764,3045.0,6.5,5.000000000000018
4431,6.9,7.1,0.0975,111,0.2,0.05441797722239764,3040.0,7.0,5.000000000000018
1188,6.4,6.6,0.0955,1341,0.024657534246575342,0.010713542987668584,2910.0,6.5,5.000000000000018
1547,5.9,6.1,0.0897,78,0.0410958904109589,0.01585494248808719,2925.0,6.0,5.000000000000018
3348,4.4,4.6,0.0927,408,0.10410958904109589,0.03783384920686237,2990.0,4.5,5.000000000000018
4415,13.3,13.5,0.0999,1310,0.2,0.04117275047237696,3000.0,13.4,5.000000000000018
3322,20.1,20.3,0.1026,149,0.10410958904109589,0.01585494248808719,2925.0,20.200000000000003,5.000000000000018
3324,18.2,18.4,0.1015,325,0.10410958904109589,0.017562884833243288,2930.0,18.299999999999997,5.000000000000018
1186,7.9,8.1,0.0966,1683,0.024657534246575342,0.00899385210814179,2905.0,8.0,5.000000000000018
4419,11.3,11.5,0.099,284,0.2,0.04450054056505159,3010.0,11.4,5.000000000000018
2831,12.9,13.1,0.0979,76,0.08493150684931507,0.0192679150843271,2935.0,13.0,5.000000000000018
2414,14.5,14.7,0.1,2060,0.06575342465753424,0.014144078084457773,2920.0,14.6,5.000000000000018
4421,10.4,10.6,0.0986,150,0.2,0.04616029198341618,3015.0,10.5,5.000000000000018
2098,9.8,10.0,0.0935,12824,0.057534246575342465,0.01585494248808719,2925.0,9.9,5.000000000000018
4451,3.2,3.4,0.0988,624,0.2,0.07073155271392141,3090.0,3.3,5.000000000000007
3578,3.2,3.4,0.0931,351,0.1232876712328767,0.04781729319104567,3020.0,3.3,5.000000000000007
323,3.7,3.9,0.1038,13124,0.00821917808219178,0.007271198796695605,2900.0,3.8,5.000000000000007
641,3.2,3.4,0.0912,121,0.021917808219178082,0.014144078084457773,2920.0,3.3,5.000000000000007
2840,3.7,3.9,0.091,2100,0.08493150684931507,0.03448376232158044,2980.0,3.8,5.000000000000007
2841,3.1,3.3,0.0901,239,0.08493150684931507,0.036160208648832744,2985.0,3.2,5.000000000000007
4447,3.7,3.9,0.0982,772,0.2,0.06749005878975045,3080.0,3.8,5.000000000000007
1755,2.45,2.65,0.0891,606,0.04657534246575343,0.026059112662328764,2955.0,2.55,5.000000000000007
3779,3.2,3.4,0.0934,4,0.14246575342465753,0.05277188631572892,3035.0,3.3,5.000000000000007
1409,3.2,3.4,0.0833,363,0.03561643835616438,0.017562884833243288,2930.0,3.3,5.000000000000007
1903,3.6,3.8,0.0869,72,0.0547945205479452,0.02436563215599572,2950.0,3.7,5.000000000000007
1753,3.7,3.9,0.0902,446,0.04657534246575343,0.022669278907817315,2945.0,3.8,5.000000000000007
106,3.2,3.4,0.1135,1121,0.0027397260273972603,0.003816963928608097,2890.0,3.3,5.000000000000007
1194,3.2,3.4,0.0932,1850,0.024657534246575342,0.01585494248808719,2925.0,3.3,5.000000000000007
489,3.9,4.1,0.0861,514,0.01643835616438356,0.00899385210814179,2905.0,4.0,5.000000000000007
3777,3.9,4.1,0.0931,1513,0.14246575342465753,0.04947155328707216,3025.0,4.0,5.000000000000007
1549,3.9,4.1,0.0878,38,0.0410958904109589,0.0192679150843271,2935.0,4.0,5.000000000000007
2423,3.6,3.8,0.0905,212,0.06575342465753424,0.02943749425395619,2965.0,3.7,5.000000000000007
2556,2.45,2.65,0.0873,8,0.07397260273972603,0.03448376232158044,2980.0,2.55,5.000000000000007
2557,1.75,1.95,0.0872,23,0.07397260273972603,0.03783384920686237,2990.0,1.85,5.000000000000001
2845,1.7,1.9,0.0899,16,0.08493150684931507,0.04283802979143815,3005.0,1.7999999999999998,5.000000000000001
2847,1.25,1.45,0.0902,101,0.08493150684931507,0.04616029198341618,3015.0,1.35,5.000000000000001
2242,1.55,1.75,0.0876,1023,0.06027397260273973,0.03448376232158044,2980.0,1.65,5.000000000000001
2566,0.0,0.2,0.1102,4,0.07397260273972603,0.08199474499263221,3125.0,0.1,5.0
3591,0.0,0.2,0.1222,4,0.1232876712328767,0.1212154581459134,3250.0,0.1,5.0
2564,0.1,0.3,0.0977,25,0.07397260273972603,0.06586536306274857,3075.0,0.2,5.0
3780,2.9,3.1,0.0936,35,0.14246575342465753,0.05441797722239764,3040.0,3.0,4.999999999999996
2241,1.9,2.1,0.0879,160,0.06027397260273973,0.03280450080186045,2975.0,2.0,4.999999999999996
3772,6.6,6.8,0.0939,7248,0.14246575342465753,0.04117275047237696,3000.0,6.699999999999999,4.999999999999996
2420,6.0,6.2,0.0928,4591,0.06575342465753424,0.02436563215599572,2950.0,6.1,4.999999999999996
1548,4.8,5.0,0.0886,1034,0.0410958904109589,0.017562884833243288,2930.0,4.9,4.999999999999996
1551,2.5,2.7,0.0866,31,0.0410958904109589,0.022669278907817315,2945.0,2.6,4.999999999999996
2424,3.0,3.2,0.0899,3464,0.06575342465753424,0.031122414618875646,2970.0,3.1,4.999999999999996
3350,3.8,4.0,0.092,145,0.10410958904109589,0.03950469337167996,2995.0,3.9,4.999999999999996
3775,4.8,5.0,0.0932,68,0.14246575342465753,0.04616029198341618,3015.0,4.9,4.999999999999996
3352,3.3,3.5,0.0916,711,0.10410958904109589,0.04117275047237696,3000.0,3.4,4.999999999999996
2422,4.3,4.5,0.0913,457,0.06575342465753424,0.027749730140236226,2960.0,4.4,4.999999999999996
1902,4.3,4.5,0.0872,378,0.0547945205479452,0.022669278907817315,2945.0,4.4,4.999999999999996
1900,6.3,6.5,0.0893,75,0.0547945205479452,0.0192679150843271,2935.0,6.4,4.999999999999996
2240,2.3,2.5,0.0882,4,0.06027397260273973,0.031122414618875646,2970.0,2.4,4.999999999999996
2104,3.4,3.6,0.0876,329,0.057534246575342465,0.026059112662328764,2955.0,3.5,4.999999999999996
3952,1.4,1.6,0.0982,5,0.16164383561643836,0.07396257329536783,3100.0,1.5,4.999999999999996
2103,4.1,4.3,0.0882,3761,0.057534246575342465,0.02436563215599572,2950.0,4.199999999999999,4.999999999999996
3340,7.3,7.5,0.0943,163,0.10410958904109589,0.031122414618875646,2970.0,7.4,4.999999999999996
1751,5.5,5.7,0.092,553,0.04657534246575343,0.0192679150843271,2935.0,5.6,4.999999999999996
4449,3.4,3.6,0.0983,24,0.2,0.06911211916161847,3085.0,3.5,4.999999999999996
3951,2.15,2.35,0.0963,297,0.16164383561643836,0.06586536306274857,3075.0,2.25,4.999999999999996
2837,5.7,5.9,0.0922,281,0.08493150684931507,0.02943749425395619,2965.0,5.800000000000001,4.999999999999996
3949,3.4,3.6,0.0953,162,0.16164383561643836,0.05770205242358753,3050.0,3.5,4.999999999999996
3947,4.5,4.7,0.0951,1230,0.16164383561643836,0.05277188631572892,3035.0,4.6,4.999999999999996
4445,4.0,4.2,0.0981,585,0.2,0.06586536306274857,3075.0,4.1,4.999999999999996
4443,4.3,4.5,0.0978,370,0.2,0.06423802340337319,3070.0,4.4,4.999999999999996
4441,4.7,4.9,0.098,159,0.2,0.06260803119244214,3065.0,4.800000000000001,4.999999999999996
2836,6.6,6.8,0.093,1482,0.08493150684931507,0.027749730140236226,2960.0,6.699999999999999,4.999999999999996
4453,3.0,3.2,0.0993,141,0.2,0.07234836794082672,3095.0,3.1,4.999999999999996
4439,5.0,5.2,0.0975,310,0.2,0.06097537776855663,3060.0,5.1,4.999999999999996
2835,7.6,7.8,0.0938,133,0.08493150684931507,0.026059112662328764,2955.0,7.699999999999999,4.999999999999996
3784,1.9,2.1,0.0941,118,0.14246575342465753,0.06097537776855663,3060.0,2.0,4.999999999999996
3778,3.5,3.7,0.0931,108,0.14246575342465753,0.051123081325545126,3030.0,3.6,4.999999999999996
1752,4.6,4.8,0.0915,462,0.04657534246575343,0.02097004315485755,2940.0,4.699999999999999,4.999999999999996
1405,7.8,8.0,0.0873,295,0.03561643835616438,0.010713542987668584,2910.0,7.9,4.999999999999996
640,4.2,4.4,0.0924,270,0.021917808219178082,0.012430281606723118,2915.0,4.300000000000001,4.999999999999996
1754,3.0,3.2,0.0894,2032,0.04657534246575343,0.02436563215599572,2950.0,3.1,4.999999999999996
1408,4.1,4.3,0.0843,254,0.03561643835616438,0.01585494248808719,2925.0,4.199999999999999,4.999999999999996
1750,6.7,6.9,0.0935,835,0.04657534246575343,0.017562884833243288,2930.0,6.800000000000001,4.999999999999996
2235,5.8,6.0,0.0916,87,0.06027397260273973,0.022669278907817315,2945.0,5.9,4.999999999999996
4429,7.5,7.7,0.0977,131,0.2,0.05277188631572892,3035.0,7.6,4.999999999999996
2415,12.7,12.9,0.0986,3010,0.06575342465753424,0.01585494248808719,2925.0,12.8,4.999999999999973
1545,8.6,8.8,0.0919,82,0.0410958904109589,0.012430281606723118,2915.0,8.7,4.999999999999973
2417,9.6,9.8,0.0962,1899,0.06575342465753424,0.0192679150843271,2935.0,9.7,4.999999999999973
2096,13.2,13.4,0.0962,992,0.057534246575342465,0.012430281606723118,2915.0,13.3,4.999999999999973
4423,9.6,9.8,0.0983,218,0.2,0.04781729319104567,3020.0,9.7,4.999999999999973
3326,16.4,16.6,0.1003,187,0.10410958904109589,0.0192679150843271,2935.0,16.5,4.999999999999929
4409,16.9,17.1,0.1016,220,0.2,0.036160208648832744,2985.0,17.0,4.999999999999929
4395,28.4,28.6,0.1073,514,0.2,0.02436563215599572,2950.0,28.5,4.999999999999929
490,2.85,3.1,0.0854,880,0.01643835616438356,0.010713542987668584,2910.0,2.975,4.0
2239,2.75,3.0,0.0885,129,0.06027397260273973,0.02943749425395619,2965.0,2.875,4.0
2555,2.95,3.2,0.0881,71,0.07397260273972603,0.03280450080186045,2975.0,3.075,4.0
2088,33.6,33.9,0.11,11362,0.057534246575342465,-0.0013868639464188668,2875.0,33.75,3.333333333333365
2093,19.6,19.9,0.101,22984,0.057534246575342465,0.007271198796695605,2900.0,19.75,3.333333333333365
1740,27.6,27.9,0.1084,434,0.04657534246575343,0.0003507559521219104,2880.0,27.75,3.333333333333365
1735,44.5,44.8,0.1193,2616,0.04657534246575343,-0.008367695087759114,2855.0,44.65,3.333333333333365
4349,94.9,95.2,0.135,128,0.2,-0.015397601016017283,2835.0,95.05000000000001,3.333333333333365
2403,44.1,44.4,0.1189,403,0.06575342465753424,-0.00487118802902981,2865.0,44.25,3.333333333333365
4333,125.2,125.5,0.1456,141,0.2,-0.02960743158867024,2795.0,125.35,3.333333333333365
3320,22.1,22.4,0.1039,217,0.10410958904109589,0.014144078084457773,2920.0,22.25,3.333333333333365
4363,70.8,71.1,0.1258,263,0.2,-0.0031275084242029776,2870.0,70.94999999999999,3.333333333333365
4375,52.5,52.8,0.1182,694,0.2,0.007271198796695605,2900.0,52.65,3.333333333333365
4377,49.7,50.0,0.117,127,0.2,0.00899385210814179,2905.0,49.85,3.333333333333365
4379,47.0,47.3,0.1159,273,0.2,0.010713542987668584,2910.0,47.15,3.333333333333365
4387,37.0,37.3,0.1114,362,0.2,0.017562884833243288,2930.0,37.15,3.333333333333365
4389,34.7,35.0,0.1103,1354,0.2,0.0192679150843271,2935.0,34.85,3.333333333333365
4391,32.5,32.8,0.1093,239,0.2,0.02097004315485755,2940.0,32.65,3.333333333333365
4359,77.4,77.7,0.1283,728,0.2,-0.006617913363971453,2860.0,77.55000000000001,3.333333333333365
4357,80.8,81.1,0.1297,285,0.2,-0.008367695087759114,2855.0,80.94999999999999,3.333333333333365
4351,91.3,91.6,0.1336,181,0.2,-0.013635486022618026,2840.0,91.44999999999999,3.333333333333365
4399,24.6,24.9,0.1055,185,0.2,0.027749730140236226,2960.0,24.75,3.333333333333365
4337,117.4,117.7,0.1429,158,0.2,-0.026035999221073018,2805.0,117.55000000000001,3.333333333333365
4335,121.3,121.6,0.1443,1091,0.2,-0.027820121014574394,2800.0,121.44999999999999,3.333333333333365
3290,66.2,66.5,0.1261,109,0.10410958904109589,-0.011876470617438477,2845.0,66.35,3.333333333333365
1166,36.0,36.3,0.1169,863,0.024657534246575342,-0.008367695087759114,2855.0,36.15,3.333333333333365
3754,34.5,34.8,0.1088,234,0.14246575342465753,0.010713542987668584,2910.0,34.65,3.333333333333365
3753,37.1,37.4,0.1101,818,0.14246575342465753,0.00899385210814179,2905.0,37.25,3.333333333333365
3316,26.6,26.9,0.1065,1292,0.10410958904109589,0.010713542987668584,2910.0,26.75,3.333333333333365
3294,59.1,59.4,0.1229,1213,0.10410958904109589,-0.008367695087759114,2855.0,59.25,3.333333333333365
3292,62.6,62.9,0.1244,514,0.10410958904109589,-0.010120543915173473,2850.0,62.75,3.333333333333365
3284,77.4,77.7,0.1311,1090,0.10410958904109589,-0.017162826540586398,2830.0,77.55000000000001,3.333333333333365
1894,16.1,16.4,0.0972,29,0.0547945205479452,0.00899385210814179,2905.0,16.25,3.333333333333365
3332,11.8,12.1,0.0976,1387,0.10410958904109589,0.02436563215599572,2950.0,11.95,3.333333333333345
4425,8.8,9.1,0.0981,638,0.2,0.04947155328707216,3025.0,8.95,3.333333333333345
2099,8.3,8.6,0.0922,6619,0.057534246575342465,0.017562884833243288,2930.0,8.45,3.333333333333345
1403,11.3,11.6,0.09,1109,0.03561643835616438,0.007271198796695605,2900.0,11.45,3.333333333333345
2544,15.4,15.7,0.0979,75,0.07397260273972603,0.014144078084457773,2920.0,15.55,3.333333333333345
2097,11.4,11.7,0.0949,7023,0.057534246575342465,0.014144078084457773,2920.0,11.55,3.333333333333345
2231,10.9,11.2,0.096,194,0.06027397260273973,0.01585494248808719,2925.0,11.05,3.333333333333345
1748,9.4,9.7,0.0959,2782,0.04657534246575343,0.014144078084457773,2920.0,9.55,3.333333333333345
1749,7.9,8.2,0.0944,12720,0.04657534246575343,0.01585494248808719,2925.0,8.05,3.333333333333345
3336,9.3,9.6,0.0958,851,0.10410958904109589,0.027749730140236226,2960.0,9.45,3.333333333333345
1180,13.8,14.1,0.1009,1553,0.024657534246575342,0.003816963928608097,2890.0,13.95,3.333333333333345
634,14.8,15.1,0.0999,441,0.021917808219178082,0.0020853617643302107,2885.0,14.95,3.333333333333345
3569,8.9,9.2,0.0957,242,0.1232876712328767,0.03280450080186045,2975.0,9.05,3.333333333333345
2232,9.4,9.7,0.0949,55,0.06027397260273973,0.017562884833243288,2930.0,9.55,3.333333333333345
2832,11.3,11.6,0.0967,16364,0.08493150684931507,0.02097004315485755,2940.0,11.45,3.333333333333345
1897,10.4,10.7,0.0929,280,0.0547945205479452,0.014144078084457773,2920.0,10.55,3.333333333333345
1404,9.4,9.7,0.0885,652,0.03561643835616438,0.00899385210814179,2905.0,9.55,3.333333333333345
3768,9.9,10.2,0.0954,278,0.14246575342465753,0.03448376232158044,2980.0,10.05,3.333333333333345
3765,13.4,13.7,0.0974,381,0.14246575342465753,0.02943749425395619,2965.0,13.55,3.333333333333345
3764,14.8,15.1,0.0983,126,0.14246575342465753,0.027749730140236226,2960.0,14.95,3.333333333333345
486,8.8,9.1,0.0904,1667,0.01643835616438356,0.003816963928608097,2890.0,8.95,3.333333333333345
4413,14.4,14.7,0.1005,133,0.2,0.03950469337167996,2995.0,14.55,3.333333333333345
637,8.3,8.6,0.0953,885,0.021917808219178082,0.007271198796695605,2900.0,8.45,3.333333333333345
635,12.4,12.7,0.0984,1456,0.021917808219178082,0.003816963928608097,2890.0,12.55,3.333333333333345
1901,5.2,5.5,0.0883,66,0.0547945205479452,0.02097004315485755,2940.0,5.35,3.3333333333333353
2839,4.2,4.5,0.0911,584,0.08493150684931507,0.03280450080186045,2975.0,4.35,3.3333333333333353
2838,4.9,5.2,0.0917,772,0.08493150684931507,0.031122414618875646,2970.0,5.050000000000001,3.3333333333333353
488,5.2,5.5,0.0874,1554,0.01643835616438356,0.007271198796695605,2900.0,5.35,3.3333333333333353
1899,7.5,7.8,0.0906,1497,0.0547945205479452,0.017562884833243288,2930.0,7.65,3.3333333333333353
2100,7.0,7.3,0.091,1114,0.057534246575342465,0.0192679150843271,2935.0,7.15,3.3333333333333353
487,6.8,7.1,0.0885,246,0.01643835616438356,0.005545572829225849,2895.0,6.949999999999999,3.3333333333333353
3774,5.3,5.6,0.0934,176,0.14246575342465753,0.04450054056505159,3010.0,5.449999999999999,3.3333333333333353
3577,3.5,3.8,0.0929,212,0.1232876712328767,0.04616029198341618,3015.0,3.65,3.3333333333333353
3575,4.4,4.7,0.093,27,0.1232876712328767,0.04283802979143815,3005.0,4.550000000000001,3.3333333333333353
3574,5.0,5.3,0.0935,205,0.1232876712328767,0.04117275047237696,3000.0,5.15,3.3333333333333353
3572,6.3,6.6,0.0941,22,0.1232876712328767,0.03783384920686237,2990.0,6.449999999999999,3.3333333333333353
3776,4.3,4.6,0.0933,106,0.14246575342465753,0.04781729319104567,3020.0,4.449999999999999,3.3333333333333353
638,6.7,7.0,0.0943,236,0.021917808219178082,0.00899385210814179,2905.0,6.85,3.3333333333333353
639,5.3,5.6,0.0932,140,0.021917808219178082,0.010713542987668584,2910.0,5.449999999999999,3.3333333333333353
3771,7.3,7.6,0.0943,49,0.14246575342465753,0.03950469337167996,2995.0,7.449999999999999,3.3333333333333353
3346,4.9,5.2,0.0927,235,0.10410958904109589,0.036160208648832744,2985.0,5.050000000000001,3.3333333333333353
3773,5.9,6.2,0.0936,79,0.14246575342465753,0.04283802979143815,3005.0,6.050000000000001,3.3333333333333353
2102,4.9,5.2,0.089,398,0.057534246575342465,0.022669278907817315,2945.0,5.050000000000001,3.3333333333333353
104,7.3,7.6,0.1196,721,0.0027397260273972603,0.0003507559521219104,2880.0,7.449999999999999,3.3333333333333353
3948,4.0,4.3,0.0949,6,0.16164383561643836,0.05441797722239764,3040.0,4.15,3.3333333333333353
2234,6.8,7.1,0.0925,1440,0.06027397260273973,0.02097004315485755,2940.0,6.949999999999999,3.3333333333333353
1550,3.1,3.4,0.0873,355,0.0410958904109589,0.02097004315485755,2940.0,3.25,3.3333333333333353
2421,5.0,5.3,0.0918,15422,0.06575342465753424,0.026059112662328764,2955.0,5.15,3.3333333333333353
2552,4.8,5.1,0.0894,46,0.07397260273972603,0.027749730140236226,2960.0,4.949999999999999,3.3333333333333353
1192,4.0,4.3,0.0936,1272,0.024657534246575342,0.014144078084457773,2920.0,4.15,3.3333333333333353
105,4.9,5.2,0.1155,910,0.0027397260273972603,0.0020853617643302107,2885.0,5.050000000000001,3.3333333333333353
2236,4.8,5.1,0.0906,269,0.06027397260273973,0.02436563215599572,2950.0,4.949999999999999,3.3333333333333353
2419,7.0,7.3,0.0938,354,0.06575342465753424,0.022669278907817315,2945.0,7.15,3.3333333333333353
3946,4.9,5.2,0.0952,684,0.16164383561643836,0.051123081325545126,3030.0,5.050000000000001,3.3333333333333353
2237,4.0,4.3,0.0898,85,0.06027397260273973,0.026059112662328764,2955.0,4.15,3.3333333333333353
3941,7.8,8.1,0.0956,19,0.16164383561643836,0.04283802979143815,3005.0,7.949999999999999,3.3333333333333353
1406,6.3,6.6,0.0861,195,0.03561643835616438,0.012430281606723118,2915.0,6.449999999999999,3.3333333333333353
321,6.9,7.2,0.1075,5942,0.00821917808219178,0.003816963928608097,2890.0,7.050000000000001,3.3333333333333353
3950,2.8,3.1,0.0958,1,0.16164383561643836,0.06097537776855663,3060.0,2.95,3.3333333333333304
3576,3.9,4.2,0.0928,1284,0.1232876712328767,0.04450054056505159,3010.0,4.05,3.3333333333333304
2554,3.4,3.7,0.0881,67,0.07397260273972603,0.031122414618875646,2970.0,3.55,3.3333333333333304
2238,3.3,3.6,0.089,91,0.06027397260273973,0.027749730140236226,2960.0,3.45,3.3333333333333304
3579,2.8,3.1,0.0932,72,0.1232876712328767,0.04947155328707216,3025.0,2.95,3.3333333333333304
3761,19.5,19.8,0.1008,459,0.14246575342465753,0.022669278907817315,2945.0,19.65,3.3333333333333255
3760,21.3,21.6,0.1018,973,0.14246575342465753,0.02097004315485755,2940.0,21.450000000000003,3.3333333333333255
2091,24.7,25.0,0.1043,2687,0.057534246575342465,0.003816963928608097,2890.0,24.85,3.3333333333333255
2830,14.5,14.8,0.0991,3460,0.08493150684931507,0.017562884833243288,2930.0,14.65,3.3333333333333255
4405,19.7,20.0,0.1031,275,0.2,0.03280450080186045,2975.0,19.85,3.3333333333333255
3759,23.2,23.5,0.1028,208,0.14246575342465753,0.0192679150843271,2935.0,23.35,3.3333333333333255
4403,21.2,21.5,0.1037,1112,0.2,0.031122414618875646,2970.0,21.35,3.3333333333333255
4401,22.9,23.2,0.1047,221,0.2,0.02943749425395619,2965.0,23.049999999999997,3.3333333333333255
2090,27.5,27.8,0.1061,2134,0.057534246575342465,0.0020853617643302107,2885.0,27.65,3.3333333333333255
3573,5.6,5.9,0.0937,9,0.1232876712328767,0.03950469337167996,2995.0,5.75,3.3333333333333255
3757,27.4,27.7,0.1051,16083,0.14246575342465753,0.01585494248808719,2925.0,27.549999999999997,3.3333333333333255
4407,18.2,18.5,0.1023,178,0.2,0.03448376232158044,2980.0,18.35,3.3333333333333255
4411,15.6,15.9,0.1011,183,0.2,0.03783384920686237,2990.0,15.75,3.3333333333333255
3561,20.3,20.6,0.1027,92,0.1232876712328767,0.0192679150843271,2935.0,20.450000000000003,3.3333333333333255
3571,7.1,7.4,0.0946,64,0.1232876712328767,0.036160208648832744,2985.0,7.25,3.3333333333333255
4417,12.2,12.5,0.0994,292,0.2,0.04283802979143815,3005.0,12.35,3.3333333333333255
2418,8.2,8.5,0.0949,840,0.06575342465753424,0.02097004315485755,2940.0,8.35,3.3333333333333255
2416,11.0,11.3,0.0973,15279,0.06575342465753424,0.017562884833243288,2930.0,11.15,3.3333333333333255
2413,16.4,16.7,0.1014,652,0.06575342465753424,0.012430281606723118,2915.0,16.549999999999997,3.3333333333333255
2412,18.5,18.8,0.1029,247,0.06575342465753424,0.010713542987668584,2910.0,18.65,3.3333333333333255
2411,20.8,21.1,0.1046,556,0.06575342465753424,0.00899385210814179,2905.0,20.950000000000003,3.3333333333333255
1896,12.1,12.4,0.0942,134,0.0547945205479452,0.012430281606723118,2915.0,12.25,3.3333333333333255
4397,26.4,26.7,0.1063,255,0.2,0.026059112662328764,2955.0,26.549999999999997,3.3333333333333255
3769,9.0,9.3,0.0952,376,0.14246575342465753,0.036160208648832744,2985.0,9.15,3.3333333333333255
3762,17.8,18.1,0.0999,5757,0.14246575342465753,0.02436563215599572,2950.0,17.950000000000003,3.3333333333333255
3318,24.3,24.6,0.1052,170,0.10410958904109589,0.012430281606723118,2915.0,24.450000000000003,3.3333333333333255
2410,23.2,23.5,0.1061,9620,0.06575342465753424,0.007271198796695605,2900.0,23.35,3.3333333333333255
2834,8.7,9.0,0.0948,3738,0.08493150684931507,0.02436563215599572,2950.0,8.85,3.3333333333333255
3940,8.6,8.9,0.096,14516,0.16164383561643836,0.04117275047237696,3000.0,8.75,3.3333333333333255
3942,7.1,7.4,0.0954,1,0.16164383561643836,0.04450054056505159,3010.0,7.25,3.3333333333333255
2095,15.1,15.4,0.0976,3768,0.057534246575342465,0.010713542987668584,2910.0,15.25,3.3333333333333255
2829,16.3,16.6,0.1003,7128,0.08493150684931507,0.01585494248808719,2925.0,16.450000000000003,3.3333333333333255
2828,18.2,18.5,0.1015,1065,0.08493150684931507,0.014144078084457773,2920.0,18.35,3.3333333333333255
2827,20.3,20.6,0.1029,214,0.08493150684931507,0.012430281606723118,2915.0,20.450000000000003,3.3333333333333255
2826,22.5,22.8,0.1043,166,0.08493150684931507,0.010713542987668584,2910.0,22.65,3.3333333333333255
2824,27.3,27.6,0.1071,15717,0.08493150684931507,0.007271198796695605,2900.0,27.450000000000003,3.3333333333333255
3312,31.5,31.8,0.1091,948,0.10410958904109589,0.007271198796695605,2900.0,31.65,3.3333333333333255
3314,29.0,29.3,0.1078,189,0.10410958904109589,0.00899385210814179,2905.0,29.15,3.3333333333333255
2550,6.6,6.9,0.0909,37,0.07397260273972603,0.02436563215599572,2950.0,6.75,3.3333333333333255
4427,8.1,8.4,0.0979,441,0.2,0.051123081325545126,3030.0,8.25,3.3333333333333255
3763,16.2,16.5,0.0989,118,0.14246575342465753,0.026059112662328764,2955.0,16.35,3.3333333333333255
3328,14.7,15.0,0.0993,192,0.10410958904109589,0.02097004315485755,2940.0,14.85,3.3333333333333255
3330,13.2,13.5,0.0985,289,0.10410958904109589,0.022669278907817315,2945.0,13.35,3.3333333333333255
3334,10.5,10.8,0.0967,499,0.10410958904109589,0.026059112662328764,2955.0,10.65,3.3333333333333255
2225,23.5,23.8,0.105,83,0.06027397260273973,0.005545572829225849,2895.0,23.65,3.3333333333333255
3338,8.2,8.5,0.0949,198,0.10410958904109589,0.02943749425395619,2965.0,8.35,3.3333333333333255
3344,5.6,5.9,0.0932,2423,0.10410958904109589,0.03448376232158044,2980.0,5.75,3.3333333333333255
2226,21.0,21.3,0.1034,943,0.06027397260273973,0.007271198796695605,2900.0,21.15,3.3333333333333255
2228,16.5,16.8,0.1004,75,0.06027397260273973,0.010713542987668584,2910.0,16.65,3.3333333333333255
2230,12.6,12.9,0.0974,560,0.06027397260273973,0.014144078084457773,2920.0,12.75,3.3333333333333255
2233,8.0,8.3,0.0936,1526,0.06027397260273973,0.0192679150843271,2935.0,8.15,3.3333333333333255
3770,8.1,8.4,0.0947,2287,0.14246575342465753,0.03783384920686237,2990.0,8.25,3.3333333333333255
3767,11.0,11.3,0.0961,9961,0.14246575342465753,0.03280450080186045,2975.0,11.15,3.3333333333333255
4393,30.4,30.7,0.1083,154,0.2,0.022669278907817315,2945.0,30.549999999999997,3.3333333333333255
1895,14.0,14.3,0.0956,111,0.0547945205479452,0.010713542987668584,2910.0,14.15,3.3333333333333255
2094,17.3,17.6,0.0994,5149,0.057534246575342465,0.00899385210814179,2905.0,17.450000000000003,3.3333333333333255
1741,24.7,25.0,0.1066,484,0.04657534246575343,0.0020853617643302107,2885.0,24.85,3.3333333333333255
1546,7.1,7.4,0.0907,147,0.0410958904109589,0.014144078084457773,2920.0,7.25,3.3333333333333255
1407,5.1,5.4,0.0853,416,0.03561643835616438,0.014144078084457773,2920.0,5.25,3.3333333333333255
1190,5.1,5.4,0.0947,1060,0.024657534246575342,0.012430281606723118,2915.0,5.25,3.3333333333333255
1184,9.6,9.9,0.098,3504,0.024657534246575342,0.007271198796695605,2900.0,9.75,3.3333333333333255
1182,11.6,11.9,0.0995,2168,0.024657534246575342,0.005545572829225849,2895.0,11.75,3.3333333333333255
1178,16.3,16.6,0.1027,945,0.024657534246575342,0.0020853617643302107,2885.0,16.450000000000003,3.3333333333333255
636,10.2,10.5,0.0967,362,0.021917808219178082,0.005545572829225849,2895.0,10.35,3.3333333333333255
632,20.5,20.8,0.1041,471,0.021917808219178082,-0.0013868639464188668,2875.0,20.65,3.3333333333333255
1401,15.7,16.0,0.0927,406,0.03561643835616438,0.003816963928608097,2890.0,15.85,3.3333333333333255
322,5.1,5.4,0.1056,1038,0.00821917808219178,0.005545572829225849,2895.0,5.25,3.3333333333333255
320,9.0,9.3,0.1091,1093,0.00821917808219178,0.0020853617643302107,2885.0,9.15,3.3333333333333255
1174,22.0,22.3,0.1067,2562,0.024657534246575342,-0.0013868639464188668,2875.0,22.15,3.3333333333333255
1544,10.2,10.5,0.0933,1504,0.0410958904109589,0.010713542987668584,2910.0,10.35,3.3333333333333255
1541,16.3,16.6,0.0975,41,0.0410958904109589,0.005545572829225849,2895.0,16.450000000000003,3.3333333333333255
1543,12.0,12.3,0.0945,112,0.0410958904109589,0.00899385210814179,2905.0,12.15,3.3333333333333255
1539,21.4,21.7,0.1009,182,0.0410958904109589,0.0020853617643302107,2885.0,21.549999999999997,3.3333333333333255
1743,19.4,19.7,0.1031,319,0.04657534246575343,0.005545572829225849,2895.0,19.549999999999997,3.3333333333333255
1744,17.0,17.3,0.1013,9493,0.04657534246575343,0.007271198796695605,2900.0,17.15,3.3333333333333255
1739,30.7,31.0,0.1105,8292,0.04657534246575343,-0.0013868639464188668,2875.0,30.85,3.3333333333333255
1747,11.0,11.3,0.097,1535,0.04657534246575343,0.012430281606723118,2915.0,11.15,3.3333333333333255
3750,45.4,45.7,0.1141,317,0.14246575342465753,0.003816963928608097,2890.0,45.55,3.333333333333286
4371,58.3,58.6,0.1206,152,0.2,0.003816963928608097,2890.0,58.45,3.333333333333286
3298,52.3,52.6,0.1196,173,0.10410958904109589,-0.00487118802902981,2865.0,52.45,3.333333333333286
4373,55.4,55.7,0.1195,237,0.2,0.005545572829225849,2895.0,55.55,3.333333333333286
4381,44.4,44.7,0.1148,446,0.2,0.012430281606723118,2915.0,44.55,3.333333333333286
4383,41.8,42.1,0.1135,651,0.2,0.014144078084457773,2920.0,41.95,3.333333333333286
3306,39.8,40.1,0.1135,752,0.10410958904109589,0.0020853617643302107,2885.0,39.95,3.333333333333286
3308,36.9,37.2,0.1119,1562,0.10410958904109589,0.003816963928608097,2890.0,37.05,3.333333333333286
3286,73.6,73.9,0.1294,93,0.10410958904109589,-0.015397601016017283,2835.0,73.75,3.333333333333207
4365,67.6,67.9,0.1245,1176,0.2,-0.0013868639464188668,2875.0,67.75,3.333333333333207
4361,74.1,74.4,0.1271,379,0.2,-0.00487118802902981,2865.0,74.25,3.333333333333207
4321,149.3,149.7,0.1535,94,0.2,-0.04039890322143458,2765.0,149.5,2.500000000000142
3733,105.2,105.6,0.1391,57,0.14246575342465753,-0.026035999221073018,2805.0,105.4,2.5000000000000533
3282,81.2,81.6,0.1328,299,0.10410958904109589,-0.018931173597328366,2825.0,81.4,2.5000000000000533
2394,78.4,78.8,0.1375,182,0.06575342465753424,-0.020702653245710502,2820.0,78.6,2.5000000000000533
4341,109.7,110.1,0.1403,162,0.2,-0.022477276604078996,2815.0,109.9,2.5000000000000533
3274,97.2,97.6,0.1397,330,0.10410958904109589,-0.026035999221073018,2805.0,97.4,2.5000000000000533
4345,102.2,102.6,0.1376,957,0.2,-0.018931173597328366,2825.0,102.4,2.5000000000000533
2396,70.2,70.6,0.1331,240,0.06575342465753424,-0.017162826540586398,2830.0,70.4,2.5000000000000533
2211,72.2,72.6,0.1336,2,0.06027397260273973,-0.018931173597328366,2825.0,72.4,2.5000000000000533
4353,87.7,88.1,0.1323,181,0.2,-0.011876470617438477,2845.0,87.9,2.5000000000000533
4355,84.2,84.6,0.131,1087,0.2,-0.010120543915173473,2850.0,84.4,2.5000000000000533
2079,66.7,67.1,0.1292,1158,0.057534246575342465,-0.017162826540586398,2830.0,66.9,2.5000000000000533
4343,105.9,106.3,0.1389,239,0.2,-0.020702653245710502,2820.0,106.1,2.5000000000000533
4367,64.4,64.8,0.1233,287,0.2,0.0003507559521219104,2880.0,64.6,2.5000000000000533
2810,73.7,74.1,0.1314,111,0.08493150684931507,-0.017162826540586398,2830.0,73.9,2.5000000000000533
3539,86.2,86.6,0.1341,158,0.1232876712328767,-0.018931173597328366,2825.0,86.4,2.5000000000000533
3544,67.7,68.1,0.1262,7559,0.1232876712328767,-0.010120543915173473,2850.0,67.9,2.5000000000000533
3545,64.2,64.6,0.1246,75,0.1232876712328767,-0.008367695087759114,2855.0,64.4,2.5000000000000533
1879,65.4,65.8,0.1267,2,0.0547945205479452,-0.017162826540586398,2830.0,65.6,2.5000000000000533
2807,85.7,86.1,0.137,186,0.08493150684931507,-0.022477276604078996,2815.0,85.9,2.5000000000000533
3270,105.4,105.8,0.1429,162,0.10410958904109589,-0.02960743158867024,2795.0,105.6,2.5000000000000533
3752,39.7,40.1,0.1114,2965,0.14246575342465753,0.007271198796695605,2900.0,39.900000000000006,2.500000000000009
3932,17.8,18.2,0.1006,946,0.16164383561643836,0.027749730140236226,2960.0,18.0,2.500000000000009
3755,32.0,32.4,0.1076,336,0.14246575342465753,0.012430281606723118,2915.0,32.2,2.500000000000009
3756,29.6,30.0,0.1063,887,0.14246575342465753,0.014144078084457773,2920.0,29.8,2.500000000000009
2821,35.5,35.9,0.1119,111,0.08493150684931507,0.0020853617643302107,2885.0,35.7,2.500000000000009
2817,48.1,48.5,0.1186,131,0.08493150684931507,-0.00487118802902981,2865.0,48.3,2.500000000000009
2543,17.3,17.7,0.0991,25,0.07397260273972603,0.012430281606723118,2915.0,17.5,2.500000000000009
2547,10.3,10.7,0.0941,38,0.07397260273972603,0.0192679150843271,2935.0,10.5,2.500000000000009
2540,24.1,24.5,0.1033,882,0.07397260273972603,0.007271198796695605,2900.0,24.3,2.500000000000009
2819,41.6,42.0,0.1153,6493,0.08493150684931507,-0.0013868639464188668,2875.0,41.8,2.500000000000009
3938,10.3,10.7,0.0967,2,0.16164383561643836,0.03783384920686237,2990.0,10.5,2.500000000000009
3924,33.5,33.9,0.1087,11,0.16164383561643836,0.014144078084457773,2920.0,33.7,2.500000000000009
2534,41.7,42.1,0.1138,12,0.07397260273972603,-0.0031275084242029776,2870.0,41.900000000000006,2.500000000000009
1533,41.0,41.4,0.1134,68,0.0410958904109589,-0.008367695087759114,2855.0,41.2,2.500000000000009
317,17.6,18.0,0.1171,2415,0.00821917808219178,-0.0031275084242029776,2870.0,17.8,2.500000000000009
1394,37.9,38.3,0.107,93,0.03561643835616438,-0.008367695087759114,2855.0,38.099999999999994,2.500000000000009
1395,34.2,34.6,0.1047,101,0.03561643835616438,-0.006617913363971453,2860.0,34.400000000000006,2.500000000000009
1893,18.3,18.7,0.0987,214,0.0547945205479452,0.007271198796695605,2900.0,18.5,2.500000000000009
479,30.8,31.2,0.1066,106,0.01643835616438356,-0.008367695087759114,2855.0,31.0,2.500000000000009
1396,30.6,31.0,0.1023,285,0.03561643835616438,-0.00487118802902981,2865.0,30.8,2.500000000000009
3930,21.1,21.5,0.1024,1,0.16164383561643836,0.02436563215599572,2950.0,21.3,2.500000000000009
3745,61.0,61.4,0.1213,100,0.14246575342465753,-0.00487118802902981,2865.0,61.2,2.500000000000009
2825,24.8,25.2,0.1057,218,0.08493150684931507,0.00899385210814179,2905.0,25.0,2.500000000000009
2222,31.9,32.3,0.1103,71,0.06027397260273973,0.0003507559521219104,2880.0,32.099999999999994,2.500000000000009
3751,42.5,42.9,0.1128,150,0.14246575342465753,0.005545572829225849,2895.0,42.7,2.500000000000009
2816,51.5,51.9,0.1204,111,0.08493150684931507,-0.006617913363971453,2860.0,51.7,2.500000000000009
3928,24.8,25.2,0.1043,14515,0.16164383561643836,0.02097004315485755,2940.0,25.0,2.500000000000009
3748,51.4,51.8,0.117,288,0.14246575342465753,0.0003507559521219104,2880.0,51.599999999999994,2.500000000000009
2815,55.0,55.4,0.1222,58,0.08493150684931507,-0.008367695087759114,2855.0,55.2,2.500000000000009
2814,58.6,59.0,0.124,883,0.08493150684931507,-0.010120543915173473,2850.0,58.8,2.500000000000009
2219,41.7,42.1,0.1164,40,0.06027397260273973,-0.00487118802902981,2865.0,41.900000000000006,2.500000000000009
2221,35.0,35.4,0.1122,65,0.06027397260273973,-0.0013868639464188668,2875.0,35.2,2.500000000000009
2224,26.1,26.5,0.1067,121,0.06027397260273973,0.003816963928608097,2890.0,26.3,2.500000000000009
3746,57.7,58.1,0.1198,234,0.14246575342465753,-0.0031275084242029776,2870.0,57.900000000000006,2.500000000000009
2546,11.8,12.2,0.0952,338,0.07397260273972603,0.017562884833243288,2930.0,12.0,2.500000000000009
1176,19.0,19.4,0.1047,713,0.024657534246575342,0.0003507559521219104,2880.0,19.2,2.500000000000009
2822,32.6,33.0,0.1102,137,0.08493150684931507,0.003816963928608097,2890.0,32.8,2.500000000000009
2227,18.6,19.0,0.1018,114,0.06027397260273973,0.00899385210814179,2905.0,18.8,2.500000000000009
1170,28.6,29.0,0.1117,790,0.024657534246575342,-0.00487118802902981,2865.0,28.8,2.500000000000009
2820,38.5,38.9,0.1136,273,0.08493150684931507,0.0003507559521219104,2880.0,38.7,2.500000000000009
1162,43.9,44.3,0.1227,900,0.024657534246575342,-0.011876470617438477,2845.0,44.099999999999994,2.500000000000009
3747,54.5,54.9,0.1184,17479,0.14246575342465753,-0.0013868639464188668,2875.0,54.7,2.500000000000009
1168,32.2,32.6,0.1143,987,0.024657534246575342,-0.006617913363971453,2860.0,32.400000000000006,2.500000000000009
3922,38.5,38.9,0.1112,3,0.16164383561643836,0.010713542987668584,2910.0,38.7,2.500000000000009
1531,48.7,49.1,0.1182,55,0.0410958904109589,-0.011876470617438477,2845.0,48.900000000000006,2.500000000000009
630,27.1,27.5,0.1089,1418,0.021917808219178082,-0.00487118802902981,2865.0,27.3,2.500000000000009
2402,47.5,47.9,0.1208,1166,0.06575342465753424,-0.006617913363971453,2860.0,47.7,2.500000000000009
1731,60.0,60.4,0.1285,4731,0.04657534246575343,-0.015397601016017283,2835.0,60.2,2.500000000000009
3559,24.3,24.7,0.1051,8230,0.1232876712328767,0.01585494248808719,2925.0,24.5,2.500000000000009
2404,40.7,41.1,0.117,714,0.06575342465753424,-0.0031275084242029776,2870.0,40.900000000000006,2.500000000000009
2405,37.4,37.8,0.1149,398,0.06575342465753424,-0.0013868639464188668,2875.0,37.599999999999994,2.500000000000009
3556,31.1,31.5,0.1086,14685,0.1232876712328767,0.010713542987668584,2910.0,31.3,2.500000000000009
102,13.3,13.7,0.1246,728,0.0027397260273972603,-0.0031275084242029776,2870.0,13.5,2.500000000000009
101,17.0,17.4,0.1277,637,0.0027397260273972603,-0.00487118802902981,2865.0,17.2,2.500000000000009
3553,39.0,39.4,0.1127,11,0.1232876712328767,0.005545572829225849,2895.0,39.2,2.500000000000009
2407,31.3,31.7,0.1113,461,0.06575342465753424,0.0020853617643302107,2885.0,31.5,2.500000000000009
3549,50.9,51.3,0.1185,85,0.1232876712328767,-0.0013868639464188668,2875.0,51.099999999999994,2.500000000000009
633,17.5,17.9,0.102,663,0.021917808219178082,0.0003507559521219104,2880.0,17.7,2.500000000000009
3921,41.1,41.5,0.1124,28,0.16164383561643836,0.00899385210814179,2905.0,41.3,2.500000000000009
3566,12.3,12.7,0.0979,14735,0.1232876712328767,0.027749730140236226,2960.0,12.5,2.500000000000009
628,34.5,34.9,0.114,203,0.021917808219178082,-0.008367695087759114,2855.0,34.7,2.500000000000009
627,38.5,38.9,0.1172,1263,0.021917808219178082,-0.010120543915173473,2850.0,38.7,2.500000000000009
3548,54.1,54.5,0.12,15,0.1232876712328767,-0.0031275084242029776,2870.0,54.3,2.500000000000009
3547,57.4,57.8,0.1216,25,0.1232876712328767,-0.00487118802902981,2865.0,57.599999999999994,2.500000000000009
1882,53.4,53.8,0.12,30,0.0547945205479452,-0.011876470617438477,2845.0,53.599999999999994,2.500000000000009
1883,49.6,50.0,0.1179,68,0.0547945205479452,-0.010120543915173473,2850.0,49.8,2.500000000000009
1886,38.7,39.1,0.1113,77,0.0547945205479452,-0.00487118802902981,2865.0,38.900000000000006,2.500000000000009
1898,8.8,9.2,0.0917,31,0.0547945205479452,0.01585494248808719,2925.0,9.0,2.500000000000009
1888,32.1,32.5,0.1074,65,0.0547945205479452,-0.0013868639464188668,2875.0,32.3,2.500000000000009
1889,29.0,29.4,0.1055,33,0.0547945205479452,0.0003507559521219104,2880.0,29.2,2.500000000000009
1890,26.1,26.5,0.1038,31,0.0547945205479452,0.0020853617643302107,2885.0,26.3,2.500000000000009
1891,23.3,23.7,0.1019,126,0.0547945205479452,0.003816963928608097,2890.0,23.5,2.500000000000009
2401,51.1,51.5,0.1229,356,0.06575342465753424,-0.008367695087759114,2855.0,51.3,2.500000000000009
316,21.1,21.5,0.1201,737,0.00821917808219178,-0.00487118802902981,2865.0,21.3,2.500000000000009
1733,52.0,52.4,0.1236,486,0.04657534246575343,-0.011876470617438477,2845.0,52.2,2.500000000000009
2085,43.7,44.1,0.1162,2487,0.057534246575342465,-0.006617913363971453,2860.0,43.900000000000006,2.500000000000009
2398,62.4,62.8,0.1292,275,0.06575342465753424,-0.013635486022618026,2840.0,62.599999999999994,2.500000000000009
2083,51.0,51.4,0.1204,10378,0.057534246575342465,-0.010120543915173473,2850.0,51.2,2.500000000000009
2086,40.2,40.6,0.1141,689,0.057534246575342465,-0.00487118802902981,2865.0,40.400000000000006,2.500000000000009
2092,22.0,22.4,0.1025,1451,0.057534246575342465,0.005545572829225849,2895.0,22.2,2.500000000000009
2399,58.5,58.9,0.1269,248,0.06575342465753424,-0.011876470617438477,2845.0,58.7,2.500000000000009
1738,33.9,34.3,0.1126,340,0.04657534246575343,-0.0031275084242029776,2870.0,34.099999999999994,2.500000000000009
1732,56.0,56.4,0.1262,726,0.04657534246575343,-0.013635486022618026,2840.0,56.2,2.500000000000009
2081,58.7,59.1,0.1248,195,0.057534246575342465,-0.013635486022618026,2840.0,58.900000000000006,2.500000000000009
2080,62.7,63.1,0.1271,275,0.057534246575342465,-0.015397601016017283,2835.0,62.900000000000006,2.500000000000009
483,16.5,16.9,0.096,642,0.01643835616438356,-0.0013868639464188668,2875.0,16.7,2.500000000000009
3296,55.6,56.0,0.1212,2456,0.10410958904109589,-0.006617913363971453,2860.0,55.8,2.500000000000009
3300,49.0,49.4,0.1181,738,0.10410958904109589,-0.0031275084242029776,2870.0,49.2,2.500000000000009
1402,13.3,13.7,0.0911,148,0.03561643835616438,0.005545572829225849,2895.0,13.5,2.500000000000009
3304,42.7,43.1,0.1149,1277,0.10410958904109589,0.0003507559521219104,2880.0,42.900000000000006,2.500000000000009
1734,48.2,48.6,0.1215,7716,0.04657534246575343,-0.010120543915173473,2850.0,48.400000000000006,2.500000000000009
3310,34.1,34.5,0.1105,1020,0.10410958904109589,0.005545572829225849,2895.0,34.3,2.500000000000009
1398,24.0,24.4,0.0981,2065,0.03561643835616438,-0.0013868639464188668,2875.0,24.2,2.500000000000009
1399,21.0,21.4,0.0962,612,0.03561643835616438,0.0003507559521219104,2880.0,21.2,2.500000000000009
2549,7.7,8.1,0.0921,45,0.07397260273972603,0.022669278907817315,2945.0,7.9,2.5000000000000036
2551,5.6,6.0,0.0902,1433,0.07397260273972603,0.026059112662328764,2955.0,5.8,2.499999999999998
3766,12.1,12.5,0.0968,613,0.14246575342465753,0.031122414618875646,2970.0,12.3,2.499999999999998
319,11.5,11.9,0.1117,3139,0.00821917808219178,0.0003507559521219104,2880.0,11.7,2.499999999999998
2229,14.4,14.8,0.0988,150,0.06027397260273973,0.012430281606723118,2915.0,14.600000000000001,2.499999999999998
485,11.0,11.4,0.092,418,0.01643835616438356,0.0020853617643302107,2885.0,11.2,2.499999999999998
3570,7.9,8.3,0.0951,348,0.1232876712328767,0.03448376232158044,2980.0,8.100000000000001,2.499999999999998
318,14.4,14.8,0.1144,16311,0.00821917808219178,-0.0013868639464188668,2875.0,14.600000000000001,2.499999999999998
2548,8.9,9.3,0.0929,31,0.07397260273972603,0.02097004315485755,2940.0,9.100000000000001,2.499999999999998
103,10.0,10.4,0.1214,626,0.0027397260273972603,-0.0013868639464188668,2875.0,10.2,2.499999999999998
2545,13.5,13.9,0.0965,187,0.07397260273972603,0.01585494248808719,2925.0,13.7,2.499999999999998
484,13.6,14.0,0.0939,236,0.01643835616438356,0.0003507559521219104,2880.0,13.8,2.499999999999998
3564,15.1,15.5,0.0995,1176,0.1232876712328767,0.02436563215599572,2950.0,15.3,2.499999999999998
3565,13.6,14.0,0.0985,113,0.1232876712328767,0.026059112662328764,2955.0,13.8,2.499999999999998
3567,11.0,11.4,0.0969,1932,0.1232876712328767,0.02943749425395619,2965.0,11.2,2.499999999999998
3568,9.9,10.3,0.0964,691,0.1232876712328767,0.031122414618875646,2970.0,10.100000000000001,2.499999999999998
1542,14.0,14.4,0.096,172,0.0410958904109589,0.007271198796695605,2900.0,14.2,2.499999999999998
2409,25.7,26.1,0.1077,303,0.06575342465753424,0.005545572829225849,2895.0,25.9,2.4999999999999867
315,24.9,25.3,0.1237,2662,0.00821917808219178,-0.006617913363971453,2860.0,25.1,2.4999999999999867
2539,26.7,27.1,0.105,30,0.07397260273972603,0.005545572829225849,2895.0,26.9,2.4999999999999867
1400,18.2,18.6,0.0943,358,0.03561643835616438,0.0020853617643302107,2885.0,18.4,2.4999999999999867
2541,21.7,22.1,0.1019,16,0.07397260273972603,0.00899385210814179,2905.0,21.9,2.4999999999999867
2542,19.4,19.8,0.1004,24,0.07397260273972603,0.010713542987668584,2910.0,19.6,2.4999999999999867
3931,19.4,19.8,0.1015,240,0.16164383561643836,0.026059112662328764,2955.0,19.6,2.4999999999999867
2408,28.4,28.8,0.1094,653,0.06575342465753424,0.003816963928608097,2890.0,28.6,2.4999999999999867
3925,31.2,31.6,0.1076,101,0.16164383561643836,0.01585494248808719,2925.0,31.4,2.4999999999999867
3929,22.9,23.3,0.1033,10,0.16164383561643836,0.022669278907817315,2945.0,23.1,2.4999999999999867
1397,27.2,27.6,0.1001,405,0.03561643835616438,-0.0031275084242029776,2870.0,27.4,2.4999999999999867
1892,20.7,21.1,0.1002,15,0.0547945205479452,0.005545572829225849,2895.0,20.9,2.4999999999999867
1536,30.4,30.8,0.1066,57,0.0410958904109589,-0.0031275084242029776,2870.0,30.6,2.4999999999999867
1172,25.2,25.6,0.1092,1079,0.024657534246575342,-0.0031275084242029776,2870.0,25.4,2.4999999999999867
480,26.9,27.3,0.1037,223,0.01643835616438356,-0.006617913363971453,2860.0,27.1,2.4999999999999867
1537,27.2,27.6,0.1046,1462,0.0410958904109589,-0.0013868639464188668,2875.0,27.4,2.4999999999999867
2089,30.4,30.8,0.1079,775,0.057534246575342465,0.0003507559521219104,2880.0,30.6,2.4999999999999867
481,23.2,23.6,0.1011,137,0.01643835616438356,-0.00487118802902981,2865.0,23.4,2.4999999999999867
482,19.7,20.1,0.0983,480,0.01643835616438356,-0.0031275084242029776,2870.0,19.9,2.4999999999999867
3563,16.7,17.1,0.1005,56,0.1232876712328767,0.022669278907817315,2945.0,16.9,2.4999999999999867
3562,18.4,18.8,0.1015,133,0.1232876712328767,0.02097004315485755,2940.0,18.6,2.4999999999999867
3560,22.2,22.6,0.1038,20,0.1232876712328767,0.017562884833243288,2930.0,22.4,2.4999999999999867
3558,26.4,26.8,0.1061,72,0.1232876712328767,0.014144078084457773,2920.0,26.6,2.4999999999999867
3557,28.7,29.1,0.1073,39,0.1232876712328767,0.012430281606723118,2915.0,28.9,2.4999999999999867
2823,29.9,30.3,0.1087,250,0.08493150684931507,0.005545572829225849,2895.0,30.1,2.4999999999999867
631,23.7,24.1,0.1066,180,0.021917808219178082,-0.0031275084242029776,2870.0,23.9,2.4999999999999867
2223,28.9,29.3,0.1084,112,0.06027397260273973,0.0020853617643302107,2885.0,29.1,2.4999999999999867
629,30.7,31.1,0.1113,113,0.021917808219178082,-0.006617913363971453,2860.0,30.9,2.4999999999999867
3758,25.2,25.6,0.104,1555,0.14246575342465753,0.017562884833243288,2930.0,25.4,2.4999999999999867
1540,18.7,19.1,0.0992,180,0.0410958904109589,0.003816963928608097,2890.0,18.9,2.4999999999999867
1538,24.2,24.6,0.1028,108,0.0410958904109589,0.0003507559521219104,2880.0,24.4,2.4999999999999867
1742,21.9,22.3,0.1047,10109,0.04657534246575343,0.003816963928608097,2890.0,22.1,2.4999999999999867
3554,36.3,36.7,0.1114,943,0.1232876712328767,0.007271198796695605,2900.0,36.5,2.4999999999999645
3278,89.1,89.5,0.1362,241,0.10410958904109589,-0.022477276604078996,2815.0,89.3,2.4999999999999645
3552,41.8,42.2,0.1141,76,0.1232876712328767,0.003816963928608097,2890.0,42.0,2.4999999999999645
3550,47.8,48.2,0.1171,57,0.1232876712328767,0.0003507559521219104,2880.0,48.0,2.4999999999999645
3302,45.8,46.2,0.1165,650,0.10410958904109589,-0.0013868639464188668,2875.0,46.0,2.4999999999999645
3288,69.8,70.2,0.1277,400,0.10410958904109589,-0.013635486022618026,2840.0,70.0,2.4999999999999645
3280,85.1,85.5,0.1344,2167,0.10410958904109589,-0.020702653245710502,2820.0,85.3,2.4999999999999645
3729,121.5,121.9,0.1452,841,0.14246575342465753,-0.03319166481648533,2785.0,121.7,2.4999999999999645
3276,93.1,93.5,0.1379,1020,0.10410958904109589,-0.02425505485007828,2810.0,93.3,2.4999999999999645
3272,101.3,101.7,0.1413,903,0.10410958904109589,-0.027820121014574394,2800.0,101.5,2.4999999999999645
2806,89.8,90.2,0.1388,663,0.08493150684931507,-0.02425505485007828,2810.0,90.0,2.4999999999999645
2813,62.3,62.7,0.1259,22,0.08493150684931507,-0.011876470617438477,2845.0,62.5,2.4999999999999645
2818,44.8,45.2,0.1169,6600,0.08493150684931507,-0.0031275084242029776,2870.0,45.0,2.4999999999999645
3749,48.3,48.7,0.1155,105,0.14246575342465753,0.0020853617643302107,2885.0,48.5,2.4999999999999645
1164,39.8,40.2,0.1194,1643,0.024657534246575342,-0.010120543915173473,2850.0,40.0,2.4999999999999645
3743,67.8,68.2,0.1242,62,0.14246575342465753,-0.008367695087759114,2855.0,68.0,2.4999999999999645
3742,71.3,71.7,0.1257,8154,0.14246575342465753,-0.010120543915173473,2850.0,71.5,2.4999999999999645
3741,74.8,75.2,0.1271,539,0.14246575342465753,-0.011876470617438477,2845.0,75.0,2.4999999999999645
3739,82.1,82.5,0.1301,122,0.14246575342465753,-0.015397601016017283,2835.0,82.3,2.4999999999999645
3737,89.6,90.0,0.1331,3187,0.14246575342465753,-0.018931173597328366,2825.0,89.8,2.4999999999999645
2537,32.3,32.7,0.1083,50,0.07397260273972603,0.0020853617643302107,2885.0,32.5,2.4999999999999645
2536,35.3,35.7,0.1101,15,0.07397260273972603,0.0003507559521219104,2880.0,35.5,2.4999999999999645
3735,97.3,97.7,0.136,74,0.14246575342465753,-0.022477276604078996,2815.0,97.5,2.4999999999999645
1391,49.8,50.2,0.1143,91,0.03561643835616438,-0.013635486022618026,2840.0,50.0,2.4999999999999645
3731,113.3,113.7,0.1422,46,0.14246575342465753,-0.02960743158867024,2795.0,113.5,2.4999999999999645
3744,64.3,64.7,0.1226,378,0.14246575342465753,-0.006617913363971453,2860.0,64.5,2.4999999999999645
1393,41.8,42.2,0.1096,645,0.03561643835616438,-0.010120543915173473,2850.0,42.0,2.4999999999999645
4369,61.3,61.7,0.122,231,0.2,0.0020853617643302107,2885.0,61.5,2.4999999999999645
2084,47.3,47.7,0.1183,348,0.057534246575342465,-0.008367695087759114,2855.0,47.5,2.4999999999999645
2400,54.8,55.2,0.125,3863,0.06575342465753424,-0.010120543915173473,2850.0,55.0,2.4999999999999645
2397,66.3,66.7,0.1313,326,0.06575342465753424,-0.015397601016017283,2835.0,66.5,2.4999999999999645
2395,74.3,74.7,0.1354,757,0.06575342465753424,-0.018931173597328366,2825.0,74.5,2.4999999999999645
2393,82.5,82.9,0.1394,111,0.06575342465753424,-0.022477276604078996,2815.0,82.7,2.4999999999999645
4339,113.5,113.9,0.1416,395,0.2,-0.02425505485007828,2810.0,113.7,2.4999999999999645
2220,38.3,38.7,0.1143,9,0.06027397260273973,-0.0031275084242029776,2870.0,38.5,2.4999999999999645
4331,129.1,129.5,0.1469,193,0.2,-0.03139794236245844,2790.0,129.3,2.4999999999999645
4329,133.1,133.5,0.1483,20,0.2,-0.03319166481648533,2785.0,133.3,2.4999999999999645
4319,153.5,153.9,0.155,667,0.2,-0.04220885846667405,2760.0,153.7,2.4999999999999645
4327,137.1,137.5,0.1496,201,0.2,-0.03498861049318696,2780.0,137.3,2.4999999999999645
2078,70.8,71.2,0.1314,11553,0.057534246575342465,-0.018931173597328366,2825.0,71.0,2.4999999999999645
1887,35.3,35.7,0.1092,39,0.0547945205479452,-0.0031275084242029776,2870.0,35.5,2.4999999999999645
4323,145.2,145.6,0.1522,51,0.2,-0.038592217996485594,2770.0,145.39999999999998,2.4999999999999645
4325,141.2,141.6,0.151,633,0.2,-0.0367887909973348,2775.0,141.39999999999998,2.4999999999999645
2082,54.8,55.2,0.1226,562,0.057534246575342465,-0.011876470617438477,2845.0,55.0,2.4999999999999645
2406,34.3,34.7,0.1131,857,0.06575342465753424,0.0003507559521219104,2880.0,34.5,2.4999999999999645
4347,98.5,98.9,0.1363,282,0.2,-0.017162826540586398,2830.0,98.7,2.4999999999999645
4385,39.3,39.7,0.1124,528,0.2,0.01585494248808719,2925.0,39.5,2.4999999999999645
1737,37.3,37.7,0.1148,3144,0.04657534246575343,-0.00487118802902981,2865.0,37.5,2.4999999999999645
4317,157.6,158.0,0.1561,103,0.2,-0.04402209559085485,2755.0,157.8,2.4999999999999645
1532,44.8,45.2,0.1158,101,0.0410958904109589,-0.010120543915173473,2850.0,45.0,2.4999999999999645
1534,37.3,37.7,0.1109,33,0.0410958904109589,-0.006617913363971453,2860.0,37.5,2.4999999999999645
1736,40.8,41.2,0.117,6703,0.04657534246575343,-0.006617913363971453,2860.0,41.0,2.4999999999999645
1730,64.1,64.5,0.1309,503,0.04657534246575343,-0.017162826540586398,2830.0,64.3,2.4999999999999645
1535,33.8,34.2,0.1088,82,0.0410958904109589,-0.00487118802902981,2865.0,34.0,2.4999999999999645
2212,68.1,68.5,0.1314,1,0.06027397260273973,-0.017162826540586398,2830.0,68.3,2.4999999999999645
2213,64.1,64.5,0.1293,1,0.06027397260273973,-0.015397601016017283,2835.0,64.3,2.4999999999999645
2087,36.8,37.2,0.112,1829,0.057534246575342465,-0.0031275084242029776,2870.0,37.0,2.4999999999999645
3555,33.6,34.1,0.11,245,0.1232876712328767,0.00899385210814179,2905.0,33.85,2.0
3898,121.0,121.5,0.1446,2,0.16164383561643836,-0.03139794236245844,2790.0,121.25,2.0
3901,109.0,109.5,0.1403,1,0.16164383561643836,-0.026035999221073018,2805.0,109.25,2.0
3902,105.1,105.6,0.1389,1,0.16164383561643836,-0.02425505485007828,2810.0,105.35,2.0
1878,69.5,70.0,0.129,5,0.0547945205479452,-0.018931173597328366,2825.0,69.75,2.0
3551,44.7,45.2,0.1156,8,0.1232876712328767,0.0020853617643302107,2885.0,44.95,2.0
2811,69.8,70.3,0.1296,267,0.08493150684931507,-0.015397601016017283,2835.0,70.05,2.0
2805,93.9,94.4,0.1407,107,0.08493150684931507,-0.026035999221073018,2805.0,94.15,2.0
2808,81.6,82.1,0.1351,216,0.08493150684931507,-0.020702653245710502,2820.0,81.85,2.0
3736,93.4,93.9,0.1346,1626,0.14246575342465753,-0.020702653245710502,2820.0,93.65,2.0
3732,109.2,109.7,0.1407,3042,0.14246575342465753,-0.027820121014574394,2800.0,109.45,2.0
3738,85.8,86.3,0.1316,338,0.14246575342465753,-0.017162826540586398,2830.0,86.05,2.0
3740,78.4,78.9,0.1287,378,0.14246575342465753,-0.013635486022618026,2840.0,78.65,2.0
3730,117.3,117.8,0.1436,586,0.14246575342465753,-0.03139794236245844,2790.0,117.55,2.0
3728,125.6,126.1,0.1467,206,0.14246575342465753,-0.03498861049318696,2780.0,125.85,2.0
2210,76.3,76.8,0.1359,8,0.06027397260273973,-0.020702653245710502,2820.0,76.55,2.0
2214,60.1,60.6,0.1271,21,0.06027397260273973,-0.013635486022618026,2840.0,60.35,2.0
2215,56.2,56.7,0.1248,1,0.06027397260273973,-0.011876470617438477,2845.0,56.45,2.0
2216,52.4,52.9,0.1226,7,0.06027397260273973,-0.010120543915173473,2850.0,52.65,2.0
2217,48.7,49.2,0.1205,7,0.06027397260273973,-0.008367695087759114,2855.0,48.95,2.0
2218,45.1,45.6,0.1184,39,0.06027397260273973,-0.006617913363971453,2860.0,45.35,2.0
2812,66.0,66.5,0.1278,281,0.08493150684931507,-0.013635486022618026,2840.0,66.25,2.0
1880,61.3,61.8,0.1246,13,0.0547945205479452,-0.015397601016017283,2835.0,61.55,2.0
2809,77.6,78.1,0.1333,1004,0.08493150684931507,-0.018931173597328366,2825.0,77.85,2.0
3910,75.4,75.9,0.1274,10,0.16164383561643836,-0.010120543915173473,2850.0,75.65,2.0
3734,101.2,101.7,0.1376,247,0.14246575342465753,-0.02425505485007828,2810.0,101.45,2.0
1881,57.3,57.8,0.1223,26,0.0547945205479452,-0.013635486022618026,2840.0,57.55,2.0
3537,93.9,94.4,0.1372,29,0.1232876712328767,-0.022477276604078996,2815.0,94.15,2.0
3543,71.2,71.7,0.1277,55,0.1232876712328767,-0.011876470617438477,2845.0,71.45,2.0
3911,71.9,72.4,0.1259,1,0.16164383561643836,-0.008367695087759114,2855.0,72.15,2.0
3912,68.5,69.0,0.1246,200,0.16164383561643836,-0.006617913363971453,2860.0,68.75,2.0
3914,61.8,62.3,0.1216,76,0.16164383561643836,-0.0031275084242029776,2870.0,62.05,2.0
3542,74.9,75.4,0.1294,7,0.1232876712328767,-0.013635486022618026,2840.0,75.15,2.0
3541,78.6,79.1,0.131,22,0.1232876712328767,-0.015397601016017283,2835.0,78.85,2.0
3540,82.3,82.8,0.1324,11,0.1232876712328767,-0.017162826540586398,2830.0,82.55,2.0
3538,90.0,90.5,0.1356,50,0.1232876712328767,-0.020702653245710502,2820.0,90.25,2.0
3915,58.6,59.1,0.1202,100,0.16164383561643836,-0.0013868639464188668,2875.0,58.85,2.0
3916,55.5,56.0,0.1189,72,0.16164383561643836,0.0003507559521219104,2880.0,55.75,2.0
3917,52.5,53.0,0.1177,24,0.16164383561643836,0.0020853617643302107,2885.0,52.75,2.0
2530,55.7,56.2,0.1214,10,0.07397260273972603,-0.010120543915173473,2850.0,55.95,2.0
3918,49.5,50.0,0.1163,7,0.16164383561643836,0.003816963928608097,2890.0,49.75,2.0
3536,97.9,98.4,0.1389,20,0.1232876712328767,-0.02425505485007828,2810.0,98.15,2.0
3535,101.9,102.4,0.1404,57,0.1232876712328767,-0.026035999221073018,2805.0,102.15,2.0
3919,46.6,47.1,0.115,5,0.16164383561643836,0.005545572829225849,2895.0,46.85,2.0
3920,43.8,44.3,0.1137,11,0.16164383561643836,0.007271198796695605,2900.0,44.05,2.0
1530,52.6,53.1,0.1203,60,0.0410958904109589,-0.013635486022618026,2840.0,52.85,2.0
1529,56.7,57.2,0.1228,9,0.0410958904109589,-0.015397601016017283,2835.0,56.95,2.0
3534,105.9,106.4,0.1419,45,0.1232876712328767,-0.027820121014574394,2800.0,106.15,2.0
3533,110.0,110.5,0.1435,48,0.1232876712328767,-0.02960743158867024,2795.0,110.25,2.0
3532,114.1,114.6,0.145,25,0.1232876712328767,-0.03139794236245844,2790.0,114.35,2.0
2528,63.2,63.7,0.1252,2,0.07397260273972603,-0.013635486022618026,2840.0,63.45,2.0
1392,45.7,46.2,0.1119,591,0.03561643835616438,-0.011876470617438477,2845.0,45.95,2.0
2533,45.0,45.5,0.1156,12,0.07397260273972603,-0.00487118802902981,2865.0,45.25,2.0
2535,38.4,38.9,0.1119,12,0.07397260273972603,-0.0013868639464188668,2875.0,38.65,2.0
2538,29.4,29.9,0.1067,66,0.07397260273972603,0.003816963928608097,2890.0,29.65,2.0
1884,45.8,46.3,0.1156,49,0.0547945205479452,-0.008367695087759114,2855.0,46.05,2.0
1885,42.2,42.7,0.1136,894,0.0547945205479452,-0.006617913363971453,2860.0,42.45,2.0
3546,60.7,61.2,0.1231,29,0.1232876712328767,-0.006617913363971453,2860.0,60.95,2.0
3900,112.9,113.5,0.1417,2,0.16164383561643836,-0.027820121014574394,2800.0,113.2,1.6666666666666825
2076,78.9,80.1,0.1363,5212,0.057534246575342465,-0.022477276604078996,2815.0,79.5,0.8333333333333413
1156,56.2,57.4,0.1315,466,0.024657534246575342,-0.017162826540586398,2830.0,56.8,0.8333333333333363
100,20.6,21.8,0.1302,587,0.0027397260273972603,-0.006617913363971453,2860.0,21.200000000000003,0.8333333333333338
478,34.4,35.6,0.1089,627,0.01643835616438356,-0.010120543915173473,2850.0,35.0,0.8333333333333314
2804,97.8,99.0,0.1428,153,0.08493150684931507,-0.027820121014574394,2800.0,98.4,0.8333333333333314
4315,161.3,162.6,0.1574,843,0.2,-0.045838626517252706,2750.0,161.95,0.7692307692307794
4301,191.3,192.6,0.1668,30,0.2,-0.058647584809833946,2715.0,191.95,0.7692307692307794
4295,204.3,205.6,0.1704,221,0.2,-0.06418776518544925,2700.0,204.95,0.7692307692307794
1729,67.8,69.1,0.1331,668,0.04657534246575343,-0.018931173597328366,2825.0,68.44999999999999,0.7692307692307709
1160,47.6,48.9,0.1256,2072,0.024657534246575342,-0.013635486022618026,2840.0,48.25,0.7692307692307709
1728,72.0,73.3,0.1353,943,0.04657534246575343,-0.020702653245710502,2820.0,72.65,0.7692307692307709
2803,102.0,103.3,0.1447,28,0.08493150684931507,-0.02960743158867024,2795.0,102.65,0.7692307692307709
1150,69.5,70.8,0.1403,594,0.024657534246575342,-0.022477276604078996,2815.0,70.15,0.7692307692307709
2392,86.3,87.6,0.1417,109,0.06575342465753424,-0.02425505485007828,2810.0,86.94999999999999,0.7692307692307709
2390,94.8,96.1,0.1456,503,0.06575342465753424,-0.027820121014574394,2800.0,95.44999999999999,0.7692307692307709
2388,103.5,104.8,0.1498,25,0.06575342465753424,-0.03139794236245844,2790.0,104.15,0.7692307692307709
1390,53.5,54.8,0.1166,891,0.03561643835616438,-0.015397601016017283,2835.0,54.15,0.7692307692307709
626,42.1,43.4,0.1198,419,0.021917808219178082,-0.011876470617438477,2845.0,42.75,0.7692307692307709
313,32.6,33.9,0.1306,4565,0.00821917808219178,-0.010120543915173473,2850.0,33.25,0.7692307692307709
2074,87.3,88.6,0.1401,217,0.057534246575342465,-0.026035999221073018,2805.0,87.94999999999999,0.7692307692307709
2075,83.0,84.3,0.138,318,0.057534246575342465,-0.02425505485007828,2810.0,83.65,0.7692307692307709
314,28.4,29.7,0.1267,512,0.00821917808219178,-0.008367695087759114,2855.0,29.049999999999997,0.7692307692307688
625,46.4,47.7,0.1236,947,0.021917808219178082,-0.013635486022618026,2840.0,47.05,0.7692307692307667
1158,51.8,53.1,0.1283,731,0.024657534246575342,-0.015397601016017283,2835.0,52.45,0.7692307692307667
3726,133.6,134.9,0.1497,54,0.14246575342465753,-0.038592217996485594,2770.0,134.25,0.7692307692307625
4311,169.7,171.0,0.1599,45,0.2,-0.04948161779575385,2740.0,170.35,0.7692307692307625
2389,99.1,100.4,0.1476,116,0.06575342465753424,-0.02960743158867024,2795.0,99.75,0.7692307692307625
4305,182.6,183.9,0.1641,227,0.2,-0.054971110080525236,2725.0,183.25,0.7692307692307625
2209,79.9,81.3,0.1374,11,0.06027397260273973,-0.022477276604078996,2815.0,80.6,0.7142857142857186
1522,86.7,88.1,0.1401,28,0.0410958904109589,-0.027820121014574394,2800.0,87.4,0.7142857142857186
1521,91.2,92.6,0.1423,20,0.0410958904109589,-0.02960743158867024,2795.0,91.9,0.7142857142857186
2802,106.2,107.6,0.1465,443,0.08493150684931507,-0.03139794236245844,2790.0,106.9,0.7142857142857186
1872,94.9,96.3,0.1419,1,0.0547945205479452,-0.02960743158867024,2795.0,95.6,0.7142857142857186
1388,62.0,63.4,0.1215,225,0.03561643835616438,-0.018931173597328366,2825.0,62.7,0.714285714285715
624,50.6,52.0,0.1262,73,0.021917808219178082,-0.015397601016017283,2835.0,51.3,0.714285714285715
477,38.5,39.9,0.1117,84,0.01643835616438356,-0.011876470617438477,2845.0,39.2,0.714285714285715
1389,57.7,59.1,0.1191,23,0.03561643835616438,-0.017162826540586398,2830.0,58.400000000000006,0.714285714285715
623,54.9,56.3,0.1286,103,0.021917808219178082,-0.017162826540586398,2830.0,55.599999999999994,0.714285714285715
98,29.3,30.7,0.1366,2304,0.0027397260273972603,-0.010120543915173473,2850.0,30.0,0.714285714285715
311,41.2,42.6,0.1361,1496,0.00821917808219178,-0.013635486022618026,2840.0,41.900000000000006,0.714285714285715
1528,60.4,61.8,0.1252,37,0.0410958904109589,-0.017162826540586398,2830.0,61.099999999999994,0.714285714285715
99,24.8,26.2,0.1334,289,0.0027397260273972603,-0.008367695087759114,2855.0,25.5,0.714285714285715
4313,165.5,166.9,0.1588,54,0.2,-0.04765846323423877,2745.0,166.2,0.7142857142857114
4307,178.2,179.6,0.1626,9,0.2,-0.0531379289988643,2730.0,178.89999999999998,0.7142857142857114
4309,173.9,175.3,0.1612,57,0.2,-0.05130810232178815,2735.0,174.60000000000002,0.7142857142857114
3724,142.0,143.4,0.1525,181,0.14246575342465753,-0.04220885846667405,2760.0,142.7,0.7142857142857114
4291,213.1,214.5,0.1731,46,0.2,-0.06789834458198497,2690.0,213.8,0.7142857142857114
1527,64.6,66.0,0.1275,951,0.0410958904109589,-0.018931173597328366,2825.0,65.3,0.7142857142857114
2071,100.5,101.9,0.1469,1589,0.057534246575342465,-0.03139794236245844,2790.0,101.2,0.7142857142857114
2077,74.5,75.9,0.1337,3309,0.057534246575342465,-0.020702653245710502,2820.0,75.2,0.7142857142857114
1386,70.8,72.2,0.1262,157,0.03561643835616438,-0.022477276604078996,2815.0,71.5,0.7142857142857114
2795,137.0,138.4,0.1594,34,0.08493150684931507,-0.04402209559085485,2755.0,137.7,0.7142857142857114
2391,90.5,91.9,0.1438,146,0.06575342465753424,-0.026035999221073018,2805.0,91.2,0.7142857142857114
2073,91.6,93.0,0.1422,3818,0.057534246575342465,-0.027820121014574394,2800.0,92.3,0.7142857142857114
2383,125.8,127.2,0.1601,79,0.06575342465753424,-0.04039890322143458,2765.0,126.5,0.7142857142857114
2072,96.0,97.4,0.1444,281,0.057534246575342465,-0.02960743158867024,2795.0,96.7,0.7142857142857114
2797,128.1,129.5,0.1559,24,0.08493150684931507,-0.04039890322143458,2765.0,128.8,0.7142857142857114
2381,135.0,136.4,0.1647,84,0.06575342465753424,-0.04402209559085485,2755.0,135.7,0.7142857142857114
2386,112.3,113.7,0.1539,151,0.06575342465753424,-0.03498861049318696,2780.0,113.0,0.7142857142857114
1723,93.8,95.3,0.1471,63,0.04657534246575343,-0.02960743158867024,2795.0,94.55,0.6666666666666666
1724,89.3,90.8,0.1445,464,0.04657534246575343,-0.027820121014574394,2800.0,90.05,0.6666666666666666
2070,104.9,106.4,0.1489,89,0.057534246575342465,-0.03319166481648533,2785.0,105.65,0.6666666666666666
2069,109.4,110.9,0.151,480,0.057534246575342465,-0.03498861049318696,2780.0,110.15,0.6666666666666666
622,59.3,60.8,0.1316,145,0.021917808219178082,-0.018931173597328366,2825.0,60.05,0.6666666666666666
621,63.8,65.3,0.1344,61,0.021917808219178082,-0.020702653245710502,2820.0,64.55,0.6666666666666666
1727,76.2,77.7,0.1378,391,0.04657534246575343,-0.022477276604078996,2815.0,76.95,0.6666666666666666
619,73.1,74.6,0.1417,173,0.021917808219178082,-0.02425505485007828,2810.0,73.85,0.6666666666666666
1725,84.9,86.4,0.1424,112,0.04657534246575343,-0.026035999221073018,2805.0,85.65,0.6666666666666666
3727,129.2,130.7,0.148,1376,0.14246575342465753,-0.0367887909973348,2775.0,129.95,0.6666666666666666
97,33.9,35.4,0.1399,158,0.0027397260273972603,-0.011876470617438477,2845.0,34.65,0.6666666666666666
3725,137.7,139.2,0.1511,61,0.14246575342465753,-0.04039890322143458,2765.0,138.45,0.6666666666666666
1722,98.3,99.8,0.1493,273,0.04657534246575343,-0.03139794236245844,2790.0,99.05,0.6666666666666666
3268,109.1,110.6,0.1448,934,0.10410958904109589,-0.03139794236245844,2790.0,109.85,0.6666666666666666
3262,121.9,123.4,0.15,452,0.10410958904109589,-0.0367887909973348,2775.0,122.65,0.6666666666666666
3720,159.3,160.8,0.1585,33,0.14246575342465753,-0.04948161779575385,2740.0,160.05,0.6666666666666666
3719,163.7,165.2,0.16,62,0.14246575342465753,-0.05130810232178815,2735.0,164.45,0.6666666666666666
3254,139.4,140.9,0.1569,78,0.10410958904109589,-0.04402209559085485,2755.0,140.15,0.6666666666666666
2067,118.5,120.0,0.1554,106,0.057534246575342465,-0.038592217996485594,2770.0,119.25,0.6666666666666666
4297,199.8,201.3,0.1691,29,0.2,-0.062337625897287814,2705.0,200.55,0.6666666666666666
2385,116.7,118.2,0.1559,94,0.06575342465753424,-0.0367887909973348,2775.0,117.45,0.6666666666666666
4281,235.3,236.8,0.1793,7,0.2,-0.07723548057792484,2665.0,236.05,0.6666666666666666
2387,107.8,109.3,0.1518,32,0.06575342465753424,-0.03319166481648533,2785.0,108.55,0.6666666666666666
4277,244.3,245.8,0.1818,4,0.2,-0.08099488350183051,2655.0,245.05,0.6666666666666666
2380,139.5,141.0,0.1664,111,0.06575342465753424,-0.045838626517252706,2750.0,140.25,0.6666666666666666
1387,66.3,67.8,0.1237,55,0.03561643835616438,-0.020702653245710502,2820.0,67.05,0.6666666666666666
4275,248.8,250.3,0.1829,130,0.2,-0.0828798981976018,2650.0,249.55,0.6666666666666666
1384,79.8,81.3,0.1313,68,0.03561643835616438,-0.026035999221073018,2805.0,80.55,0.6666666666666666
2207,88.4,89.9,0.1418,6,0.06027397260273973,-0.026035999221073018,2805.0,89.15,0.6666666666666666
2208,84.1,85.6,0.1396,5,0.06027397260273973,-0.02425505485007828,2810.0,84.85,0.6666666666666666
2382,130.3,131.8,0.1622,99,0.06575342465753424,-0.04220885846667405,2760.0,131.05,0.6666666666666666
2384,121.2,122.7,0.1579,50,0.06575342465753424,-0.038592217996485594,2770.0,121.95,0.6666666666666666
2801,110.4,111.9,0.1481,6565,0.08493150684931507,-0.03319166481648533,2785.0,111.15,0.6666666666666666
2800,114.8,116.3,0.1502,21,0.08493150684931507,-0.03498861049318696,2780.0,115.55,0.6666666666666666
2799,119.1,120.6,0.1517,42,0.08493150684931507,-0.0367887909973348,2775.0,119.85,0.6666666666666666
2798,123.5,125.0,0.1536,38,0.08493150684931507,-0.038592217996485594,2770.0,124.25,0.6666666666666666
2796,132.5,134.0,0.1577,13,0.08493150684931507,-0.04220885846667405,2760.0,133.25,0.6666666666666666
2794,141.5,143.0,0.1614,25,0.08493150684931507,-0.045838626517252706,2750.0,142.25,0.6666666666666666
2793,146.0,147.5,0.1631,60,0.08493150684931507,-0.04765846323423877,2745.0,146.75,0.6666666666666666
2792,150.6,152.1,0.1651,71,0.08493150684931507,-0.04948161779575385,2740.0,151.35,0.6666666666666666
476,42.8,44.3,0.1148,190,0.01643835616438356,-0.013635486022618026,2840.0,43.55,0.6666666666666666
2790,159.8,161.3,0.1689,47,0.08493150684931507,-0.0531379289988643,2730.0,160.55,0.6666666666666666
2789,164.4,165.9,0.1707,27,0.08493150684931507,-0.054971110080525236,2725.0,165.15,0.6666666666666666
4279,239.8,241.3,0.1805,35,0.2,-0.07911341540212498,2660.0,240.55,0.6666666666666666
475,47.2,48.7,0.1175,55,0.01643835616438356,-0.015397601016017283,2835.0,47.95,0.6666666666666666
1146,78.5,80.0,0.1455,307,0.024657534246575342,-0.026035999221073018,2805.0,79.25,0.6666666666666666
1148,73.9,75.4,0.1427,1521,0.024657534246575342,-0.02425505485007828,2810.0,74.65,0.6666666666666666
4299,195.4,196.9,0.1677,10,0.2,-0.06049090330412315,2710.0,196.15,0.6666666666666666
1526,68.9,70.4,0.1302,82,0.0410958904109589,-0.020702653245710502,2820.0,69.65,0.6666666666666666
4303,186.7,188.2,0.1651,21,0.2,-0.05680765788782678,2720.0,187.45,0.6666666666666666
1520,95.8,97.3,0.1453,4,0.0410958904109589,-0.03139794236245844,2790.0,96.55,0.6666666666666666
1154,60.4,61.9,0.1341,1578,0.024657534246575342,-0.018931173597328366,2825.0,61.15,0.6666666666666666
1152,64.8,66.3,0.1366,764,0.024657534246575342,-0.020702653245710502,2820.0,65.55,0.6666666666666666
312,36.8,38.3,0.1339,370,0.00821917808219178,-0.011876470617438477,2845.0,37.55,0.6666666666666666
2374,167.5,169.0,0.1787,1,0.06575342465753424,-0.05680765788782678,2720.0,168.25,0.6666666666666666
2377,153.4,154.9,0.1724,79,0.06575342465753424,-0.05130810232178815,2735.0,154.15,0.6666666666666666
309,50.4,51.9,0.145,1535,0.00821917808219178,-0.017162826540586398,2830.0,51.15,0.6666666666666666
474,51.7,53.2,0.1203,953,0.01643835616438356,-0.017162826540586398,2830.0,52.45,0.6666666666666666
4283,230.8,232.3,0.178,18,0.2,-0.07536106578357445,2670.0,231.55,0.6666666666666666
1525,73.2,74.7,0.1323,10,0.0410958904109589,-0.022477276604078996,2815.0,73.95,0.6666666666666666
1382,89.0,90.6,0.1366,82,0.03561643835616438,-0.02960743158867024,2795.0,89.8,0.6250000000000022
3893,141.0,142.6,0.1516,361,0.16164383561643836,-0.04039890322143458,2765.0,141.8,0.6250000000000022
2363,220.0,221.6,0.2006,1,0.06575342465753424,-0.07723548057792484,2665.0,220.8,0.6250000000000022
2062,141.6,143.2,0.1659,91,0.057534246575342465,-0.04765846323423877,2745.0,142.39999999999998,0.6250000000000022
1719,111.9,113.5,0.1559,26,0.04657534246575343,-0.0367887909973348,2775.0,112.7,0.6250000000000022
468,79.9,81.5,0.1379,499,0.01643835616438356,-0.027820121014574394,2800.0,80.7,0.6250000000000022
2379,144.0,145.6,0.168,26,0.06575342465753424,-0.04765846323423877,2745.0,144.8,0.6250000000000022
2371,181.6,183.2,0.1843,1,0.06575342465753424,-0.062337625897287814,2705.0,182.39999999999998,0.6250000000000022
473,56.2,57.8,0.1227,403,0.01643835616438356,-0.018931173597328366,2825.0,57.0,0.6250000000000022
2785,183.0,184.6,0.1782,470,0.08493150684931507,-0.062337625897287814,2705.0,183.8,0.6250000000000022
2066,123.0,124.6,0.1572,93,0.057534246575342465,-0.04039890322143458,2765.0,123.8,0.6250000000000022
2064,132.3,133.9,0.1619,50,0.057534246575342465,-0.04402209559085485,2755.0,133.10000000000002,0.6250000000000022
615,91.9,93.5,0.1542,50,0.021917808219178082,-0.03139794236245844,2790.0,92.7,0.6250000000000022
2783,192.4,194.0,0.1818,1,0.08493150684931507,-0.06604133383477213,2695.0,193.2,0.6250000000000022
1720,107.4,109.0,0.1543,91,0.04657534246575343,-0.03498861049318696,2780.0,108.2,0.6250000000000022
1510,142.9,144.5,0.1697,1,0.0410958904109589,-0.04948161779575385,2740.0,143.7,0.6250000000000022
4289,217.3,218.9,0.174,27,0.2,-0.06975881023490467,2685.0,218.10000000000002,0.6250000000000022
3722,150.5,152.1,0.1554,3349,0.14246575342465753,-0.045838626517252706,2750.0,151.3,0.6250000000000022
3721,154.9,156.5,0.1571,3,0.14246575342465753,-0.04765846323423877,2745.0,155.7,0.6250000000000022
3718,168.1,169.7,0.1616,45,0.14246575342465753,-0.0531379289988643,2730.0,168.89999999999998,0.6250000000000022
1514,123.7,125.3,0.159,3,0.0410958904109589,-0.04220885846667405,2760.0,124.5,0.6250000000000022
1513,128.5,130.1,0.1619,24,0.0410958904109589,-0.04402209559085485,2755.0,129.3,0.6250000000000022
4293,208.5,210.1,0.1716,29,0.2,-0.06604133383477213,2695.0,209.3,0.6250000000000022
1376,117.4,119.0,0.1525,1,0.03561643835616438,-0.04039890322143458,2765.0,118.2,0.6250000000000022
1726,80.5,82.1,0.1402,203,0.04657534246575343,-0.02425505485007828,2810.0,81.3,0.6250000000000022
3256,135.0,136.6,0.1554,77,0.10410958904109589,-0.04220885846667405,2760.0,135.8,0.6250000000000022
1385,75.2,76.8,0.1288,102,0.03561643835616438,-0.02425505485007828,2810.0,76.0,0.6250000000000022
4273,253.3,254.9,0.1842,5,0.2,-0.08476847288546992,2645.0,254.10000000000002,0.6250000000000022
3258,130.5,132.1,0.1533,109,0.10410958904109589,-0.04039890322143458,2765.0,131.3,0.6250000000000022
3264,117.5,119.1,0.1481,921,0.10410958904109589,-0.03498861049318696,2780.0,118.3,0.6250000000000022
3252,143.8,145.4,0.1586,179,0.10410958904109589,-0.045838626517252706,2750.0,144.60000000000002,0.6250000000000022
472,61.0,62.6,0.1279,106,0.01643835616438356,-0.020702653245710502,2820.0,61.8,0.6249999999999994
310,45.6,47.2,0.1389,792,0.00821917808219178,-0.015397601016017283,2835.0,46.400000000000006,0.6249999999999994
95,43.4,45.0,0.1433,97,0.0027397260273972603,-0.015397601016017283,2835.0,44.2,0.6249999999999994
2521,91.3,92.9,0.1398,10,0.07397260273972603,-0.026035999221073018,2805.0,92.1,0.6249999999999967
3529,126.1,127.7,0.1496,7,0.1232876712328767,-0.0367887909973348,2775.0,126.9,0.6249999999999967
620,68.3,69.9,0.1372,95,0.021917808219178082,-0.022477276604078996,2815.0,69.1,0.6249999999999967
1524,77.6,79.2,0.135,13,0.0410958904109589,-0.02425505485007828,2810.0,78.4,0.6249999999999967
3531,117.6,119.2,0.1462,29,0.1232876712328767,-0.03319166481648533,2785.0,118.4,0.6249999999999967
1381,93.6,95.2,0.1386,141,0.03561643835616438,-0.03139794236245844,2790.0,94.4,0.6249999999999967
1871,99.3,100.9,0.1443,2,0.0547945205479452,-0.03139794236245844,2790.0,100.1,0.6249999999999967
3530,121.8,123.4,0.1478,13,0.1232876712328767,-0.03498861049318696,2780.0,122.6,0.6249999999999967
1718,116.6,118.2,0.1587,20,0.04657534246575343,-0.038592217996485594,2770.0,117.4,0.6249999999999967
1132,111.6,113.2,0.1663,869,0.024657534246575342,-0.038592217996485594,2770.0,112.4,0.6249999999999967
3266,113.3,114.9,0.1466,237,0.10410958904109589,-0.03319166481648533,2785.0,114.1,0.6249999999999967
2206,92.8,94.4,0.1445,5,0.06027397260273973,-0.027820121014574394,2800.0,93.6,0.6249999999999967
3260,126.1,127.7,0.1514,298,0.10410958904109589,-0.038592217996485594,2770.0,126.9,0.6249999999999967
1108,170.2,171.8,0.2003,93,0.024657534246575342,-0.06049090330412315,2710.0,171.0,0.6249999999999911
3892,145.2,146.8,0.1529,1,0.16164383561643836,-0.04220885846667405,2760.0,146.0,0.6249999999999911
2364,215.2,216.8,0.1989,1,0.06575342465753424,-0.07536106578357445,2670.0,216.0,0.6249999999999911
3723,146.2,147.8,0.154,13,0.14246575342465753,-0.04402209559085485,2755.0,147.0,0.6249999999999911
2375,162.7,164.3,0.1763,359,0.06575342465753424,-0.054971110080525236,2725.0,163.5,0.6249999999999911
2787,173.7,175.3,0.1748,1,0.08493150684931507,-0.058647584809833946,2715.0,174.5,0.6249999999999911
2784,187.7,189.3,0.18,10,0.08493150684931507,-0.06418776518544925,2700.0,188.5,0.6249999999999911
3704,231.8,233.5,0.1827,240,0.14246575342465753,-0.07911341540212498,2660.0,232.65,0.588235294117651
3715,181.4,183.1,0.166,677,0.14246575342465753,-0.058647584809833946,2715.0,182.25,0.588235294117651
3707,217.9,219.6,0.1782,1040,0.14246575342465753,-0.07349015784776276,2675.0,218.75,0.588235294117651
3714,185.9,187.6,0.1675,131,0.14246575342465753,-0.06049090330412315,2710.0,186.75,0.588235294117651
3717,172.5,174.2,0.1631,1872,0.14246575342465753,-0.054971110080525236,2725.0,173.35,0.588235294117651
4271,257.7,259.4,0.1851,4,0.2,-0.08666062103750792,2640.0,258.54999999999995,0.588235294117651
71,163.0,164.7,0.0,5,0.0027397260273972603,-0.058647584809833946,2715.0,163.85,0.588235294117651
4269,262.3,264.0,0.1865,5,0.2,-0.08855635620240704,2635.0,263.15,0.588235294117651
4267,267.0,268.7,0.1882,1,0.2,-0.09045569200605948,2630.0,267.85,0.588235294117651
81,112.9,114.6,0.0,13,0.0027397260273972603,-0.04039890322143458,2765.0,113.75,0.588235294117651
4261,280.8,282.5,0.192,2,0.2,-0.0961754406788465,2615.0,281.65,0.588235294117651
302,83.9,85.6,0.1677,434,0.00821917808219178,-0.02960743158867024,2795.0,84.75,0.588235294117651
291,138.4,140.1,0.1841,133,0.00821917808219178,-0.04948161779575385,2740.0,139.25,0.588235294117651
290,143.4,145.1,0.1907,219,0.00821917808219178,-0.05130810232178815,2735.0,144.25,0.588235294117651
289,148.4,150.1,0.1971,459,0.00821917808219178,-0.0531379289988643,2730.0,149.25,0.588235294117651
276,213.3,215.0,0.0,15,0.00821917808219178,-0.07723548057792484,2665.0,214.15,0.588235294117651
86,87.9,89.6,0.0,78,0.0027397260273972603,-0.03139794236245844,2790.0,88.75,0.588235294117651
83,102.9,104.6,0.0,16,0.0027397260273972603,-0.0367887909973348,2775.0,103.75,0.588235294117651
4265,271.6,273.3,0.1895,16,0.2,-0.09235864215214558,2625.0,272.45000000000005,0.588235294117651
3240,170.8,172.5,0.1686,675,0.10410958904109589,-0.05680765788782678,2720.0,171.65,0.588235294117651
3528,130.3,132.0,0.1512,56,0.1232876712328767,-0.038592217996485594,2770.0,131.15,0.588235294117651
2360,234.5,236.2,0.2069,15,0.06575342465753424,-0.0828798981976018,2650.0,235.35,0.588235294117651
1104,180.0,181.7,0.2049,598,0.024657534246575342,-0.06418776518544925,2700.0,180.85,0.588235294117651
1122,135.8,137.5,0.1807,99,0.024657534246575342,-0.04765846323423877,2745.0,136.65,0.588235294117651
1136,101.9,103.6,0.1595,1311,0.024657534246575342,-0.03498861049318696,2780.0,102.75,0.588235294117651
2791,155.0,156.7,0.1665,35,0.08493150684931507,-0.05130810232178815,2735.0,155.85,0.588235294117651
2788,168.9,170.6,0.1723,14,0.08493150684931507,-0.05680765788782678,2720.0,169.75,0.588235294117651
2781,201.8,203.5,0.1855,9,0.08493150684931507,-0.06975881023490467,2685.0,202.65,0.588235294117651
2770,254.5,256.2,0.2057,10,0.08493150684931507,-0.09045569200605948,2630.0,255.35,0.588235294117651
1368,156.0,157.7,0.1706,1,0.03561643835616438,-0.054971110080525236,2725.0,156.85,0.588235294117651
1371,141.4,143.1,0.1637,2,0.03561643835616438,-0.04948161779575385,2740.0,142.25,0.588235294117651
2520,95.4,97.1,0.1413,10,0.07397260273972603,-0.027820121014574394,2800.0,96.25,0.588235294117651
1511,138.0,139.7,0.1667,1,0.0410958904109589,-0.04765846323423877,2745.0,138.85,0.588235294117651
2376,158.0,159.7,0.1746,83,0.06575342465753424,-0.0531379289988643,2730.0,158.85,0.588235294117651
2204,101.4,103.1,0.1481,2,0.06027397260273973,-0.03139794236245844,2790.0,102.25,0.588235294117651
1096,199.8,201.5,0.2159,582,0.024657534246575342,-0.07162274367296735,2680.0,200.65,0.588235294117651
2201,114.9,116.6,0.1548,5,0.06027397260273973,-0.0367887909973348,2775.0,115.75,0.588235294117651
62,207.9,209.6,0.0,17,0.0027397260273972603,-0.07536106578357445,2670.0,208.75,0.588235294117651
2068,113.9,115.6,0.1536,7930,0.057534246575342465,-0.0367887909973348,2775.0,114.75,0.588235294117651
2063,136.9,138.6,0.164,2247,0.057534246575342465,-0.045838626517252706,2750.0,137.75,0.588235294117651
2061,146.3,148.0,0.1684,1571,0.057534246575342465,-0.04948161779575385,2740.0,147.15,0.588235294117651
2060,151.0,152.7,0.1705,5108,0.057534246575342465,-0.05130810232178815,2735.0,151.85,0.588235294117651
2058,160.4,162.1,0.1741,442,0.057534246575342465,-0.054971110080525236,2725.0,161.25,0.588235294117651
2051,194.0,195.7,0.1893,62,0.057534246575342465,-0.06789834458198497,2690.0,194.85,0.588235294117651
2048,208.5,210.2,0.1953,705,0.057534246575342465,-0.07349015784776276,2675.0,209.35,0.588235294117651
2047,213.4,215.1,0.1979,902,0.057534246575342465,-0.07536106578357445,2670.0,214.25,0.588235294117651
1857,164.5,166.2,0.1743,32,0.0547945205479452,-0.05680765788782678,2720.0,165.35,0.588235294117651
1863,136.0,137.7,0.1612,2,0.0547945205479452,-0.045838626517252706,2750.0,136.85,0.588235294117651
1100,189.9,191.6,0.2108,516,0.024657534246575342,-0.06789834458198497,2690.0,190.75,0.588235294117651
61,212.9,214.6,0.0,2,0.0027397260273972603,-0.07723548057792484,2665.0,213.75,0.588235294117651
3526,138.9,140.6,0.1543,12,0.1232876712328767,-0.04220885846667405,2760.0,139.75,0.588235294117651
1078,244.5,246.2,0.2399,35,0.024657534246575342,-0.08855635620240704,2635.0,245.35,0.588235294117651
613,101.4,103.1,0.1598,62,0.021917808219178082,-0.03498861049318696,2780.0,102.25,0.588235294117651
1076,249.5,251.2,0.2447,48,0.024657534246575342,-0.09045569200605948,2630.0,250.35,0.588235294117651
1515,119.0,120.7,0.1574,1,0.0410958904109589,-0.04039890322143458,2765.0,119.85,0.5882352941176461
1375,122.2,123.9,0.1557,1,0.03561643835616438,-0.04220885846667405,2760.0,123.05000000000001,0.5882352941176461
616,87.0,88.7,0.1498,51,0.021917808219178082,-0.02960743158867024,2795.0,87.85,0.5882352941176461
617,82.3,84.0,0.1472,43,0.021917808219178082,-0.027820121014574394,2800.0,83.15,0.5882352941176461
1383,84.3,86.0,0.1339,202,0.03561643835616438,-0.027820121014574394,2800.0,85.15,0.5882352941176461
1378,107.8,109.5,0.1473,3,0.03561643835616438,-0.0367887909973348,2775.0,108.65,0.5882352941176461
1377,112.6,114.3,0.1503,3,0.03561643835616438,-0.038592217996485594,2770.0,113.44999999999999,0.5882352941176461
460,119.0,120.7,0.1617,7,0.01643835616438356,-0.04220885846667405,2760.0,119.85,0.5882352941176461
618,77.6,79.3,0.1441,73,0.021917808219178082,-0.026035999221073018,2805.0,78.44999999999999,0.5882352941176461
1517,109.6,111.3,0.1526,7,0.0410958904109589,-0.0367887909973348,2775.0,110.44999999999999,0.5882352941176461
471,65.5,67.2,0.1286,68,0.01643835616438356,-0.022477276604078996,2815.0,66.35,0.5882352941176461
1144,83.1,84.8,0.1491,2112,0.024657534246575342,-0.027820121014574394,2800.0,83.94999999999999,0.5882352941176461
1142,87.8,89.5,0.1523,323,0.024657534246575342,-0.02960743158867024,2795.0,88.65,0.5882352941176461
1140,92.5,94.2,0.1551,700,0.024657534246575342,-0.03139794236245844,2790.0,93.35,0.5882352941176461
1516,114.3,116.0,0.1551,2,0.0410958904109589,-0.038592217996485594,2770.0,115.15,0.5882352941176461
1523,82.0,83.7,0.1374,14,0.0410958904109589,-0.026035999221073018,2805.0,82.85,0.5882352941176461
1134,106.7,108.4,0.1626,1445,0.024657534246575342,-0.0367887909973348,2775.0,107.55000000000001,0.5882352941176461
1721,102.8,104.5,0.1521,82,0.04657534246575343,-0.03319166481648533,2785.0,103.65,0.5882352941176461
614,96.5,98.2,0.1552,30,0.021917808219178082,-0.03319166481648533,2785.0,97.35,0.5882352941176461
90,68.0,69.7,0.0,420,0.0027397260273972603,-0.02425505485007828,2810.0,68.85,0.5882352941176461
294,123.5,125.2,0.1928,109,0.00821917808219178,-0.04402209559085485,2755.0,124.35,0.5882352941176461
295,118.5,120.2,0.1856,393,0.00821917808219178,-0.04220885846667405,2760.0,119.35,0.5882352941176461
1717,121.3,123.0,0.1618,84,0.04657534246575343,-0.04039890322143458,2765.0,122.15,0.5882352941176461
299,98.7,100.4,0.1788,468,0.00821917808219178,-0.03498861049318696,2780.0,99.55000000000001,0.5882352941176461
2056,170.1,171.8,0.1799,8,0.057534246575342465,-0.058647584809833946,2715.0,170.95,0.5882352941176412
2057,165.2,166.9,0.1766,129,0.057534246575342465,-0.05680765788782678,2720.0,166.05,0.5882352941176412
2778,216.1,217.8,0.1913,4,0.08493150684931507,-0.07536106578357445,2670.0,216.95,0.5882352941176412
2059,155.7,157.4,0.1724,161,0.057534246575342465,-0.0531379289988643,2730.0,156.55,0.5882352941176412
2378,148.7,150.4,0.1708,55,0.06575342465753424,-0.04948161779575385,2740.0,149.55,0.5882352941176412
1120,140.7,142.4,0.184,2957,0.024657534246575342,-0.04948161779575385,2740.0,141.55,0.5882352941176412
3527,134.6,136.3,0.1528,13,0.1232876712328767,-0.04039890322143458,2765.0,135.45,0.5882352941176412
1713,140.1,141.8,0.1711,4,0.04657534246575343,-0.04765846323423877,2745.0,140.95,0.5882352941176412
1709,159.1,160.8,0.1794,426,0.04657534246575343,-0.054971110080525236,2725.0,159.95,0.5882352941176412
1706,173.6,175.3,0.1869,24,0.04657534246575343,-0.06049090330412315,2710.0,174.45,0.5882352941176412
4287,221.7,223.4,0.1753,4,0.2,-0.07162274367296735,2680.0,222.55,0.5882352941176412
4285,226.2,227.9,0.1766,210,0.2,-0.07349015784776276,2675.0,227.05,0.5882352941176412
2373,172.1,173.8,0.1805,3,0.06575342465753424,-0.058647584809833946,2715.0,172.95,0.5882352941176412
1372,136.6,138.3,0.1621,15,0.03561643835616438,-0.04765846323423877,2745.0,137.45,0.5882352941176412
3890,153.6,155.3,0.1556,1,0.16164383561643836,-0.045838626517252706,2750.0,154.45,0.5882352941176412
3248,152.7,154.4,0.162,160,0.10410958904109589,-0.04948161779575385,2740.0,153.55,0.5882352941176412
1118,145.6,147.3,0.187,152,0.024657534246575342,-0.05130810232178815,2735.0,146.45,0.5882352941176412
1688,261.6,263.4,0.2272,1,0.04657534246575343,-0.09426522042272713,2620.0,262.5,0.5555555555555696
2366,205.4,207.2,0.1942,7,0.06575342465753424,-0.07162274367296735,2680.0,206.3,0.5555555555555608
1862,140.8,142.6,0.1645,2,0.0547945205479452,-0.04765846323423877,2745.0,141.7,0.5555555555555608
273,228.3,230.1,0.0,720,0.00821917808219178,-0.0828798981976018,2650.0,229.2,0.5555555555555608
1710,154.3,156.1,0.1776,5,0.04657534246575343,-0.0531379289988643,2730.0,155.2,0.5555555555555608
1708,163.9,165.7,0.1822,1,0.04657534246575343,-0.05680765788782678,2720.0,164.8,0.5555555555555608
283,178.3,180.1,0.0,30,0.00821917808219178,-0.06418776518544925,2700.0,179.2,0.5555555555555608
607,130.4,132.2,0.1751,5,0.021917808219178082,-0.045838626517252706,2750.0,131.3,0.5555555555555608
3706,222.4,224.2,0.1793,91,0.14246575342465753,-0.07536106578357445,2670.0,223.3,0.5555555555555608
3238,175.3,177.1,0.1701,99,0.10410958904109589,-0.058647584809833946,2715.0,176.2,0.5555555555555608
1842,237.3,239.1,0.2067,13,0.0547945205479452,-0.08476847288546992,2645.0,238.2,0.5555555555555608
1847,212.8,214.6,0.1954,16,0.0547945205479452,-0.07536106578357445,2670.0,213.7,0.5555555555555608
1861,145.4,147.2,0.1657,2,0.0547945205479452,-0.04948161779575385,2740.0,146.3,0.5555555555555608
1714,135.3,137.1,0.1686,396,0.04657534246575343,-0.045838626517252706,2750.0,136.2,0.5555555555555608
3713,190.3,192.1,0.1687,1,0.14246575342465753,-0.062337625897287814,2705.0,191.2,0.5555555555555608
3236,179.9,181.7,0.1718,71,0.10410958904109589,-0.06049090330412315,2710.0,180.8,0.5555555555555608
3716,176.8,178.6,0.1642,259,0.14246575342465753,-0.05680765788782678,2720.0,177.7,0.5555555555555608
3712,194.9,196.7,0.1705,3964,0.14246575342465753,-0.06418776518544925,2700.0,195.8,0.5555555555555608
2370,186.3,188.1,0.1866,27,0.06575342465753424,-0.06418776518544925,2700.0,187.2,0.5555555555555608
2516,112.8,114.6,0.1491,2,0.07397260273972603,-0.03498861049318696,2780.0,113.69999999999999,0.5555555555555565
611,110.9,112.7,0.1636,2,0.021917808219178082,-0.038592217996485594,2770.0,111.80000000000001,0.5555555555555565
1716,125.9,127.7,0.164,21,0.04657534246575343,-0.04220885846667405,2760.0,126.80000000000001,0.5555555555555565
464,99.2,101.0,0.1477,5,0.01643835616438356,-0.03498861049318696,2780.0,100.1,0.5555555555555565
610,115.8,117.6,0.1675,2,0.021917808219178082,-0.04039890322143458,2765.0,116.69999999999999,0.5555555555555565
1138,97.2,99.0,0.1582,332,0.024657534246575342,-0.03319166481648533,2785.0,98.1,0.5555555555555565
307,59.7,61.5,0.1529,1224,0.00821917808219178,-0.020702653245710502,2820.0,60.6,0.5555555555555565
2199,123.9,125.7,0.1587,10,0.06027397260273973,-0.04039890322143458,2765.0,124.80000000000001,0.5555555555555565
1128,121.2,123.0,0.1728,646,0.024657534246575342,-0.04220885846667405,2760.0,122.1,0.5555555555555565
306,64.5,66.3,0.1571,1158,0.00821917808219178,-0.022477276604078996,2815.0,65.4,0.5555555555555565
1519,100.2,102.0,0.1473,1,0.0410958904109589,-0.03319166481648533,2785.0,101.1,0.5555555555555565
96,38.5,40.3,0.1428,505,0.0027397260273972603,-0.013635486022618026,2840.0,39.4,0.5555555555555565
305,69.2,71.0,0.1567,3801,0.00821917808219178,-0.02425505485007828,2810.0,70.1,0.5555555555555565
470,70.3,72.1,0.1336,17,0.01643835616438356,-0.02425505485007828,2810.0,71.19999999999999,0.5555555555555565
1379,103.0,104.8,0.1446,9,0.03561643835616438,-0.03498861049318696,2780.0,103.9,0.5555555555555565
2200,119.3,121.1,0.1564,5,0.06027397260273973,-0.038592217996485594,2770.0,120.19999999999999,0.5555555555555565
303,78.9,80.7,0.1619,3351,0.00821917808219178,-0.027820121014574394,2800.0,79.80000000000001,0.5555555555555565
1380,98.3,100.1,0.1422,11,0.03561643835616438,-0.03319166481648533,2785.0,99.19999999999999,0.5555555555555565
308,54.9,56.7,0.1478,3938,0.00821917808219178,-0.018931173597328366,2825.0,55.8,0.5555555555555542
454,148.7,150.5,0.1795,10,0.01643835616438356,-0.0531379289988643,2730.0,149.6,0.555555555555552
1715,130.6,132.4,0.1664,84,0.04657534246575343,-0.04402209559085485,2755.0,131.5,0.555555555555552
2065,127.6,129.4,0.16,644,0.057534246575342465,-0.04220885846667405,2760.0,128.5,0.555555555555552
1373,131.6,133.4,0.158,6,0.03561643835616438,-0.045838626517252706,2750.0,132.5,0.555555555555552
1711,149.5,151.3,0.175,25,0.04657534246575343,-0.05130810232178815,2735.0,150.4,0.555555555555552
1704,183.2,185.0,0.191,33,0.04657534246575343,-0.06418776518544925,2700.0,184.1,0.555555555555552
3694,278.7,280.5,0.1972,132,0.14246575342465753,-0.09808931686113065,2610.0,279.6,0.555555555555552
3244,161.6,163.4,0.1651,213,0.10410958904109589,-0.0531379289988643,2730.0,162.5,0.555555555555552
2198,128.5,130.3,0.1609,10,0.06027397260273973,-0.04220885846667405,2760.0,129.4,0.555555555555552
3246,157.1,158.9,0.1635,131,0.10410958904109589,-0.05130810232178815,2735.0,158.0,0.555555555555552
2054,179.5,181.3,0.1829,50,0.057534246575342465,-0.062337625897287814,2705.0,180.4,0.555555555555552
3250,148.1,149.9,0.1601,180,0.10410958904109589,-0.04765846323423877,2745.0,149.0,0.555555555555552
1116,150.5,152.3,0.1911,1554,0.024657534246575342,-0.0531379289988643,2730.0,151.4,0.555555555555552
2358,244.1,245.9,0.21,536,0.06575342465753424,-0.08666062103750792,2640.0,245.0,0.555555555555552
2055,174.7,176.5,0.1808,97,0.057534246575342465,-0.06049090330412315,2710.0,175.6,0.555555555555552
3710,204.0,205.8,0.1734,114,0.14246575342465753,-0.06789834458198497,2690.0,204.9,0.555555555555552
2365,210.2,212.0,0.1961,3,0.06575342465753424,-0.07349015784776276,2675.0,211.1,0.555555555555552
1858,159.7,161.5,0.1725,32,0.0547945205479452,-0.054971110080525236,2725.0,160.6,0.555555555555552
267,258.3,260.1,0.2824,2,0.00821917808219178,-0.09426522042272713,2620.0,259.20000000000005,0.555555555555552
1855,174.2,176.0,0.1803,7,0.0547945205479452,-0.06049090330412315,2710.0,175.1,0.555555555555552
3524,147.6,149.4,0.1575,152,0.1232876712328767,-0.045838626517252706,2750.0,148.5,0.555555555555552
2786,178.2,180.0,0.1762,26,0.08493150684931507,-0.06049090330412315,2710.0,179.1,0.555555555555552
2045,223.0,224.8,0.2009,55,0.057534246575342465,-0.07911341540212498,2660.0,223.9,0.555555555555552
3228,198.5,200.3,0.1788,32,0.10410958904109589,-0.06789834458198497,2690.0,199.4,0.555555555555552
3234,184.6,186.4,0.1739,12,0.10410958904109589,-0.062337625897287814,2705.0,185.5,0.555555555555552
2050,198.7,200.5,0.1904,3,0.057534246575342465,-0.06975881023490467,2685.0,199.6,0.555555555555552
3702,241.0,242.8,0.1853,948,0.14246575342465753,-0.0828798981976018,2650.0,241.9,0.555555555555552
3224,207.8,209.7,0.1821,7,0.10410958904109589,-0.07162274367296735,2680.0,208.75,0.5263157894736905
3214,231.3,233.2,0.1898,7,0.10410958904109589,-0.08099488350183051,2655.0,232.25,0.5263157894736905
3700,250.3,252.2,0.1882,96,0.14246575342465753,-0.08666062103750792,2640.0,251.25,0.5263157894736905
3202,260.0,261.9,0.2002,22,0.10410958904109589,-0.09235864215214558,2625.0,260.95,0.5263157894736905
3200,264.8,266.7,0.2019,28,0.10410958904109589,-0.09426522042272713,2620.0,265.75,0.5263157894736905
3230,193.8,195.7,0.1772,87,0.10410958904109589,-0.06604133383477213,2695.0,194.75,0.5263157894736905
3198,269.6,271.5,0.2035,120,0.10410958904109589,-0.0961754406788465,2615.0,270.55,0.5263157894736905
69,172.8,174.7,0.0,10,0.0027397260273972603,-0.062337625897287814,2705.0,173.75,0.5263157894736905
1124,130.8,132.7,0.1773,1395,0.024657534246575342,-0.045838626517252706,2750.0,131.75,0.5263157894736905
2039,252.3,254.2,0.2134,7,0.057534246575342465,-0.09045569200605948,2630.0,253.25,0.5263157894736905
2035,272.0,273.9,0.2226,82,0.057534246575342465,-0.09808931686113065,2610.0,272.95,0.5263157894736905
277,208.3,210.2,0.2796,17,0.00821917808219178,-0.07536106578357445,2670.0,209.25,0.5263157894736905
2768,264.0,265.9,0.2086,10,0.08493150684931507,-0.09426522042272713,2620.0,264.95,0.5263157894736905
268,253.3,255.2,0.3433,2,0.00821917808219178,-0.09235864215214558,2625.0,254.25,0.5263157894736905
275,218.3,220.2,0.2934,58,0.00821917808219178,-0.07911341540212498,2660.0,219.25,0.5263157894736905
3695,273.8,275.7,0.1951,1,0.14246575342465753,-0.0961754406788465,2615.0,274.75,0.5263157894736905
278,203.3,205.2,0.2736,15,0.00821917808219178,-0.07349015784776276,2675.0,204.25,0.5263157894736905
2044,227.8,229.7,0.2026,30,0.057534246575342465,-0.08099488350183051,2655.0,228.75,0.5263157894736905
3521,160.8,162.7,0.1622,53,0.1232876712328767,-0.05130810232178815,2735.0,161.75,0.5263157894736905
467,84.7,86.6,0.1437,17,0.01643835616438356,-0.02960743158867024,2795.0,85.65,0.5263157894736866
609,120.7,122.6,0.1723,1,0.021917808219178082,-0.04220885846667405,2760.0,121.65,0.5263157894736866
87,82.9,84.8,0.0,66,0.0027397260273972603,-0.02960743158867024,2795.0,83.85,0.5263157894736866
608,125.5,127.4,0.1734,5,0.021917808219178082,-0.04402209559085485,2755.0,126.45,0.5263157894736826
73,152.9,154.8,0.0,2,0.0027397260273972603,-0.054971110080525236,2725.0,153.85000000000002,0.5263157894736826
72,157.9,159.8,0.0,3,0.0027397260273972603,-0.05680765788782678,2720.0,158.85000000000002,0.5263157894736826
1853,183.7,185.6,0.1836,7,0.0547945205479452,-0.06418776518544925,2700.0,184.64999999999998,0.5263157894736826
2040,247.4,249.3,0.2114,2,0.057534246575342465,-0.08855635620240704,2635.0,248.35000000000002,0.5263157894736826
76,137.9,139.8,0.0,4,0.0027397260273972603,-0.04948161779575385,2740.0,138.85000000000002,0.5263157894736826
2049,203.6,205.5,0.1938,148,0.057534246575342465,-0.07162274367296735,2680.0,204.55,0.5263157894736826
298,103.6,105.5,0.1867,316,0.00821917808219178,-0.0367887909973348,2775.0,104.55,0.5263157894736826
74,147.9,149.8,0.0,13,0.0027397260273972603,-0.0531379289988643,2730.0,148.85000000000002,0.5263157894736826
3520,165.2,167.1,0.1635,285,0.1232876712328767,-0.0531379289988643,2730.0,166.14999999999998,0.5263157894736826
1698,212.4,214.3,0.2049,12,0.04657534246575343,-0.07536106578357445,2670.0,213.35000000000002,0.5263157894736826
1699,207.5,209.4,0.2025,15,0.04657534246575343,-0.07349015784776276,2675.0,208.45,0.5263157894736826
1703,188.0,189.9,0.1932,15,0.04657534246575343,-0.06604133383477213,2695.0,188.95,0.5263157894736826
612,106.1,108.0,0.1625,4,0.021917808219178082,-0.0367887909973348,2775.0,107.05,0.5263157894736826
2193,151.7,153.6,0.1712,6,0.06027397260273973,-0.05130810232178815,2735.0,152.64999999999998,0.5263157894736826
77,132.9,134.8,0.0,6,0.0027397260273972603,-0.04765846323423877,2745.0,133.85000000000002,0.5263157894736826
91,63.0,64.9,0.1555,93,0.0027397260273972603,-0.022477276604078996,2815.0,63.95,0.5263157894736826
2041,242.5,244.4,0.2093,9,0.057534246575342465,-0.08666062103750792,2640.0,243.45,0.5263157894736826
1712,144.7,146.6,0.1729,80,0.04657534246575343,-0.04948161779575385,2740.0,145.64999999999998,0.5263157894736826
603,150.0,151.9,0.1862,3,0.021917808219178082,-0.0531379289988643,2730.0,150.95,0.5263157894736826
2052,189.1,191.0,0.1875,24,0.057534246575342465,-0.06604133383477213,2695.0,190.05,0.5263157894736826
304,74.0,75.9,0.1599,1476,0.00821917808219178,-0.026035999221073018,2805.0,74.95,0.5263157894736826
2369,191.0,192.9,0.1885,10,0.06575342465753424,-0.06604133383477213,2695.0,191.95,0.5263157894736826
2776,225.5,227.4,0.1945,9,0.08493150684931507,-0.07911341540212498,2660.0,226.45,0.5263157894736826
2782,196.9,198.8,0.1832,7,0.08493150684931507,-0.06789834458198497,2690.0,197.85000000000002,0.5263157894736826
3242,166.1,168.0,0.1668,83,0.10410958904109589,-0.054971110080525236,2725.0,167.05,0.5263157894736826
2772,244.7,246.6,0.2016,1,0.08493150684931507,-0.08666062103750792,2640.0,245.64999999999998,0.5263157894736826
1130,116.3,118.2,0.1697,121,0.024657534246575342,-0.04039890322143458,2765.0,117.25,0.5263157894736826
1126,126.0,127.9,0.1758,163,0.024657534246575342,-0.04402209559085485,2755.0,126.95,0.5263157894736826
3708,213.1,215.0,0.1763,190,0.14246575342465753,-0.07162274367296735,2680.0,214.05,0.5263157894736826
462,109.1,111.0,0.1583,52,0.01643835616438356,-0.038592217996485594,2770.0,110.05,0.5263157894736826
1369,151.0,152.9,0.1679,2,0.03561643835616438,-0.0531379289988643,2730.0,151.95,0.5263157894736826
3868,252.4,254.3,0.187,241,0.16164383561643836,-0.08666062103750792,2640.0,253.35000000000002,0.5263157894736826
2780,206.4,208.3,0.187,2,0.08493150684931507,-0.07162274367296735,2680.0,207.35000000000002,0.5263157894736826
1512,133.1,135.0,0.1641,3,0.0410958904109589,-0.045838626517252706,2750.0,134.05,0.5263157894736826
2514,121.8,123.7,0.1537,2,0.07397260273972603,-0.038592217996485594,2770.0,122.75,0.5263157894736826
3218,221.9,223.8,0.1869,9,0.10410958904109589,-0.07723548057792484,2665.0,222.85000000000002,0.5263157894736826
2773,239.9,241.8,0.1999,1,0.08493150684931507,-0.08476847288546992,2645.0,240.85000000000002,0.5263157894736826
3232,189.1,191.0,0.1752,91,0.10410958904109589,-0.06418776518544925,2700.0,190.05,0.5263157894736826
3226,203.2,205.1,0.1809,23,0.10410958904109589,-0.06975881023490467,2685.0,204.14999999999998,0.5263157894736826
3222,212.5,214.4,0.1838,41,0.10410958904109589,-0.07349015784776276,2675.0,213.45,0.5263157894736826
3220,217.2,219.1,0.1854,40,0.10410958904109589,-0.07536106578357445,2670.0,218.14999999999998,0.5263157894736826
469,75.0,76.9,0.1361,595,0.01643835616438356,-0.026035999221073018,2805.0,75.95,0.5263157894736826
465,94.3,96.2,0.1463,21,0.01643835616438356,-0.03319166481648533,2785.0,95.25,0.5263157894736826
1365,170.7,172.6,0.1802,3,0.03561643835616438,-0.06049090330412315,2710.0,171.64999999999998,0.5263157894736826
2774,235.1,237.0,0.1982,4,0.08493150684931507,-0.0828798981976018,2650.0,236.05,0.5263157894736826
3204,255.2,257.1,0.1985,2,0.10410958904109589,-0.09045569200605948,2630.0,256.15,0.5263157894736747
3698,259.7,261.6,0.1911,142,0.14246575342465753,-0.09045569200605948,2630.0,260.65,0.5263157894736747
1068,269.2,271.1,0.2406,105,0.024657534246575342,-0.09808931686113065,2610.0,270.15,0.5263157894736747
3697,264.4,266.3,0.1925,348,0.14246575342465753,-0.09235864215214558,2625.0,265.35,0.5263157894736747
1074,254.4,256.4,0.2536,93,0.024657534246575342,-0.09235864215214558,2625.0,255.39999999999998,0.5000000000000071
3518,174.2,176.2,0.1669,15,0.1232876712328767,-0.05680765788782678,2720.0,175.2,0.5
2046,218.0,220.0,0.1984,7,0.057534246575342465,-0.07723548057792484,2665.0,219.0,0.5
281,188.2,190.2,0.0,13,0.00821917808219178,-0.06789834458198497,2690.0,189.2,0.5
1072,259.3,261.3,0.2495,17,0.024657534246575342,-0.09426522042272713,2620.0,260.3,0.5
285,168.2,170.2,0.0,23,0.00821917808219178,-0.06049090330412315,2710.0,169.2,0.5
284,173.2,175.2,0.0,27,0.00821917808219178,-0.062337625897287814,2705.0,174.2,0.5
287,158.3,160.3,0.2309,67,0.00821917808219178,-0.05680765788782678,2720.0,159.3,0.5
286,163.3,165.3,0.2378,30,0.00821917808219178,-0.058647584809833946,2715.0,164.3,0.5
288,153.3,155.3,0.2233,29,0.00821917808219178,-0.054971110080525236,2725.0,154.3,0.5
2053,184.3,186.3,0.1861,6850,0.057534246575342465,-0.06418776518544925,2700.0,185.3,0.5
3696,269.0,271.0,0.1936,112,0.14246575342465753,-0.09426522042272713,2620.0,270.0,0.5
597,179.6,181.6,0.2017,4,0.021917808219178082,-0.06418776518544925,2700.0,180.6,0.5
1364,175.6,177.6,0.1836,10,0.03561643835616438,-0.062337625897287814,2705.0,176.6,0.5
269,248.2,250.2,0.2667,1,0.00821917808219178,-0.09045569200605948,2630.0,249.2,0.5
75,142.8,144.8,0.0,16,0.0027397260273972603,-0.05130810232178815,2735.0,143.8,0.5
3216,226.5,228.5,0.1881,36,0.10410958904109589,-0.07911341540212498,2660.0,227.5,0.5
3212,236.1,238.1,0.1921,49,0.10410958904109589,-0.0828798981976018,2650.0,237.1,0.5
79,122.9,124.9,0.2421,2,0.0027397260273972603,-0.04402209559085485,2755.0,123.9,0.5
3210,240.9,242.9,0.1941,7,0.10410958904109589,-0.08476847288546992,2645.0,241.9,0.5
3208,245.6,247.6,0.1953,20,0.10410958904109589,-0.08666062103750792,2640.0,246.6,0.5
85,92.8,94.8,0.0,25,0.0027397260273972603,-0.03319166481648533,2785.0,93.8,0.5
3206,250.3,252.3,0.1964,7,0.10410958904109589,-0.08855635620240704,2635.0,251.3,0.5
88,77.8,79.8,0.0,948,0.0027397260273972603,-0.027820121014574394,2800.0,78.8,0.5
89,72.9,74.9,0.1388,86,0.0027397260273972603,-0.026035999221073018,2805.0,73.9,0.5
1092,209.6,211.6,0.2233,131,0.024657534246575342,-0.07536106578357445,2670.0,210.6,0.5
3196,274.3,276.3,0.2046,3,0.10410958904109589,-0.09808931686113065,2610.0,275.3,0.5
92,58.0,60.0,0.1573,114,0.0027397260273972603,-0.020702653245710502,2820.0,59.0,0.5
94,48.1,50.1,0.1471,152,0.0027397260273972603,-0.017162826540586398,2830.0,49.1,0.5
2036,267.0,269.0,0.2199,2,0.057534246575342465,-0.0961754406788465,2615.0,268.0,0.5
466,89.4,91.4,0.1441,30,0.01643835616438356,-0.03139794236245844,2790.0,90.4,0.5
2038,257.1,259.1,0.2143,650,0.057534246575342465,-0.09235864215214558,2625.0,258.1,0.5
1362,185.4,187.4,0.1876,1,0.03561643835616438,-0.06604133383477213,2695.0,186.4,0.5
1363,180.4,182.4,0.1831,13,0.03561643835616438,-0.06418776518544925,2700.0,181.4,0.5
2037,262.0,264.0,0.2161,29,0.057534246575342465,-0.09426522042272713,2620.0,263.0,0.5
292,133.3,135.3,0.1957,93,0.00821917808219178,-0.04765846323423877,2745.0,134.3,0.5
293,128.4,130.4,0.2083,1844,0.00821917808219178,-0.045838626517252706,2750.0,129.4,0.5
449,173.5,175.5,0.196,1,0.01643835616438356,-0.062337625897287814,2705.0,174.5,0.5
438,228.3,230.3,0.0,9,0.01643835616438356,-0.0828798981976018,2650.0,229.3,0.5
1094,204.7,206.7,0.2234,504,0.024657534246575342,-0.07349015784776276,2675.0,205.7,0.5
604,145.0,147.0,0.1825,1,0.021917808219178082,-0.05130810232178815,2735.0,146.0,0.5
1707,168.6,170.6,0.1843,17,0.04657534246575343,-0.058647584809833946,2715.0,169.6,0.5
1070,264.3,266.3,0.2543,102,0.024657534246575342,-0.0961754406788465,2615.0,265.3,0.5
600,164.8,166.8,0.1962,1,0.021917808219178082,-0.058647584809833946,2715.0,165.8,0.5
598,174.7,176.7,0.202,1,0.021917808219178082,-0.062337625897287814,2705.0,175.7,0.5
3870,243.0,245.0,0.1838,4,0.16164383561643836,-0.0828798981976018,2650.0,244.0,0.5
1114,155.3,157.3,0.1939,328,0.024657534246575342,-0.054971110080525236,2725.0,156.3,0.5
1484,270.2,272.2,0.2316,13,0.0410958904109589,-0.09808931686113065,2610.0,271.2,0.5
1489,245.5,247.5,0.2216,30,0.0410958904109589,-0.08855635620240704,2635.0,246.5,0.5
1702,192.8,194.8,0.1954,22,0.04657534246575343,-0.06789834458198497,2690.0,193.8,0.5
1112,160.2,162.2,0.1963,89,0.024657534246575342,-0.05680765788782678,2720.0,161.2,0.5
300,93.6,95.6,0.1746,318,0.00821917808219178,-0.03319166481648533,2785.0,94.6,0.5
1697,217.2,219.2,0.2063,8,0.04657534246575343,-0.07723548057792484,2665.0,218.2,0.5
583,249.2,251.2,0.2322,3,0.021917808219178082,-0.09045569200605948,2630.0,250.2,0.5
590,214.4,216.4,0.2227,3,0.021917808219178082,-0.07723548057792484,2665.0,215.4,0.5
593,199.4,201.4,0.2078,2,0.021917808219178082,-0.07162274367296735,2680.0,200.4,0.5
1696,222.1,224.1,0.2085,526,0.04657534246575343,-0.07911341540212498,2660.0,223.1,0.5
1695,227.0,229.0,0.2106,2,0.04657534246575343,-0.08099488350183051,2655.0,228.0,0.5
1694,232.1,234.1,0.2168,17,0.04657534246575343,-0.0828798981976018,2650.0,233.1,0.5
605,140.0,142.0,0.1771,4,0.021917808219178082,-0.04948161779575385,2740.0,141.0,0.5
436,238.3,240.3,0.0,8,0.01643835616438356,-0.08666062103750792,2640.0,239.3,0.5
461,113.9,115.9,0.1582,14,0.01643835616438356,-0.04039890322143458,2765.0,114.9,0.5
457,133.7,135.7,0.1703,3,0.01643835616438356,-0.04765846323423877,2745.0,134.7,0.5
1086,224.5,226.5,0.2319,52,0.024657534246575342,-0.08099488350183051,2655.0,225.5,0.5
296,113.5,115.5,0.1977,183,0.00821917808219178,-0.04039890322143458,2765.0,114.5,0.5
3514,192.4,194.4,0.1732,79,0.1232876712328767,-0.06418776518544925,2700.0,193.4,0.5
459,123.8,125.8,0.165,19,0.01643835616438356,-0.04402209559085485,2755.0,124.8,0.5
458,128.8,130.8,0.1709,22,0.01643835616438356,-0.045838626517252706,2750.0,129.8,0.5
3516,183.3,185.3,0.1702,28,0.1232876712328767,-0.06049090330412315,2710.0,184.3,0.5
1082,234.5,236.5,0.2417,76,0.024657534246575342,-0.08476847288546992,2645.0,235.5,0.5
455,143.7,145.7,0.1817,10,0.01643835616438356,-0.05130810232178815,2735.0,144.7,0.5
1102,184.9,186.9,0.2121,263,0.024657534246575342,-0.06604133383477213,2695.0,185.9,0.5
1106,175.0,177.0,0.2055,67,0.024657534246575342,-0.062337625897287814,2705.0,176.0,0.5
1098,194.8,196.8,0.2181,50,0.024657534246575342,-0.06975881023490467,2685.0,195.8,0.5
3517,178.7,180.7,0.1684,29,0.1232876712328767,-0.058647584809833946,2715.0,179.7,0.5
1090,214.5,216.6,0.2253,51,0.024657534246575342,-0.07723548057792484,2665.0,215.55,0.4761904761904775
463,104.0,106.1,0.1521,1,0.01643835616438356,-0.0367887909973348,2775.0,105.05,0.4761904761904775
80,117.7,119.8,0.0,4,0.0027397260273972603,-0.04220885846667405,2760.0,118.75,0.4761904761904775
1110,165.0,167.1,0.1968,117,0.024657534246575342,-0.058647584809833946,2715.0,166.05,0.4761904761904775
84,97.7,99.8,0.0,43,0.0027397260273972603,-0.03498861049318696,2780.0,98.75,0.4761904761904775
297,108.4,110.5,0.1845,326,0.00821917808219178,-0.038592217996485594,2770.0,109.45,0.4761904761904775
82,107.7,109.8,0.0,54,0.0027397260273972603,-0.038592217996485594,2770.0,108.75,0.4761904761904775
1088,219.6,221.7,0.2357,96,0.024657534246575342,-0.07911341540212498,2660.0,220.64999999999998,0.4761904761904775
274,223.1,225.2,0.0,26,0.00821917808219178,-0.08099488350183051,2655.0,224.14999999999998,0.4761904761904775
2186,184.8,186.9,0.1852,2,0.06027397260273973,-0.06418776518544925,2700.0,185.85000000000002,0.4761904761904775
1080,239.3,241.4,0.2351,82,0.024657534246575342,-0.08666062103750792,2640.0,240.35000000000002,0.4761904761904775
594,194.5,196.6,0.214,1,0.021917808219178082,-0.06975881023490467,2685.0,195.55,0.4761904761904775
456,138.8,140.9,0.1855,1,0.01643835616438356,-0.04948161779575385,2740.0,139.85000000000002,0.4761904761904775
280,193.3,195.4,0.2936,14,0.00821917808219178,-0.06975881023490467,2685.0,194.35000000000002,0.4761904761904775
279,198.1,200.2,0.0,9,0.00821917808219178,-0.07162274367296735,2680.0,199.14999999999998,0.4761904761904775
1357,210.1,212.2,0.2023,1,0.03561643835616438,-0.07536106578357445,2670.0,211.14999999999998,0.4761904761904775
440,218.3,220.4,0.2099,8,0.01643835616438356,-0.07911341540212498,2660.0,219.35000000000002,0.4761904761904775
272,233.1,235.2,0.0,1,0.00821917808219178,-0.08476847288546992,2645.0,234.14999999999998,0.4761904761904775
446,188.5,190.6,0.2186,1,0.01643835616438356,-0.06789834458198497,2690.0,189.55,0.4761904761904775
1084,229.4,231.5,0.2333,388,0.024657534246575342,-0.0828798981976018,2650.0,230.45,0.4761904761904775
93,53.0,55.1,0.1533,1435,0.0027397260273972603,-0.018931173597328366,2825.0,54.05,0.4761904761904759
301,88.8,90.9,0.1814,177,0.00821917808219178,-0.03139794236245844,2790.0,89.85,0.4761904761904743
78,127.7,129.8,0.0,2,0.0027397260273972603,-0.045838626517252706,2750.0,128.75,0.4761904761904743
2043,232.7,234.8,0.2064,2062,0.057534246575342465,-0.0828798981976018,2650.0,233.75,0.47619047619047106
586,234.2,236.3,0.2256,1,0.021917808219178082,-0.08476847288546992,2645.0,235.25,0.47619047619047106
450,168.4,170.6,0.1906,3,0.01643835616438356,-0.06049090330412315,2710.0,169.5,0.4545454545454569
3504,238.7,240.9,0.1881,78,0.1232876712328767,-0.0828798981976018,2650.0,239.8,0.45454545454545103
2175,252.6,254.8,0.2125,16,0.06027397260273973,-0.09045569200605948,2630.0,253.7,0.45454545454545103
